GGWEWSDDEF	4.74	O95747	339
LSRQLSSGVS	4.54	P04792	82
YSRALSRQLS	4.54	P04792	78
EELDDSDFET	4.21	P35221	641
RNRTPSDVKE	4.17	O95626	17
KAEQGSEEEG	4.12	Q8NE71	228
PKRKVSSAEG	4.06	P05114	7
SQFQESDDAD	4.06	Q9H1E3	19
KEEPVSSGPE	4.05	O00567	569
EEPVSSGPEE	4.05	O00567	570
EDGDHSDKED	4.03	Q96AT1	50
EPTVYSDEEE	3.94	O00264	181
GQQDWSRDFC	3.92	Q9C0C2	1110
LHKSKSEEAH	3.86	Q8NC51	330
AVHEDSGDED	3.85	Q92769	394
DEYADSDEDQ	3.77	Q08945	444
RVDDDSLGEF	3.73	Q92785	142
ASLELSDDDT	3.72	P35580	1956
KKRKFSKEEP	3.71	O00567	563
EMYSGSDDDD	3.67	O60841	137
HFRRDSFDDR	3.67	P43243	188
FQRAQSLLST	3.6	O00231	14
EGRPPSPPPT	3.56	Q00613	363
KDEALSDGDD	3.56	Q01831	94
AIPEESGDED	3.55	Q13547	393
MSRQLSRARP	3.49	Q8NHP1	6
RPDPDSDEDE	3.45	Q96I25	155
EREAFYIKDP	3.44	Q9BWU0	312
ASRGGQSDDD	3.44	Q92538	1475
QHGYDSDEEV	3.43	Q8IWZ8	485
EEEENSDEDE	3.41	Q13188	316
RPEPLSPKES	3.4	Q9NZT2	378
ESEWHSENEE	3.4	Q99733	125
LNRCVSCLPG	3.39	Q9Y490	1201
DEKEASENET	3.39	Q8WXH0	6361
LPDAESDEDE	3.37	Q15019	218
GGGGGSPGPT	3.35	Q9NRL3	53
ENDPGSNEDT	3.34	O43396	113
REDYDSVEQD	3.25	Q9Y5S9	56
PKEEESPV__	3.23	P53985	498
FGRSQSLPGA	3.22	Q9Y4A5	2077
AQMLQSDPYS	3.19	P18206	97
ISQESSEEEQ	3.19	P17096	103
PQRRQSPSPS	3.18	Q8IYB3	713
QYRALSVLGC	3.16	Q5T4S7	3860
AVKRFSLDER	3.11	Q7LBC6	798
KVRMNSYPYL	3.11	Q9Y580	204
DTEPMSPVLN	3.03	Q12888	552
AASGDSDDDE	3.01	O00264	57
LLRAVPGGAG	3.01	Q96TC7	70
DLFDYSPPLH	3.0	Q9NYF8	512
VPFLASDNEE	2.97	O95714	2928
YLKSVSLQEP	2.97	Q6PJF5	90
RQLLDSDEEQ	2.97	Q9UNS1	1173
DATPPSPRTL	2.94	P28715	341
GAGNLPPITQ	2.94	Q86UB2	236
FAQVESDDEE	2.92	Q9NW82	638
DRHLPSPPTL	2.92	Q9Y4B6	1000
QRVFQTEAEL	2.91	Q92878	690
FDDNDSEELE	2.9	O60841	113
SESLESPRGE	2.87	Q92974	648
HQELASDGEI	2.85	Q02241	867
MPQDGSDDED	2.82	Q13895	98
DPEPVSDNEE	2.78	Q07157	125
DNEEDSYDEE	2.78	Q07157	131
EEDAESEDEE	2.72	P06748	125
LFRSQSADAP	2.71	Q9NSC5	159
NLLPMSPEEF	2.7	P42224	727
KREEGSDIED	2.7	Q8NHQ9	544
IAEGPSPTSE	2.67	P36507	23
EDERESTDDE	2.64	Q14669	1376
LDALNTDDEN	2.61	P55081	267
DEDRLSRRKS	2.61	Q14156	694
RKRKRSVQEG	2.61	P42696	14
KRRQISIRGI	2.59	P06737	15
NPHRESDGAS	2.59	O75688	376
WKGYDSEDDT	2.58	Q9Y232	88
PVESDTDDEG	2.57	Q96D46	470
AIPVESDTDD	2.57	Q96D46	468
RNRAQSYDIQ	2.53	Q8WWQ0	1315
LSRSQSMDID	2.52	O95155	105
IQRSFSSPEN	2.52	Q9Y580	136
KEEDESDDDN	2.52	P25788	250
KKYVISDEEE	2.51	Q8WVC0	658
SPIIHSPKRR	2.5	O94913	494
EETTRSPDEE	2.49	P46821	1881
RSNPKSPQKP	2.48	P15056	151
FRRQASLSQS	2.47	Q6PJF5	113
ELDEDTD___	2.46	Q9UBW7	1376
VVLTSSPEAT	2.46	Q8NCF5	338
ELEEEAEEEQ	2.46	Q9H2J4	33
QKFNDSEGDD	2.45	Q9NYF8	397
DDEENSEEDE	2.44	Q13043	320
SRLRRSLDDK	2.42	P17026	49
HSAEDSEDEK	2.42	Q9H1E3	79
VVRTLSSSAQ	2.42	Q9H788	315
LSRSNSDESN	2.41	O95999	138
NGQPGTPDPA	2.4	O75691	1741
SYRDRSPHRS	2.4	Q8IWS0	199
SSRRQSLELQ	2.4	Q9UIG0	1342
IIRQPSEEEI	2.39	Q15121	116
VQKANSPEKP	2.37	Q9UFC0	212
VLQAVTSQTS	2.36	Q9UBP6	268
LLRGPSWDPF	2.36	P04792	15
RSPSVSSPEP	2.35	Q9UQ35	1731
PEPERSPPNR	2.35	Q9NZ63	261
HRRSPSVSSP	2.35	Q9UQ35	1729
SPSVSSPEPA	2.35	Q9UQ35	1732
PRHRRSPSVS	2.35	Q9UQ35	1727
TRRTLSMDKG	2.32	P17858	775
EDEGDSEPEA	2.3	Q9UIG0	1468
KLGDVSPTQI	2.3	P46821	1501
LVRAHSEKDQ	2.29	Q14676	485
KAHRLSAEER	2.29	P61457	9
FGYKGSCFHR	2.29	P62937	51
IVKSMSVDET	2.28	Q53SF7	326
HKRRTSTPVI	2.28	Q8NFC6	659
PSVASSPNGK	2.28	Q99575	730
EKTTRTPEEG	2.27	P46821	1949
DLDGHSDPEE	2.26	Q86VR2	320
KKETESEAED	2.26	Q8IYB3	874
KEKSKSPSPP	2.26	Q9UKV3	386
KSKSPSPPRL	2.26	Q9UKV3	388
EKGSFSDTGL	2.25	Q9Y2W1	379
AVRKMSVMGR	2.24	Q7Z3K3	746
NHQIESPSER	2.23	Q9UPQ0	973
QKTCDSD___	2.23	Q8WUD4	165
SESDETPPAA	2.21	O60832	458
IPEMPSPKKM	2.2	P26358	714
RTHPYSPKSE	2.19	P22415	186
DRRGRSPQPP	2.19	Q9BUJ2	194
QECPPSPEPT	2.18	P62070	186
VKRSLSEQPV	2.18	P18615	51
GKLKISPEQH	2.17	P45985	90
ARRGATVEAK	2.17	Q14676	242
KRKKSTPKEE	2.17	O00567	538
RDKSDSDTEG	2.16	Q9H4G0	650
RPRRHTVGGG	2.16	Q9BWN1	363
LDRDKSDSDT	2.16	Q9H4G0	648
YQRQASPETS	2.13	Q14789	3010
IIRLKSLNAN	2.13	Q92845	60
LRRNYSREQH	2.13	O00273	28
KAQAVSEEEE	2.12	Q9GZR7	82
TKAAESPDQK	2.12	P53985	483
LHRIETDEEE	2.12	Q96T23	1305
FDDGGSDEED	2.12	Q5H9R7	617
EVVGGSDGEG	2.11	Q8NHZ8	42
KGRTWTLCGT	2.1	P17612	198
HDEMKSPREP	2.1	Q9Y2W1	698
QKETESAPGS	2.1	Q6PKG0	517
VNRSVSDQFY	2.1	P55010	10
KGRTWTLCGT	2.1	P22612	198
KGRTWTLCGT	2.1	P22694	198
LRRSSSAPLI	2.09	Q7Z309	25
LRRSQSYIPT	2.09	Q9HB19	184
LRRGFSDSGG	2.08	Q9H307	66
FVNDDTDDDL	2.08	Q6PD62	925
KRSRNTDEMV	2.08	P61978	39
EEGATSDGEK	2.08	Q02952	598
APAAPSPPPR	2.06	Q4KMP7	22
VDRQASTVEY	2.06	Q8ND04	742
GISQESSEEE	2.05	P17096	102
LFRGWSQEGP	2.04	Q9C0C2	221
SAGGSSPEGG	2.04	Q9H6Z4	101
MSKSKSDNQI	2.04	Q69YQ0	171
EGGEDSDRED	2.04	Q9H6Z4	108
EEKGDSDDEK	2.02	Q9UKV3	216
PDGASSDAEP	2.02	Q9NTJ3	28
TDRPGSPA__	2.01	A6NKF1	402
IEPKNSPEDL	2.0	Q12888	500
TIRPASPVAG	2.0	Q13057	178
IHDSKSPGAS	1.99	Q00653	222
DSKSSSPELV	1.98	Q07960	51
ITASGSLKAL	1.98	Q9BZQ8	708
GGDAKSPVLQ	1.96	A6NFI3	112
AGGRLSPENN	1.96	Q16514	51
PGQPSSPQRL	1.94	O95400	195
IEDVGSDEED	1.94	P08238	255
GGDEESGEHT	1.94	Q02952	544
GKRRNSCNVG	1.93	Q7L2J0	152
QTCFSSPADD	1.93	Q9NZL4	351
IPSRRSPAKT	1.92	Q9NYF8	300
GETRFTDTRK	1.91	P13639	57
QQRAESPESS	1.91	Q9NTI5	1358
IKTLGTPTQP	1.91	Q8NFH5	273
STGDTSPCGT	1.9	Q6ICG6	267
AGGGISEEEA	1.9	Q9UBE0	12
KSRPVSMDAR	1.88	O94804	417
DRRSKSIEER	1.88	Q15032	282
EADIDSSDES	1.87	Q9P2I0	419
GGIPASPIDP	1.87	Q96LD4	588
RKVMDSDEDD	1.87	O14737	119
PGDGDSDTTK	1.87	O60832	494
ADIDSSDESD	1.87	Q9P2I0	420
DSSDESDIEE	1.87	Q9P2I0	423
KKGDDSDEED	1.86	Q9Y3M8	133
DQDDPSSSDD	1.86	Q5JSH3	470
DDPSSSDDEG	1.86	Q5JSH3	472
QDDPSSSDDE	1.86	Q5JSH3	471
VKRSASPDDD	1.85	O00193	17
PQRRHSIEKE	1.85	Q08AE8	523
LCRANSRDGE	1.85	Q92974	782
EETSWSGEER	1.84	Q9H7N4	965
PINRWSPTRR	1.83	Q13523	437
RSKDASPINR	1.83	Q13523	431
SCSGSSPPRV	1.83	Q9UQ35	895
SDLRKSPVFS	1.81	O00566	163
DSDVDSELED	1.81	Q92614	1974
KLEGDSDVDS	1.81	Q92614	1970
PGEQGSDEEH	1.8	Q9UNS1	1121
EREDSSEEEE	1.8	P55081	133
MEREDSSEEE	1.8	P55081	132
IRDHESL___	1.8	P51858	239
PRRAGSQERG	1.79	P49750	1119
KKETQSPEQV	1.79	Q9NYF8	496
RLDIDSPPIT	1.78	P14618	37
LSVPTSDEED	1.77	Q8NE71	109
LCRYFSNERI	1.77	Q6P9H4	466
KLDWESFKEE	1.77	Q9UEE9	250
ARVLGSEGEE	1.77	P18858	66
IYRTISDGTI	1.76	Q5T0N5	295
EELMSSDLEE	1.76	O00567	520
IEKGGSLPKV	1.76	P06748	260
KARSVSPPPK	1.75	Q13247	316
ELEPSSPKSK	1.75	Q8IWS0	155
PSKARSVSPP	1.75	Q13247	314
LFRFASENDL	1.75	P43487	60
LSRSSSDNNT	1.75	Q9ULT8	1571
DLCLVSPCEF	1.74	Q66K74	741
RQALDSEEEE	1.74	Q8NC44	385
ARRSASPHDV	1.74	Q66K74	731
EEGEETEPDC	1.74	P38432	122
TERSKSCDDG	1.74	Q9P227	623
TDEAYSPPPA	1.74	Q9H7N4	239
DGDGPRPREA	1.74	Q15527	145
PTEAPSPEAR	1.72	Q14151	343
NNMDKSDSEL	1.72	Q53TN4	260
PPGSGSPAPP	1.72	Q9UKJ3	740
LHRTYSAPAI	1.71	Q9H4L5	251
PSRTASFSES	1.71	P53396	455
VHGPKTPCEE	1.71	Q14315	2677
DLCRASPEPP	1.71	Q9C0C2	672
MPRAQSYPDN	1.7	Q9Y2U5	239
PSRSASPSPR	1.7	Q8IYB3	530
RRRRHSPSRS	1.7	Q8IYB3	524
SPSPTSPGSL	1.7	O15075	337
HSPSRSASPS	1.7	Q8IYB3	528
RRHSPSRSAS	1.7	Q8IYB3	526
KRSVVSFDKV	1.7	Q15424	604
GTRRLSELRV	1.7	Q14151	31
RRPGASPTGE	1.69	P04920	113
MIKGKTPEEI	1.69	P63208	131
EEAPASPLRP	1.69	P85037	213
EAEEESDHN_	1.68	Q04637	1596
SSKAKSPISS	1.68	Q15648	1223
RRHRPSPPAT	1.68	Q8IYB3	402
HTGPNSPDTA	1.68	P31943	104
RRTLDSDEER	1.68	Q9BW71	530
_MHRDSCPLD	1.68	P84103	5
NTDNSSPSTE	1.68	Q96H79	257
ESGDESDEFL	1.68	O60841	190
PKLPQTSDDE	1.67	Q9GZT3	101
HNKSATYSVG	1.67	Q8IUC4	606
GLRRLSGNEY	1.67	O60658	457
LLDFGSLSNL	1.67	P08708	113
HAGGGSQENL	1.66	Q92997	125
ASSRVSGSFP	1.66	O15400	129
SSTASTPVAE	1.66	Q16643	346
DGLVETPTGY	1.66	P55209	62
LGTQRSQEAD	1.66	Q9C0C2	836
KDSLITPHVS	1.65	P49792	2450
EPQEESPLKS	1.65	Q9NYF8	177
MKSQPSETER	1.65	P26006	1042
PRRAETFGGF	1.65	Q12802	2467
KANVSSPHRE	1.64	Q92530	153
PSRSKTPPPP	1.63	P25054	1438
GKSLSSPTDN	1.63	Q9Y2X7	362
ETNLDSLPLV	1.63	P08670	430
SEFLESEDGE	1.62	Q15022	546
KSPVFSDEDS	1.62	O00566	167
FSDEDSDLDF	1.62	O00566	171
CAAGTSPVGE	1.62	P18583	1556
LPKGLSASLP	1.62	Q6PKG0	546
FRGSQSPKRY	1.62	Q9Y2W1	408
GKRSNSIKRN	1.61	Q9HAU0	161
RAWGKSPTDS	1.6	Q96PY6	806
EMEKGSPSLR	1.6	Q9P2M4	688
NLTSSSLNDI	1.59	Q9Y6R1	257
EEKSTTPPPA	1.58	Q9UN86	227
PSRSVSVDES	1.58	Q96BY7	497
DKEGMSPAKR	1.58	Q13523	93
PPFGDSDDSV	1.58	Q14676	495
GDSDDSVEAD	1.58	Q14676	498
GSGTASDDEF	1.57	Q7Z6Z7	1907
KRDKKSPLIE	1.57	O14974	299
LFRSESLESP	1.56	Q92974	645
KRKRETDDEG	1.56	Q92688	244
GSARGSPTRP	1.56	Q14195	522
NDITPYLVSR	1.56	Q13523	849
EVDEDSEPER	1.56	Q53GS9	82
PKRSLTVSDD	1.56	Q8NFC6	2956
EEEEWTDDDL	1.56	P51946	315
EADAPSPAPS	1.56	Q12873	1601
FQRSISADDD	1.55	P18615	115
DRFRRSETPP	1.55	Q13427	356
KKRAPSPLPK	1.55	Q9BSL1	98
ILCKLSLEGD	1.55	P07355	12
LRRNDSIYEA	1.55	Q96EY5	202
FRRSETPPHW	1.55	Q13427	358
PEPAKSAPAP	1.55	P06899	7
GKSRLSPAGE	1.54	Q9BXK5	444
HSIQHSPERS	1.53	Q9NYF8	268
ETLSQSPQGR	1.53	Q15365	173
SPERSSDSES	1.53	Q9BQ52	213
KQERLSPEVA	1.53	Q8TAD8	35
SSAGDSDGER	1.52	Q9BRA0	29
CSRRQSSSSA	1.52	Q9BRA0	22
TKKQFSLENV	1.52	O75113	300
ILGSASPEEE	1.51	Q7Z422	107
KRILGSASPE	1.51	Q7Z422	105
KTEEDGPANT	1.51	Q8TBC5	208
SPSNETPKKK	1.51	P29966	150
EPAAPSPEPR	1.51	O94819	107
PDPAKSAPAP	1.5	Q5QNW6	7
YGLQDSDEEE	1.5	P52948	888
FPEELSPPSH	1.49	Q14980	169
REKPDSDDDL	1.49	Q86V48	659
QVQASTPCPR	1.49	Q14137	106
GSRQASPTEV	1.49	Q8TB72	182
EMRDQSPKGR	1.48	Q6NYC8	133
EKKAYSFCGT	1.48	P51812	227
PVEDSSDEDD	1.48	Q8TCJ2	499
REVKLSPEGQ	1.48	Q9C035	86
IDDRDSDEEG	1.48	Q8TDD1	782
PPVEDSSDED	1.48	Q8TCJ2	498
RDIEISTEEE	1.46	Q4G0J3	337
PGRAESKESV	1.46	Q66K74	472
KAIPVSPSAV	1.46	Q07157	1617
EVSSPSPPQR	1.46	Q9Y6M1	164
PVTSNSDEEC	1.46	P46100	677
TNPVTSNSDE	1.46	P46100	675
DIEISTEEEK	1.46	Q4G0J3	338
ETNPVTSNSD	1.46	P46100	674
GAGDGSDEEV	1.46	P35579	1943
RNRRLTVNEA	1.46	Q15149	2886
DEGQLSPATR	1.45	Q15149	720
YGGVDSDKDS	1.45	P55285	786
TEKRESPSPA	1.44	Q8IYB3	450
EELEHSQDTD	1.44	Q9UKM9	295
LRKQITMEEL	1.44	Q15149	4030
HERPPSPGLR	1.44	Q86UU1	324
ERSSDSESNE	1.43	Q9BQ52	215
FGKRDSLGTY	1.43	Q9C0C2	872
KYLEESDEDD	1.43	P11388	1525
SCFESSPDPE	1.42	Q9UQ35	876
EESEESEAEP	1.42	Q9BW71	199
PAQLGTQRSQ	1.42	Q9C0C2	833
REERLSPRET	1.42	Q6NYC8	145
EGRRASHTLL	1.42	Q9UKV3	561
KLPQTSDDEK	1.42	Q9GZT3	102
LKRVPSPTPA	1.42	Q9UQ35	2581
EHSQDTDADD	1.41	Q9UKM9	298
PKEVMSPTGS	1.41	O43347	191
SSAKTSPAKQ	1.41	Q16555	522
GTDEDSQDSS	1.41	Q92993	199
SLSESSEDEK	1.41	Q9Y388	149
PSLSESSEDE	1.41	Q9Y388	148
EDSQDSSDGI	1.41	Q92993	202
QVTIGTR___	1.4	P63244	316
ARSQSSDTEQ	1.4	P23588	498
LLEDDSDEEE	1.4	O75379	30
QAHDLSPAAE	1.39	O95425	221
RSGARSRSPL	1.39	P24752	14
LTVPTSPKGR	1.39	Q53EL6	94
GARSRSPLLR	1.39	P24752	16
GRRSRSPRPS	1.39	Q9NXE8	295
ITPVSTLERD	1.38	Q99569	1017
QHKPLTPQGD	1.37	Q8NFA0	1326
PKRSLRKADT	1.37	P46013	1760
VEEEGSPGDP	1.37	Q9NZT2	315
QHKPLTPQGD	1.37	P35125	1124
IRRTNSSEQE	1.37	Q9Y2I8	30
AEDVDTPPRK	1.37	Q15910	487
NVRMDSFDED	1.36	Q9Y2W1	575
SRINSSGESG	1.36	O60841	183
AEVSKSDIGE	1.36	P38646	378
QQPSGSEGED	1.35	Q9NXG2	88
CKVQISPDSG	1.35	Q92945	181
KDQQPSGSEG	1.35	Q9NXG2	86
PSPSESPEPW	1.35	Q96JM3	286
RKPSPSESPE	1.35	Q96JM3	284
VKRSRSGEGE	1.35	Q13263	473
HQRRTSNERP	1.35	Q8TAD8	153
KTPKDSPGIP	1.35	P51812	369
DVRRNSVERP	1.35	Q9BTC0	1456
HSRSRSPQAF	1.34	Q7Z6E9	772
RYHSRSRSPQ	1.34	Q7Z6E9	770
YRRYHSRSRS	1.34	Q7Z6E9	768
QELAGAPEPQ	1.34	Q9Y5B0	422
MSKSESPKEP	1.34	P09651	6
PALSHSEGEE	1.34	P55201	462
RLPALSHSEG	1.34	P55201	460
VLRSCSIDRS	1.33	P53667	298
ATAPPSPLKR	1.33	Q92766	161
LDDEDSD___	1.33	Q92882	213
___MVSRVQL	1.33	P56182	3
SHDRDSPPPP	1.33	Q69YN4	138
DEEPESPPEK	1.32	Q9H1E3	214
VMLGETNPAD	1.32	P22392	94
NQAWSSLGKR	1.32	Q13813	1323
KTHHCSEEKE	1.32	Q8WUA2	393
ELRNRTPSDV	1.32	O95626	15
VMLGETNPAD	1.32	P15531	94
YFAPVTPPPS	1.32	Q96IG2	417
KRRRDSDGVD	1.32	Q96KR1	1054
NERWRSLQQL	1.32	Q13813	1217
GEGVLTLRAK	1.32	Q12929	317
LNSPDSPPRS	1.31	P11831	224
RPRNRSAEEG	1.31	Q9C0C2	1666
KRKRESESES	1.31	O60832	451
ESESESDETP	1.31	O60832	455
MASAVSPANL	1.31	P51610	6
___MASAVSP	1.31	P51610	3
IAKRRSPPAD	1.31	P18754	11
KRESESESDE	1.31	O60832	453
EKIMATPEQV	1.3	P12956	455
RQRSPSPAPA	1.3	Q9H7N4	500
PQTSSSPPPV	1.3	Q8IYB3	696
HTGPNSPDTA	1.3	P55795	104
KRRPPSPEPS	1.3	Q01082	2102
TPPSAYGSVK	1.3	P07355	24
ERRPDSPTRP	1.3	Q7RTP6	1649
WKWRLSPGET	1.29	Q6NYC8	195
SQASPSEDEE	1.29	Q13829	280
KKILATPPQE	1.29	P29401	287
EEPAPSN___	1.28	Q8N163	922
AQERRSPTVE	1.28	Q9BY89	1224
IPRPRSPNMQ	1.28	Q6T310	217
TESLHSQGEE	1.28	Q12888	1219
GDDTESLHSQ	1.28	Q12888	1216
PSRTRSPDVI	1.28	Q6P2E9	729
DILLDSPERK	1.28	Q6KC79	318
GPNIESGNED	1.28	O60841	214
FRRQQSKSNN	1.28	Q9UK61	903
GTRRLSDLRV	1.27	Q15424	32
FSRSISLTRP	1.27	Q9HB19	314
TKGSKSPAKV	1.27	Q7Z6Z7	3555
LCRQLSESES	1.27	Q16204	323
LPRRESPSEE	1.27	Q6PJG2	923
WPPPDSPVRV	1.26	Q63ZY3	323
FEKHSTL___	1.26	O95336	257
VTKQPTPPSE	1.26	Q86UP2	153
GRLVDSKAKT	1.26	O14733	271
AARPHSIDGR	1.25	P22626	85
LKRDRSFSEH	1.25	Q8WWL2	440
SSRRGSDASD	1.25	Q03001	7510
LERLVSSESK	1.25	O76024	235
AQSPGSPLHA	1.25	Q13796	1039
LQDSDTEDEC	1.24	Q9H6H4	196
EDECWSDTEA	1.24	Q9H6H4	202
QDRKLSTKEA	1.24	P08183	683
QFSTASDHEQ	1.24	Q66K14	1241
LGRRDSSDDW	1.24	P15056	446
GGLQDSDTED	1.24	Q9H6H4	194
PNRIPSLRML	1.24	Q9P227	647
SPSDNSGAEE	1.24	P31749	129
IMKFKSLDDV	1.24	P00352	413
PEEAESSEDE	1.24	Q96NA2	314
EEAESSEDEA	1.24	Q96NA2	315
RERRSTVLGL	1.23	Q9P206	162
PAGPGTPPPD	1.23	Q9P2K8	667
TAEKKSPSEA	1.23	P46821	2072
HRRSYSGSRS	1.23	Q13247	192
TSHRRSYSGS	1.23	Q13247	190
KNKRDSTEIT	1.22	Q8IYU2	385
LPNLSSPSAE	1.22	O60784	462
KKRVKTPYSL	1.22	Q13873	977
DARVHTPSGA	1.22	Q14315	2446
ARGKRSLTRS	1.22	Q9UQ35	2067
RRLPRSPSPY	1.21	Q14004	358
NEEISSDSES	1.21	O43818	51
EISSDSESES	1.21	O43818	53
EKQRKTEELE	1.21	Q9Y2W1	487
KGRVASFSIP	1.21	Q14573	1832
LSRSNSLPHP	1.21	Q09019	495
SRRDRSPIRG	1.21	Q9HCD5	29
MNEEISSDSE	1.21	O43818	50
SRATRSAEAL	1.21	Q9P227	361
QVDLQSDGAA	1.21	P33991	131
RHSSISPVRL	1.21	Q9NYV4	385
ADQKMSSPED	1.2	Q15424	383
LKKQPSHMEA	1.2	O43572	96
LAGRDSPIRA	1.2	P86791	266
DQKMSSPEDD	1.2	Q15424	384
LAGRDSPIRA	1.2	P86790	266
FERRTSLGEV	1.2	Q9ULJ8	840
KAAVLSDSED	1.19	Q96ST2	398
AVLSDSEDEE	1.19	Q96ST2	400
PSPAPSLGER	1.19	Q12873	1605
PSGQRSRSPL	1.19	Q6ZUS6	311
SNYRRSPERP	1.19	Q5T200	77
AKGRLSGDEG	1.19	P35680	75
SGDEGSEDGD	1.19	P35680	80
GQRSRSPLLK	1.19	Q6ZUS6	313
LSDHVSLDGQ	1.18	Q7L8J4	362
LGTWKSPPGQ	1.18	P15121	23
PLSPPSPRTK	1.18	Q8NCF5	204
YGRGLSEGRT	1.18	O75369	2013
DMRQISDGER	1.18	O95816	73
SSRRGSDASD	1.18	Q9UPN3	7330
RERDHSPTPS	1.18	Q6UN15	492
NRENFSPERF	1.18	Q7Z6E9	861
KTRRLSPSAS	1.17	Q8IYB3	389
LSPSASPPRR	1.17	Q8IYB3	393
PEKQDSPPPK	1.17	Q05209	332
KKKVLSPTAA	1.17	Q96QC0	313
ASEPGTPPLP	1.17	Q9BXP5	544
YRLVGSQEEL	1.17	Q13200	147
___MESGAYG	1.17	O43760	3
EAGDSSQDEA	1.16	Q9NVU0	162
SDSERSPDLG	1.16	Q6VY07	534
EGDGDTD___	1.16	Q9Y606	426
KDDSHSAEDS	1.16	Q9H1E3	75
EVKAASPGRC	1.16	Q5T8P6	795
NEAGDSSQDE	1.16	Q9NVU0	161
LPEGRSPGPP	1.16	Q8IU81	66
SNRAVTPSSE	1.16	Q99700	741
STDEYSEADE	1.15	Q96T23	1282
TAQVPSPPRG	1.15	Q9UKV3	1004
RKRGRSTDEY	1.15	Q96T23	1277
KRGRSTDEYS	1.15	Q96T23	1278
QRGSLSPVTK	1.14	Q9Y3R0	847
KLRPRSIEVE	1.14	Q96B97	230
ESVSSSPNKE	1.14	Q9H2U2	317
EEESESEAEE	1.14	Q7L1Q6	413
NAEEESESEA	1.14	Q7L1Q6	411
DDGRHSPPMV	1.14	Q14558	215
GQRSKSLADI	1.14	Q08AD1	844
EPSSQSPGRS	1.14	Q8IUD2	17
LGMGDSTSQS	1.14	Q9NR19	263
YADSDSGDDS	1.14	O43896	676
LSRVDSTTCL	1.14	Q06210	261
KTKFASDDEH	1.14	P05455	366
RLYADSDSGD	1.14	O43896	674
GSGARTPPLS	1.13	Q9Y3Q8	229
SVRIPSPNIL	1.13	Q5VUA4	2101
PPRRFSPPRR	1.13	Q15287	251
SSKLKSPSQK	1.13	Q96T37	765
GQSQTSPDHR	1.12	Q9UQ35	1064
QSHSESPSLQ	1.12	Q9UQ35	1083
RSDTSSPEVR	1.12	Q9UQ35	1073
LTRASSAGPE	1.12	A4D1P6	382
HRSDTSSPEV	1.12	Q9UQ35	1072
SPDHRSDTSS	1.12	Q9UQ35	1069
QAAAVSPKFV	1.12	Q9Y6D5	227
QSKPQSPVIQ	1.12	Q9Y6D5	218
__MNRSHRHG	1.12	Q9BYG5	4
RLTPVSPESS	1.12	Q13501	272
RAAPTTPPPP	1.12	Q9NZQ3	181
DFRSGSPSDN	1.12	P31749	124
RQIDSSEEDD	1.12	O14646	216
KRQIDSSEED	1.12	O14646	215
RGRSRSRTPA	1.11	Q9UQ35	575
ATRGRSRSRT	1.11	Q9UQ35	573
ERLPNSIASR	1.11	Q9ULT0	182
PRLQDSSSEE	1.11	Q76FK4	1082
LQDSSSEEED	1.11	Q76FK4	1084
KYSGSTP___	1.11	P28074	262
KRKRSSSEDA	1.11	Q4G0J3	299
VSRSSTPRES	1.11	P49792	2458
GKRKRSSSED	1.11	Q4G0J3	298
RLQDSSSEEE	1.11	Q76FK4	1083
RERKNSITEI	1.11	Q86UU1	578
QSRDLSLEVD	1.11	O95071	2241
SEMDHSENED	1.11	Q9NTI5	1182
EEGLLTHSEE	1.1	Q9UKM9	286
GLLTHSEEEL	1.1	Q9UKM9	288
QQLLASPGSS	1.1	Q9C0E2	521
GMGSGSAGKE	1.1	Q86YS7	323
PKSDISPLTP	1.1	P46821	1785
SNRARSMDSS	1.1	Q9Y2X7	410
LTRIPSAKKY	1.1	Q15121	104
KDVTLSPVKA	1.1	Q8NFC6	1531
AIRQRSLGPS	1.1	Q9H3N1	270
QRLKETRISF	1.09	Q8WYP5	1229
RARHDTPDPS	1.09	Q9BRD0	159
YARKDSSSVV	1.09	Q8TC07	70
STDQGSDEEG	1.09	Q12789	1068
MQKTYSMICL	1.09	Q8IUC4	616
DTPDPSPLRG	1.09	Q9BRD0	163
MADELSEKQV	1.09	Q03135	37
EIYRYSRSLE	1.09	Q14160	35
KKRSSSLDAL	1.09	Q8N1W1	478
ALDADSEGEG	1.09	Q8N1W1	486
KSYKYSPKTP	1.09	P49792	796
GSLGPRNARS	1.08	Q9Y4K1	329
EANRHSPGPE	1.08	Q9UDT6	923
SRSPGSPVGE	1.08	P35611	358
DRRAQSRSRE	1.08	Q13427	544
AAKPGSPQAK	1.08	P35658	678
RLRNKSNEDQ	1.08	P02545	458
_MRKETPPPL	1.08	Q9BQA1	5
PPEPGSPAPG	1.07	P0C1Z6	180
ERQFSTASDH	1.07	Q66K14	1239
NPEDRSPSPE	1.07	Q15637	80
EDRSPSPEPI	1.07	Q15637	82
TEIAVSPRSL	1.07	Q06587	38
AGRRSSYLLA	1.07	Q9P227	611
VERQFSTASD	1.07	Q66K14	1238
SDINGKGSTG	1.07	Q9HCJ0	568
GASGMSPRAS	1.07	Q8NDT2	109
IMKSKSNPDF	1.07	Q6WCQ1	993
PRRSKSDGEA	1.06	P26358	143
HGGYDSDFSD	1.06	Q70Z53	9
RTRSRSPLGF	1.06	Q8IXT5	280
GVKRISGLIY	1.06	P62805	48
YDSDFSDDER	1.06	Q70Z53	12
LMRYHSVSTE	1.06	Q86TI0	627
AVSELSPRER	1.06	Q9Y2W1	243
DVRVQFNHET	1.06	Q96AX9	309
QHYLSSEDEP	1.05	Q8NFC6	2780
ARKSKSPTLR	1.05	Q13523	241
EDEALSPAKG	1.05	P18858	76
ESQQKSPGKR	1.05	Q9UPN3	1367
MSSQGSDDEQ	1.05	Q9P0V9	28
AEDKRSQEET	1.05	O15240	420
TWSRSSLPRQ	1.05	Q15678	328
KQHYLSSEDE	1.05	Q8NFC6	2779
PPRKKSPNEL	1.05	Q9UNZ2	114
LKKSTSWHTA	1.05	O75962	2631
FQRSYSVVAS	1.04	O75592	3478
DDESDSDAEE	1.04	Q13769	314
EHFDDTVVCL	1.04	Q00839	286
THRNLTSSSL	1.04	Q9Y6R1	254
IMEEESEQ__	1.04	P54578	492
MHEFHSQENL	1.04	Q9Y3M8	389
GIFLGSESDE	1.04	Q9BYW2	321
FLGSESDEDS	1.04	Q9BYW2	323
SQDDESDSDA	1.04	Q13769	312
GQRSLTPPPS	1.04	Q9UGU0	1671
SPQPSSPRQV	1.03	O75909	329
KFSDDSDDDF	1.03	O15164	1028
RRRGDSESEE	1.03	Q9NZ63	15
RRASPSPPPK	1.03	Q8IYB3	628
PKRRASPSPP	1.03	Q8IYB3	626
ADRDQSPFSK	1.03	Q13427	687
RGDSESEEDE	1.03	Q9NZ63	17
EDNKFSDDSD	1.03	O15164	1025
MKRTVSDNSL	1.03	Q96RU3	296
QDRVHSPCPT	1.02	Q96LT9	108
RPRSDSLILD	1.02	Q12756	1370
ETERLTDDY_	1.02	P26006	1048
KLRCDSADLR	1.02	Q9NYF8	690
TEQSNSPPPI	1.02	Q15678	314
TKRPHTPTPG	1.02	P62995	201
KPSSFSDSER	1.02	Q8NC56	499
NNMTASMFDL	1.02	Q6WKZ4	156
DQFNGSPPRP	1.02	Q69YN4	173
PKRRVSHSPP	1.02	Q8IYB3	636
RRVSHSPPPK	1.02	Q8IYB3	638
FERATSFEES	1.01	Q52LW3	949
RKRVDSDSDS	1.01	Q6KC79	2509
YRREGSYDRY	1.01	Q9HCD5	126
CMLTGTPESV	1.01	Q96AE4	153
KRKLATPPAA	1.01	Q9Y4B4	1260
RVDSDSDSDS	1.01	Q6KC79	2511
LLAEDSEEEV	1.01	Q14676	168
DSDSDSDSED	1.01	Q6KC79	2513
SRISVSRSTS	1.0	P05783	49
DQRKTSPASL	1.0	Q96JM3	459
SELSSSPPGP	1.0	Q9Y478	182
PRRQLSAPHI	1.0	A6ND36	650
ELPNRSPGFG	1.0	Q6NWY9	832
GLQMKSPEKK	1.0	Q9BRQ0	40
TPKGGTPAGS	0.99	Q14195	514
RHASSSPESP	0.99	Q9UQ35	437
KRRTASPPPP	0.99	Q8IYB3	616
SLRRDSPPPP	0.99	O96013	104
SRHASSSPES	0.99	Q9UQ35	436
DPRRPSRSPP	0.99	O15085	1411
GSPATSPHLG	0.99	Q13671	337
LLRVISGVLQ	0.99	P35579	344
PPKRRTASPP	0.99	Q8IYB3	614
RRPSRSPPSL	0.99	O15085	1413
VSRHASSSPE	0.99	Q9UQ35	435
STGEESGSEH	0.99	Q14684	458
GTPAGSARGS	0.99	Q14195	518
SSSPESPKPA	0.99	Q9UQ35	440
HSRTVSDSIK	0.98	Q9Y490	1641
RLKKLSVPTS	0.98	Q8NE71	105
LSKRNSTDSR	0.98	Q8TBZ3	357
RASAPSPNAQ	0.98	Q14258	100
QDEDESESED	0.98	Q6P5R6	118
LRRPLSPETR	0.97	Q9P227	1393
PERRGSPVPP	0.97	Q6ZRV2	914
QARANSFVGT	0.97	O15530	241
RKRSSSEDAE	0.97	Q4G0J3	300
RRRHNSWSSS	0.97	Q96F86	161
HTRSGSEEAV	0.97	Q92508	1621
RPVPDSPVSV	0.96	Q9BXS9	752
ETPKSSPLPA	0.96	Q7L2J0	217
SLSSRSPKSQ	0.96	Q6VN20	355
RSCFESSPDP	0.96	Q9UQ35	875
PPRPDSPATT	0.96	P32519	187
TLNAETPKSS	0.96	Q7L2J0	213
LTRSASMKLP	0.95	O00515	394
PGEPASPISQ	0.95	Q14980	1757
GNVVPSPLPT	0.95	Q9Y2V2	41
EVRADSVGKL	0.95	P33993	156
RAVFPSIVGR	0.95	P60709	33
KKRSGSLERD	0.95	Q8IXT5	377
LFQKNSPMED	0.95	Q66K14	463
DENYNSVNTR	0.95	Q12846	117
LIRRLSQRPT	0.95	Q8IZ21	590
PKTRHSPTPQ	0.95	Q8IYB3	414
FRRQDSAGPV	0.95	Q0VF96	283
SRALPSEDEE	0.94	Q8NF91	8305
DGPPSSPTND	0.94	Q12873	713
VSAPPSPRDI	0.94	Q16204	244
SEDEEGQDDK	0.94	Q8NF91	8310
LESFSSMPDP	0.94	Q15154	1263
KEARNSWDSP	0.94	Q6DN90	512
EPEGMSPMEP	0.94	Q6IBW4	200
HKRYHSLGNI	0.94	Q09019	545
QKDKFSPFPV	0.94	Q9UQ35	1188
GNRSTSPVTD	0.94	Q99607	188
VERMGSGIER	0.93	P52272	452
QQRRISQSQP	0.93	O95071	1549
LNRAGSISTL	0.93	Q9P260	180
SKSIKSDVPV	0.93	Q5SW79	359
HSRSKSPLPP	0.93	Q1KMD3	228
LAEEASEEEL	0.93	Q9H501	657
EEELPSDVDL	0.93	Q9H501	663
KERARSPDLG	0.93	Q8IWY8	153
YQRTLTPPLR	0.93	Q5T200	364
ECSPRSCPEL	0.93	Q13111	206
PPVPGTPTLR	0.93	O15439	646
HLHDSSQKGV	0.92	Q99570	814
PRRPVSPGKD	0.92	P31629	2118
TKDFDSSEDE	0.92	P46100	849
GSSSSSPEHS	0.92	Q9P275	614
EPKKETESEA	0.92	Q8IYB3	872
VQNCISR___	0.92	Q14573	2670
VGPCSSPPAA	0.92	Q8TDM6	1209
KDFDSSEDEK	0.92	P46100	850
YFDSDSEDED	0.92	Q56P03	111
RKMEESDEEA	0.92	Q9Y2K7	692
DIYFDSDSED	0.92	Q56P03	109
PRAPQSPRRP	0.92	P12270	2073
SEGCASEDEV	0.92	Q9BYX2	920
SSLEGSPPPC	0.92	Q02952	1395
GPRPESPVPA	0.92	Q9BVG9	16
YRGMGSLDAM	0.92	P12268	416
CAHRGSPLPK	0.92	Q9H147	161
DNHSDSEEEL	0.91	Q86VR2	260
RKKNLSPGAV	0.91	P53621	173
YNYRRSYSPR	0.91	O75494	141
AMDNHSDSEE	0.91	Q86VR2	258
YRRSYSPRNS	0.91	O75494	143
IPRAPSQHIF	0.91	Q8N3E9	105
FLASDTEEEE	0.9	O15047	510
PARSPSPPRR	0.9	Q8IY33	660
SLPARSPSPP	0.9	Q8IY33	658
KAGPVSPGCV	0.9	Q53GL7	431
HHGRYSSQDA	0.9	Q9C0C2	919
LKRQGSFSED	0.9	Q9UPN3	3927
LNMTTSPEEK	0.9	P49915	332
RERSSSASSP	0.9	Q9UQ35	1421
RKRFVSEGDG	0.9	Q53EL6	457
KHAEATLGSG	0.9	Q7L9L4	35
KAEEKSPISI	0.9	Q9UK58	352
LPEDCSPTHS	0.9	Q12802	2398
RSLDDSEEDD	0.9	Q13563	812
FSFLASDTEE	0.9	O15047	508
TPQPTSPETS	0.89	Q9Y3X0	386
HGRSQSLPNS	0.89	Q96TC7	46
SVSSLTDLKP	0.89	Q9BZQ8	584
TDEEESCDNA	0.89	Q96T23	1310
GQADHSPSMT	0.89	Q9Y3L3	262
FLMRKSPPKA	0.89	Q13427	290
NLLQQSWEDM	0.89	Q8TDM6	264
LRRSDSVSAS	0.89	O43719	387
CPKQKSQTPP	0.89	Q9UQ35	790
KQKSQTPPRR	0.89	Q9UQ35	792
IPKKGTVEGF	0.89	P37108	45
PKRKLSRSPS	0.88	Q05519	366
RSRHSSISPV	0.88	Q9NYV4	383
YVKLLSPGTS	0.88	Q15811	1137
RKLSRSPSPR	0.88	Q05519	368
EDINASPEMR	0.88	Q9Y6Q9	214
LSRSPSPRRH	0.88	Q05519	370
PRTPRTPQLK	0.88	Q6PKG0	788
RRIDISPSTL	0.88	Q9NYF8	658
IKKEVSPEVV	0.88	Q5T200	198
QDSVPSPRSL	0.87	P53396	481
VAAEVSPAKE	0.87	Q9BW71	125
PKHRPSEADE	0.87	O14617	658
KVKSGTPPRQ	0.87	Q9UQ35	848
DTEQQSPTSG	0.86	P23588	504
VSDQNSPVLP	0.86	Q9UPU5	2047
IKTKRSIQFV	0.86	P68363	340
IPKVPSKNQN	0.86	O75534	276
LNRSDSDSST	0.86	Q8IX03	947
PKRPTSLPLN	0.86	Q13873	757
FDTTFSPNTG	0.86	P45880	115
KKYIESPDVE	0.86	Q15545	159
KRRKTSDANE	0.85	Q09161	22
EKNSTTLPRM	0.85	P50552	316
NNLSASMFDL	0.85	Q9BXF6	176
AIRRRSRSRT	0.85	Q9UQ35	2030
HPLDLSPNVQ	0.85	Q9ULH1	1027
RQRSLSTSGE	0.85	Q9H3Z4	10
EVDATSPAPS	0.85	Q16666	106
GGRSRSWEDS	0.85	Q9UDY2	170
LPVPGSAEEE	0.85	P16383	40
RSRSQSRSNS	0.85	Q13247	299
NQRRFSMEDV	0.85	Q07002	89
REFQRVTISG	0.85	Q01433	168
KRSSLSPGRG	0.85	Q9BUQ8	109
KSRSRSQSRS	0.85	Q13247	297
SGTLPSQPKV	0.85	Q9NRA8	499
DLKRRSMSID	0.84	Q96N67	180
KLLTRTPDIA	0.84	Q9UEW8	354
PDAGLSPGSQ	0.84	Q13459	1405
EEKCGSPQVR	0.84	O00418	359
PMKPISPVKD	0.84	Q12888	1094
FTRRASVCAE	0.84	P31323	114
TMKKQSGMHL	0.84	Q9ULT0	658
RIAEPSVCGR	0.84	P33991	326
KQRSASQSSL	0.84	O60271	730
SASQSSLDKL	0.84	O60271	733
KKRRLSDKGL	0.84	Q00839	26
SRSWTSPKSS	0.83	O75494	256
KLSGLSFKRN	0.83	P49006	104
RERPESPMVP	0.83	Q5T1M5	979
SRSRTSPITR	0.83	Q9UQ35	1975
STRQKSPEIH	0.83	Q9NYF8	648
RGHSRSRSPQ	0.83	Q9UQ35	508
KKRKGSDDAP	0.83	O75151	899
LVRRLSQRPT	0.83	O75167	522
TRTPRTPRTP	0.83	Q6PKG0	785
ARSDKSPDLA	0.83	Q9BY44	506
TKRGHSRSRS	0.83	Q9UQ35	506
HSRSRSPQWR	0.83	Q9UQ35	510
RSRSHSPMSN	0.82	Q13595	100
YRRRRSRSHS	0.82	Q13595	96
RRRSRSHSPM	0.82	Q13595	98
HGPFRSVEDL	0.82	Q7L9B9	173
MHRAVSPTEP	0.82	Q6PJI9	564
LKRQKSFSED	0.82	Q03001	3968
VDLGISDLED	0.82	Q8NHQ9	594
GGNARSPEDQ	0.82	Q9UK61	927
HRRTASAGTV	0.81	Q70E73	192
PEKPVSPPPV	0.81	O75376	224
FNRRVSVCAE	0.81	P13861	99
LEGDRSEGSG	0.81	Q58WW2	847
LAKAKSEDSD	0.81	Q5VZL5	1539
AKVIPSPFKH	0.81	P34897	266
ELRRRSAEDE	0.81	Q13868	124
DRSEGSGQEN	0.81	Q58WW2	850
SDVELSD___	0.81	Q5VZL5	1547
AKSEDSDVEL	0.81	Q5VZL5	1542
RAGPLTPPKP	0.81	Q8TDM6	1011
DLDMLSPIHT	0.81	O60784	160
PKNHLSPQQG	0.81	Q9H4L4	169
RKRLKSDERP	0.81	Q9UPN9	1119
PDGNGSPVLP	0.81	Q8N6S5	80
RRRKASPEPE	0.81	Q8IU81	384
DSTSQSPPIK	0.81	Q9NR19	267
PLRPKSVDFD	0.8	Q9Y5K6	458
FERMNSLTFK	0.8	Q96N67	1383
ELRAPSPPVE	0.8	Q86WR7	179
KRHSPSPRPR	0.8	Q8IYB3	685
PNKRHSPSPR	0.8	Q8IYB3	683
DERESTDDES	0.8	Q14669	1377
LTRRLSQRPT	0.8	Q9C0D0	467
ALRRNSLTGE	0.8	Q9BX95	112
KPKIESPKLE	0.8	Q92598	809
QSLSHSPKRV	0.79	Q8NEN9	521
TTAAHSLVGT	0.79	Q8TDX7	195
RMRAHSPAEG	0.79	Q8NFG4	62
LKRSQSFGVA	0.79	Q2TAL5	344
PDKPASPKFI	0.79	Q6PJT7	515
FIIRGSPQQI	0.78	Q92945	480
HSPPKSPEGK	0.78	O95684	160
EKRITSPLME	0.78	P28066	56
VAPADSPEAP	0.78	Q9P2G1	737
FMMTPYVVTR	0.78	P45984	185
KKRLKSIEER	0.78	O15164	1042
ARRSASASHQ	0.78	Q14739	99
SQRYESLKGV	0.78	P47914	31
ALRARSTSAT	0.78	O14874	31
SAVSPYPTFN	0.78	P04083	39
RGSDASDFDI	0.78	Q03001	7513
PPSPDSPTET	0.77	Q9BUA3	251
DEGSISPRTL	0.77	P28715	384
LEPVASPAKK	0.77	Q15149	1435
HLKRGNFLVL	0.77	Q9BQ52	253
PVTYISETDE	0.77	P35251	108
KSRGPTPPAM	0.77	Q3KQU3	97
HKRTLSDPPS	0.77	Q9ULH1	839
ISKKLSFLSW	0.77	Q8IUC4	639
DHPLQPPVRD	0.77	Q14258	147
TYISETDEED	0.77	P35251	110
DPELKSRTPS	0.77	Q9UQ35	883
KNRVPSAGDV	0.77	Q15785	186
KKKVLSDSED	0.77	Q8WWQ0	1281
KVLSDSEDEE	0.77	Q8WWQ0	1283
DPEPPSPDSP	0.77	Q9BUA3	248
IFLSKSQTDV	0.76	Q8N7R7	95
RRRSFSISPV	0.76	P18583	2011
HKRSASWGST	0.76	Q9C073	145
RSFSISPVRL	0.76	P18583	2013
HLEGLSSDDE	0.76	Q9Y5B6	557
LEGLSSDDEE	0.76	Q9Y5B6	558
KDRKKSPIIN	0.76	Q13523	277
HDSDDSDYAS	0.76	Q9UKJ3	914
VVRRRSFSIS	0.76	P18583	2009
RIGHHSTSDD	0.75	P12694	337
AKRKLSDDPC	0.75	O60244	617
RGQGSSPVAM	0.75	P18206	346
RKRSRSRSPL	0.75	Q9UQ35	2044
EADSESDHEV	0.75	Q9BPX3	975
TAEADSESDH	0.75	Q9BPX3	973
CQTAEADSES	0.75	Q9BPX3	971
RFSRISMKLP	0.74	Q96GP6	501
ATPRQSLGHP	0.74	P13861	58
PVGTVSEAQL	0.74	Q9NZM1	174
RSRSRSYSPA	0.74	Q9Y2W1	53
RSRSYSPAHN	0.74	Q9Y2W1	55
REAPGSPPLS	0.74	Q86UU0	21
QPLLLSEDEE	0.74	Q99613	39
QPLLLSEDEE	0.74	B5ME19	39
SWGHESPEER	0.74	Q9UKJ3	1014
PAGTHTPGSR	0.74	Q96FV2	52
LQGLQTPSCK	0.73	P13489	82
VPAQQSPSM_	0.73	O60341	849
GDRVYSPYNH	0.73	Q9NS56	585
SRSRTSPAPW	0.73	Q9UQ35	1857
GRTTHSPYEE	0.73	Q8NDT2	609
EFGQESPEQS	0.73	P46821	1653
LERTASSSTE	0.73	Q9BZF3	44
STRTRSPSPD	0.73	Q13523	578
RTRSPSPDDI	0.73	Q13523	580
SEVSVSPRAS	0.73	Q7L4I2	32
PATADSPKPS	0.72	Q03111	292
EALSPTSPFR	0.72	Q86WR7	214
MPRQPSATRL	0.72	Q6NZ67	139
RSTTKSPGPS	0.72	O15075	298
SNRGDSLSRH	0.72	Q15642	482
MPRQPSATRL	0.72	Q6P582	139
IERSQSPVHL	0.72	Q96T58	727
EILPTTPISE	0.72	P23396	221
TARELSPQHK	0.71	Q86V48	394
FLRSCSASCV	0.71	P00519	718
LKRKTSSVSS	0.71	P42356	256
ITPHTSPAPR	0.71	Q58A45	354
SPKRRSLSPK	0.71	Q13523	354
KRRSLSPKPR	0.71	Q13523	356
LPRSPSPYSR	0.7	Q14004	360
TRRRRSPSPA	0.7	Q8IYB3	560
RGHTASESDE	0.7	Q9NTI5	1257
DGRVLSPLII	0.7	Q8NCN4	403
DEEVSSPSPP	0.7	Q9Y6M1	162
EETAVSPRKS	0.7	Q9BUH6	148
SAAASSPAGG	0.7	Q13263	50
RRIDISPSTF	0.7	Q9Y2W1	682
NNMTASMFDL	0.69	Q7L804	150
RVRDLTIQKA	0.69	P14868	52
RRDLKSLEDP	0.69	Q86V48	932
LIVTQTPHYM	0.69	Q6PKG0	649
RRQSPSPSTR	0.69	Q8IYB3	715
RRGSTTPRPH	0.69	P0CG20	82
KFLSHSTDSL	0.69	Q12802	1929
PYYHNSKDRR	0.69	Q9C0B0	240
KRRTASPPAL	0.69	Q13029	643
THGSNSLPSS	0.69	Q8TDM6	1254
GPVSGSPDSM	0.69	O14920	672
SFHDDSDEDL	0.69	P11717	2484
RERRTPPGRS	0.68	Q13427	612
MKKSHSANDS	0.68	Q6ICG6	324
CHSEDSDLEI	0.68	Q13371	296
TSKAVSPPHL	0.68	P29590	518
PEGYRTLPRN	0.68	Q9HAU0	460
APAPASPGSS	0.68	Q66K74	759
TPPGRSRSKD	0.68	Q13427	616
PPRRSSQPSP	0.68	Q3KQU3	113
IDEFESM___	0.68	P26038	576
KKWDGSEEDE	0.67	O60841	164
TTENKTLPRS	0.67	Q9UQB8	360
LRGRESPAAG	0.67	Q9UIF9	1770
GAPGDSPTHS	0.67	Q8WXE1	449
YEVTGSDDET	0.67	Q09666	5841
KGLSASLPDL	0.67	Q6PKG0	548
LPRSFSLDPL	0.67	Q63HR2	120
PRSAASREDL	0.67	Q86X27	296
QPRSISGPSV	0.67	Q8NFH5	55
VISYQTLPRN	0.67	Q9HAU0	438
RLHPPSPVPQ	0.66	Q96F44	85
AKSFGSPNRA	0.66	P50613	164
DERSDSRAQA	0.66	P55884	119
FARMCSLMLS	0.66	P78344	283
VTQHESDNEN	0.66	Q5VZL5	122
TKLRLSNRPA	0.66	P12814	348
IERPLSPHME	0.66	Q6P1R3	436
RRNLGSINTE	0.66	O75396	137
HDFTLTQTAD	0.66	P78527	2647
QYKQRSLSPV	0.66	Q8NDT2	265
RRSRGSPRYS	0.66	Q07955	234
KGCRLSPRDT	0.66	P17812	562
DDKPSSPGDS	0.66	Q9HC52	191
GSPRYSPRHS	0.66	Q07955	238
PEAPPSPDVL	0.66	Q9P1Y6	973
SSRSYSSERR	0.65	Q9UPN6	447
RFHVGSAESM	0.65	O75140	579
QFFDDSPTRG	0.65	P52701	137
TNRPNSIDPA	0.65	P55072	352
EFKSATFPNA	0.65	Q86X27	361
QSMDMSPIKI	0.65	Q14562	460
SYDDSTLPLI	0.65	O60716	869
FCRSSSMADR	0.65	O95816	20
PPPSQSPEPT	0.65	Q9UIS9	297
PTSPKYSPTS	0.65	P24928	1874
KKAPSSPPPP	0.65	Q13796	313
QEKPDSPGGS	0.65	Q13459	1290
PAGAATPGRG	0.65	O75533	267
PKRSHSPSID	0.65	Q9BWT3	648
KAVEESSDEE	0.64	Q9BW71	142
KRSHDSDDSD	0.64	Q9UKJ3	911
VVRAFSEDEA	0.64	Q9C0H5	604
EADKSSPGIH	0.64	Q14676	505
LKRQFSALVP	0.64	Q9ULT8	1772
AVEESSDEER	0.64	Q9BW71	143
PEASQSPLVL	0.64	Q13330	522
INRQTSIETD	0.64	Q9UJ41	132
VSKRLSLPMD	0.63	Q07002	98
LGRRASDGGA	0.63	Q9Y2K2	551
LQSAKTILRG	0.63	O00418	348
LSSQISAGEE	0.63	Q86UE4	298
KHSQPSPEPH	0.63	Q5VZ89	968
PAQPSSPDAR	0.63	O95365	526
SPEPHSPTEP	0.63	Q5VZ89	973
LRRLDSSGER	0.63	Q9ULT8	357
LRRSDSPENK	0.63	Q9BTA9	64
ILAVSPVDLN	0.62	Q9HB09	242
QRVTRSQEEL	0.62	P55196	1275
SPRRYSPPIQ	0.62	Q8IYB3	597
ESRSSTPLPT	0.62	P42166	160
RDRSVSVDSG	0.62	Q86UU0	118
PPRRRTPSPP	0.62	Q8IYB3	581
QKRRFSDSEE	0.62	O75113	288
YERAYSPEYR	0.62	Q9UDY2	266
VAKRNSLKEL	0.62	O43169	37
RRRTPSPPPR	0.62	Q8IYB3	583
FSRRLSMSEV	0.62	Q8TDM6	1666
RSRHSSISPS	0.62	Q14004	437
RHSSISPSTL	0.62	Q14004	439
RKAEDSDSEP	0.61	Q9H0D6	499
ASPRMSGFIY	0.61	Q14155	518
LHLYNSLTRN	0.61	P49589	34
ASLNRSPERR	0.61	Q12923	1033
EGESESEDDD	0.61	Q9Y2K6	134
QRQYSSLPRQ	0.61	Q8TEW0	1223
AEDSDSEPEP	0.61	Q9H0D6	501
SRSGSSPGLR	0.61	Q9UQ35	1444
EIIDASDKEG	0.61	Q13523	87
SAAHGSQPDL	0.61	Q6P2E9	565
LLRRKSELPQ	0.61	Q14738	573
ADEGESESED	0.61	Q9Y2K6	132
SDRKRSISES	0.61	Q9H307	690
HRKCHSLGYN	0.61	Q86X27	343
RQRSVSQERL	0.61	Q5T5U3	459
RRRMNSTGGQ	0.6	Q96ST2	720
LQKSSSLGNL	0.6	Q86W92	466
PKGPSSVEDI	0.6	P06748	243
GVRRRSFNDF	0.6	P42356	230
PKGKFSLFKS	0.6	Q09666	5769
RPRSNSGREL	0.6	Q5JSH3	344
VASGPSPGEG	0.6	Q14764	867
KGDSESEEDE	0.6	P13861	80
DAKGDSESEE	0.6	P13861	78
SHREISSSPT	0.59	Q9UQ35	454
SGEGQSLRKK	0.59	Q92890	299
DCDPGSPRRC	0.59	Q00341	944
YRVSRSPGAS	0.59	Q12872	834
AQAQESEEEE	0.59	Q9NVM6	112
TAYRVSRSPG	0.59	Q12872	832
QSKRASFAEK	0.59	Q15149	1721
REISSSPTSK	0.59	Q9UQ35	456
EVSIGSAPLA	0.59	Q7Z7G8	1002
KEDEVSIGSA	0.59	Q7Z7G8	999
SKNSKSPEEH	0.59	Q9UIG0	361
DDGTQSDSEN	0.59	Q5SW79	379
EAPILTPPRE	0.59	Q16513	958
QYSKHPPPL_	0.59	Q13501	437
PQRRFSLSPS	0.58	Q9NYF3	232
__MNRSFHKS	0.58	Q9BYG4	4
MSQPGSPSPK	0.58	Q14839	1535
KGILRTPDTI	0.58	Q00610	394
PPAPPSPVQS	0.58	Q8IYB3	769
PVQSQSPSTN	0.58	Q8IYB3	775
VERKNSARKA	0.58	P16333	61
QQGHNSPDSP	0.58	Q86XP3	751
RARHGSSDIS	0.58	Q9BRD0	235
RSVSGSPEPA	0.58	Q8IYB3	756
MRRGESLDNL	0.58	Q8WWI1	1510
EGYDNYPGQE	0.58	Q92665	235
EQQEQTIAED	0.58	Q9UQ80	11
RFIPCSPFSD	0.58	Q14195	472
DEGYDNYPGQ	0.58	Q92665	234
TSKSSSLPAY	0.58	Q08495	289
LRRNHSNAQF	0.58	P41229	317
REAGNSFVRH	0.58	Q8N3E9	573
____MSGEDE	0.58	Q9UQ80	2
RSFHKSQTLR	0.58	Q9BYG4	8
SRSRHSSISP	0.57	Q14004	436
ASRRCSDPSL	0.57	Q13615	633
FKIPGSPPES	0.57	P50395	61
RSRFHSPSTT	0.57	Q99590	796
ERRAKSPTPD	0.57	Q96MU7	146
SGGSPSPPTS	0.57	Q8TAD8	54
DHSGGSPSPP	0.57	Q8TAD8	52
IYRRRSPSPY	0.57	P62995	264
VDGPRSPSYG	0.57	Q07955	199
RKRSYSPDGK	0.57	P43243	598
THSEGSLLQE	0.57	P49796	946
GFRRLSLDIQ	0.57	Q9NSI6	696
EPGAGSQHLE	0.57	Q14566	13
TVKAASGFNA	0.57	P09525	12
RAKSPTPDGS	0.57	Q96MU7	148
RRRTHSEGSL	0.57	P49796	943
LQRSGSLGKI	0.57	Q9NSK0	554
EEELGSKAKF	0.56	P06733	419
RRERFSPPRH	0.56	Q9BXP5	67
TGSPTSPTVE	0.56	Q9C0C9	839
PRHELSPPQK	0.56	Q9BXP5	74
VSRMRSVLIS	0.56	P09496	236
SGRCHSADDI	0.56	Q13796	897
___MPSKGPL	0.56	P62249	3
DDAESSEPER	0.56	Q8NFC6	2964
SAKELSPAAL	0.56	O75683	138
VKDPVSPASQ	0.56	Q12888	1101
KQRKDSASEE	0.55	Q9NX58	258
EGEKLSPKSD	0.55	P46821	1779
GPGKGSPQAG	0.55	Q13884	389
QGEEKSD___	0.55	P13984	248
ERFARSDDEQ	0.55	P27540	77
RRRSAEPSDR	0.55	Q86TI0	1152
RRRTPTPPPR	0.55	Q8IYB3	574
EGRSKTFDWA	0.55	Q6WCQ1	542
GERRNSFSEN	0.55	Q9HCG8	829
SRKSLSPGVS	0.55	Q9UKV3	657
QDASSSPSAQ	0.55	Q9H4L5	372
KRKSLSDSES	0.55	Q13185	95
QEVPRSPFKI	0.55	Q14315	1527
PRRRRTPTPP	0.55	Q8IYB3	572
SDKRLSEGRG	0.55	Q14151	832
IPLVRSFADI	0.55	Q9Y6M7	233
MIRRLSPAER	0.55	P41212	213
AVRPKTPPVV	0.54	Q96A49	248
GRGFGSEEGS	0.54	Q9Y5S9	42
VADAGSPGMQ	0.54	Q12756	1337
VIRKQSEADL	0.54	Q6UX15	299
FTRRGSMFYD	0.54	O75896	50
EDDENSVDIS	0.54	O75717	383
ELAAMSPTAA	0.54	P12270	379
SHHGGSPIHW	0.54	Q96MU7	424
RGAPSSPATG	0.54	Q5SRE5	1709
TPQVPSPCCR	0.54	Q9H4L4	181
LMRTASELLL	0.54	Q92508	1646
RKRRWSAPES	0.53	P54253	775
KIPCDSPQSD	0.53	P46013	1253
VKRSASPDYN	0.53	Q14669	77
DVNSSSPVML	0.53	Q99598	33
PRDRASPAAA	0.53	Q8N3V7	685
RGEGESPQAR	0.53	P18206	566
LSRGDSLKEP	0.53	Q9C0B5	380
MRRSFSADNF	0.53	Q8N7R7	344
RRMGRSRSPA	0.52	Q9UQ35	484
MGRSRSPATA	0.52	Q9UQ35	486
VPAGGSRSEA	0.52	Q9UJV9	21
AGGSRSEAED	0.52	Q9UJV9	23
KEDSESDGSQ	0.52	Q96T23	1223
SESDGSQKSL	0.52	Q96T23	1226
DQHPESPVHT	0.52	Q14676	793
NYKEDSESDG	0.52	Q96T23	1221
RNHKPSRSFS	0.52	P84103	148
HKPSRSFSRS	0.52	P84103	150
GHWVTTPPDI	0.52	Q96AG3	45
QRRAQSIERK	0.52	O14681	56
AGRTTSAGTG	0.52	P60468	49
EEETES____	0.52	Q9UI30	125
VPRRKSLVGT	0.52	O96013	474
LLRKESAPPS	0.51	Q8WUI4	181
RRAHLSENEL	0.51	P98175	797
MDAMSSPTKT	0.51	Q9UPN3	4496
TFREESPLRI	0.51	Q9NYF8	531
TDEVNSPDSD	0.51	Q8TAQ2	283
SRRGRSPSPK	0.51	Q9UQ35	1762
REIKCSPSES	0.51	Q8WUM9	265
PSYDEYADSD	0.51	Q08945	441
DESTGSIAKR	0.51	P04075	39
RNLRKSREDL	0.51	Q07157	617
LARTRSLSSL	0.51	O94915	1978
QRIYQYIQSR	0.51	Q13627	321
LPRKRSRSRS	0.51	Q9UQ35	2042
RGRSPSPKPR	0.51	Q9UQ35	1764
TVKKGSQTNL	0.5	Q02241	18
MHRSQSWEER	0.5	Q6Y7W6	160
RARSWSPPPE	0.5	Q9NR19	30
VKPPGSPVAK	0.5	Q9NXL9	915
GGRARSWSPP	0.5	Q9NR19	28
TTRRTSIHDF	0.5	Q3V6T2	1820
PNMLLSEEET	0.5	Q9UI30	119
KRACASPSAQ	0.5	Q9UFC0	251
LRRSTSLPSR	0.5	P18054	246
EGEEDSDSDY	0.49	A2RRP1	473
RSTITSREIQ	0.49	Q5QNW6	92
FDSSFSPNTG	0.49	P21796	104
KLAGRSFRSH	0.49	Q9BSJ8	686
LSLRRSLSGS	0.49	Q9UQ35	778
EEDSDSDYEI	0.49	A2RRP1	475
LSEPSSPGRT	0.49	Q69YN4	1579
SSRGGSPDLW	0.48	Q96JM3	476
RSQNHSRSPS	0.48	Q9H0G5	289
HSRSPSEERG	0.48	Q9H0G5	293
AGGAPSPPPP	0.48	Q4KMP7	678
LGFSKSMPAE	0.48	Q9H694	766
RQFPPSPSAP	0.48	O75381	232
GTRDLSPQHM	0.48	P49590	67
QNHSRSPSEE	0.48	Q9H0G5	291
SSLGQSASET	0.48	Q13435	307
LGQSASETEE	0.48	Q13435	309
MNYEGSPIKV	0.48	P06748	70
VSRTRSWDSS	0.48	Q86WB0	354
RSRSRSPDQR	0.48	Q07157	315
AADVVSPGAN	0.47	Q01804	1006
RKRHNSISEA	0.47	Q01970	1105
NIIPASTGAA	0.47	P04406	210
LTRSLSRPSS	0.47	Q12802	2563
PQWNESFTFK	0.47	P17252	226
PVFSESLSD_	0.47	O60220	94
MGQKDSYVGD	0.47	P60709	52
RAQSRSRECD	0.46	Q13427	546
EGCQGSPQRR	0.46	O43237	194
ADGRATPSEN	0.46	Q8N684	203
ESKSMSAPVI	0.46	O60749	119
LASLDSLRKG	0.46	O60716	352
SGGAQSPLRY	0.46	Q6NXT1	63
RLRVQSPEPP	0.46	Q14160	1475
FKSALSPSKS	0.46	P49792	2276
IERMGSGVER	0.46	P52272	513
SRGRASPGGV	0.46	P54259	34
HTRNKSTSSA	0.46	Q96QF0	288
EVELVSE___	0.46	O60832	513
LGQRESPGEL	0.46	Q8WXH0	873
NQARVSPSTS	0.45	Q9BTE3	154
RKVELSESEE	0.45	Q8IYB3	463
ASRVPSSDEE	0.45	Q9C0C2	1620
HAIMRSPQMV	0.45	P35222	191
SQSPSTNWSP	0.45	Q8IYB3	778
DQRRYSLIDR	0.45	Q9UDT6	973
SSGYQSDHKK	0.45	Q3B726	304
KHVPGSPFTV	0.45	Q14315	2122
QNSSRTLEKN	0.45	Q16181	426
PARELSAPAR	0.45	Q9H1K1	29
__MDTSRVQP	0.44	P62857	4
NGTGSSPRGP	0.44	Q9NQT4	20
GEEDGSSDQS	0.44	Q9UNF1	190
LQRSLSELES	0.44	P22059	240
MARSISTSGP	0.44	Q7Z401	1589
HLRKFSPSQV	0.44	Q9P1Y5	814
VKRQDSMEAL	0.44	Q8TDR0	476
IMEETSGMEE	0.44	Q9UIF9	1051
LTRKLSQRPT	0.44	Q8IZ21	628
MEDSTYYKAS	0.44	Q05397	576
RECELSPGVN	0.44	Q9BXP5	493
QPSSASLDEY	0.44	Q9Y4H2	594
RRRRGSGVFC	0.44	Q9UHF7	892
IVKSESGYGF	0.43	Q96L92	51
CDVSSSPSLP	0.43	O75140	503
EAVLQSPGLS	0.43	Q13045	856
GFLTEYVATR	0.43	P28482	187
VQRPHSSPPR	0.43	Q9NUJ3	55
SITEISDNED	0.43	Q86UU1	583
YSRAKSPQPP	0.43	Q00839	271
HARSRSDITQ	0.43	Q6ZWE6	152
_MTTESGSDS	0.43	Q9Y2J2	5
RSRSNSGVRL	0.43	P46020	7
RILELTPEPD	0.43	Q14004	1246
TTESGSDSES	0.43	Q9Y2J2	7
SGRSGSMDPS	0.43	Q07666	20
HSRSSSLDMN	0.42	Q96D71	562
SSKTASLPGY	0.42	O14639	655
PVPGITPSSS	0.42	Q7KZ85	1523
RGRSDSVDYG	0.42	Q9UPU9	168
RKRSASADNL	0.42	Q8ND76	326
YAEKLSPLTG	0.42	Q9UKA4	1580
QKGLFSDEED	0.42	Q641Q2	539
ELVQASRGTP	0.42	Q9Y490	1260
VNRSHSVPEN	0.42	A1L390	1081
IQRTNSMQQL	0.42	Q9HAU0	410
MQQGGSPTPF	0.42	P08237	667
LRRSDSPEIP	0.42	Q12888	1462
TKRSFSKEVE	0.42	Q04637	1187
QKGLFSDEED	0.42	Q9Y4E1	539
GRGAESPFEE	0.42	P46821	1427
KMVKGSIDRM	0.42	O14617	9
RSAGGSSPEG	0.42	Q9H6Z4	100
KKRRVSGPDP	0.41	P22314	13
VSGRASFCGK	0.41	Q07866	557
VLEKSSPGHR	0.41	P29692	119
RRRERSLSRE	0.41	P84103	138
VGEEASPRGY	0.41	Q8TER5	961
RSRSGSQGRT	0.41	Q5VTL8	475
GPRAQSPGSP	0.41	Q13796	1036
QASRGTPQDL	0.41	Q9Y490	1263
TPRSLSAIDR	0.41	O95831	268
EDMPFSPKAS	0.41	Q12888	265
TALAPSTMKI	0.41	P60709	323
RERSLSRERN	0.41	P84103	140
AVREGSPANW	0.4	O96019	233
LPSFSSDEED	0.4	Q9ULL5	1382
GQRSASPSVP	0.4	Q03164	3527
TLPSFSSDEE	0.4	Q9ULL5	1381
LLRSGSDAGE	0.4	Q96FS4	55
KKRKRSPSPS	0.4	Q8TAQ2	302
RKRSPSPSPT	0.4	Q8TAQ2	304
RLGMLSPEGT	0.4	P49327	207
LLPEQSPVSY	0.4	Q96K76	832
VEADKSSPGI	0.4	Q14676	504
GAQGGPPVAQ	0.4	Q14676	629
RRRLKSEDEL	0.4	Q96D71	709
LVRAGSRILD	0.4	Q15772	398
RVHKISNVNK	0.39	P12814	91
NQIPRTPENL	0.39	Q7Z4H7	584
TPVRYSSSEV	0.39	Q96PD2	598
LCAGQSP___	0.39	Q6XQN6	537
ARSPLSPTET	0.39	A1L390	1040
RPSARSPLSP	0.39	A1L390	1037
KDRCTSPPGL	0.39	Q13796	1297
ARDKQSPSQA	0.39	Q9NPI6	142
NGPSSSPFSS	0.39	A8CG34	412
GGIVISPFRL	0.39	Q16204	52
RPAFFSPSLK	0.39	Q6ICG6	304
NGPSSSPFSS	0.39	Q96HA1	435
IIRSKTPTGP	0.39	Q8NF91	8360
DSDHPSDGET	0.38	Q8WYQ5	275
AKRRLSTLIL	0.38	Q9NYB0	43
RRVSRTPEPK	0.38	Q8IYB3	727
KYGGDSDHPS	0.38	Q8WYQ5	271
PPREGSQGEL	0.38	Q13098	474
LRRRGSDPAS	0.38	Q8WWA1	137
PLSSRSAPAS	0.38	P85037	416
NEGSKTLQRN	0.38	Q99418	58
SRRRGSISSG	0.38	Q13563	829
LRKAASLTED	0.38	Q04637	1209
PSRASSVTTF	0.38	P52943	115
PIRRVSRTPE	0.38	Q8IYB3	725
GAGGGSPEKS	0.38	Q9UNE7	19
ESRRLSAQFE	0.38	Q9H7C4	325
TERMPTPVIK	0.38	P07954	90
RSSGHSSSEL	0.38	Q9UQ35	1382
RILSQSTDSL	0.37	Q92974	174
LSRARSPPQV	0.37	Q8IVE3	202
YSISLSPPEQ	0.37	Q15057	521
GKRPPTPCSD	0.37	Q9BW71	84
PPTPCSDPER	0.37	Q9BW71	87
LRKTGSYGAL	0.37	O14974	445
FDLTTTPKGG	0.37	Q14195	509
ARSLHSAHSL	0.37	O15027	1359
KRVGGSIRPW	0.37	Q5T5U3	954
YRRSASPYHG	0.37	Q9NPI6	62
VELSESEEDK	0.36	Q8IYB3	465
PDSPVSVTRL	0.36	Q9BXS9	755
LGTWKSPLGK	0.36	O60218	23
RGSLASLDSL	0.36	O60716	349
NAKISSLLEE	0.36	P62241	160
VPAKLSPMKQ	0.36	P35658	940
KIACRSQPDP	0.36	P46013	1496
SSRAQTLPTS	0.36	Q01082	2328
RGRKLSGDQI	0.36	O00559	36
DSRAQSPVSG	0.36	Q5THJ4	1042
GDVKTSPPRT	0.36	Q9H8T0	30
IHNVGSPLKS	0.36	P52701	830
AKRLQSIGTE	0.36	P04075	46
RTSPSSPAPL	0.35	P04920	173
SDPGVSYRTR	0.35	P29803	298
PRGPPSPPAP	0.35	Q13573	224
RYHGHSMSDP	0.35	P29803	291
HRRSFSLEGL	0.35	Q12802	1602
GFAPMSPRIS	0.35	O00267	666
FEGSLSPVIA	0.35	Q9H1A4	688
QHDYDSVASD	0.35	Q9Y2X7	385
ALHTVSHEDI	0.35	Q13136	763
YDSVASDEDT	0.35	Q9Y2X7	388
TGAALTPTEE	0.35	Q13459	1346
DGMQESP___	0.35	Q96QG7	548
RNKAGTPVSE	0.34	O75113	242
RKRQLSPQSK	0.34	Q86VM9	893
RDLTHSDSES	0.34	Q13586	519
KKNRHSPDHP	0.34	A0JLT2	226
VIPPHTPVRT	0.34	P06400	373
RSSVKTPEPV	0.34	Q14676	1608
EVPARSPGAF	0.34	Q9Y6I3	435
DSQQKSPVKR	0.34	Q03001	1382
QVFEKSPLRV	0.34	Q02543	71
VTRKLSEADN	0.34	Q9UNL2	105
QQPSASPRAG	0.33	Q86U86	1453
RGRKISPPSY	0.33	Q8N2M8	285
HKRSASWGST	0.33	Q6P1L5	273
NSDTTSPELR	0.33	Q96ST3	1112
KNRPGSALEK	0.33	P31930	107
YTRSASPKHG	0.33	Q8IZD4	67
GPQPRSVEPQ	0.33	Q9NZT2	349
PPGPRSPQRE	0.33	O96013	291
RRRSRSRTSP	0.33	Q9UQ35	1984
LDQPVSAPPS	0.33	Q16204	240
SRSRTSPVTR	0.33	Q9UQ35	1987
ITRRRSRSRT	0.33	Q9UQ35	1982
RERSRSFERS	0.33	Q9UK58	504
DRRERSRSFE	0.33	Q9UK58	502
ERALNSALAE	0.33	Q6ZSY5	547
SKQQLSAEEL	0.33	Q86V81	239
ATGKKSPAKS	0.33	O76021	392
SRSQRSDSYH	0.32	P30414	1420
LVHIQSMLKR	0.32	P78524	673
SQRSDSYHRG	0.32	P30414	1422
LKRHLSMQSF	0.32	Q8N4C6	269
RERMFNGEKI	0.32	P06744	86
NGDSDSEDML	0.32	Q9NSI6	2020
ALNGDSDSED	0.32	Q9NSI6	2018
VTKSGSRGME	0.32	Q14151	565
SRVTKSGSRG	0.32	Q14151	563
GGLSLSPSPE	0.32	Q96GP6	651
LSLSPSPERR	0.32	Q96GP6	653
RRRSASPPPA	0.32	Q9H7N4	614
RRRRRSASPP	0.32	Q9H7N4	612
VLGHKTPEPA	0.31	Q9UHD8	142
KASSPSPLTI	0.31	Q9NPI6	525
LKRTPSKKQT	0.31	Q12979	638
QGSITSPQAN	0.31	Q9UQ35	857
PEGRASPAPG	0.31	O94826	91
NRSNMSPHGL	0.31	Q13330	449
NIDNLSPKAS	0.31	P25054	780
RSRKGSSGNA	0.31	Q69YQ0	384
PAEKLSPNPP	0.3	P51532	1452
TTERDSDTDV	0.3	Q14676	453
STDRHSLSLD	0.3	Q96NE9	542
RDSHSSEEDE	0.3	Q5JTV8	157
SSGHSSSELS	0.3	Q9UQ35	1383
IQRQSSVSST	0.3	Q96RT1	1079
LRDSHSSEED	0.3	Q5JTV8	156
SALLFSSDEE	0.3	Q641Q2	619
ALLFSSDEED	0.3	Q641Q2	620
DQARKSKSPT	0.3	Q13523	239
RSGSSSPDSE	0.3	P17812	575
RGRASSHSSQ	0.3	P02545	404
RASSHSSQTQ	0.3	P02545	406
LLRSKSPVGN	0.3	Q9Y4F3	1093
ALLFSSDEED	0.3	Q9Y4E1	620
SALLFSSDEE	0.3	Q9Y4E1	619
ERDSDTDVEE	0.3	Q14676	455
KRKRDSDAGS	0.29	P51532	1417
VKLKNSQETI	0.29	Q9UHG0	300
SPIRGSPRRE	0.29	Q9HCD5	34
TPRARSPAAP	0.29	Q99501	479
PNRAYTHQVV	0.29	P50613	170
LLGGGSPKNN	0.29	Q6KC79	2658
RMRRNSFTPL	0.29	O60825	466
RTRTDSYSAG	0.28	P42345	2448
LRRAKSFTCS	0.28	Q96PE2	546
PSPDRSPELS	0.28	Q96T37	674
PPCSDSEEEV	0.28	O43159	106
QGPPCSDSEE	0.28	O43159	104
RSRSRSFDYN	0.28	O75494	133
SEKTTSPPEV	0.28	P46821	1965
GFGRQSMSEK	0.28	Q8TEW0	827
SPAHRSPTVL	0.28	Q5VUA4	2035
SKLLPSLAKA	0.28	Q13459	1366
QEKSSSPPPR	0.28	Q9Y2W1	535
RHCAPSPDRS	0.28	Q96T37	670
PSHRHSAIIV	0.28	Q15678	432
EQGTESRSST	0.28	P42166	156
RGSYGSDAEE	0.28	Q9UDY2	1159
TFFRESPVGR	0.28	Q8NEY8	133
PARPRSPRAW	0.28	Q8N350	528
SMRRHTVGVA	0.27	Q9Y2K2	469
NQQGFSPKAQ	0.27	Q9NS87	568
DKRPLSGPDV	0.27	O96013	181
RVGGSSVDLH	0.27	O60716	269
RKRKLSSSSE	0.27	Q9H4L7	211
LERYASNVCF	0.27	Q9NZJ4	2511
GGNEGRAAEA	0.27	P55884	134
QTGDVSPKAQ	0.27	Q9ULH1	1008
KSPSPSPTSP	0.27	O15075	334
LDLSPSPRMP	0.27	O75674	323
KLSSSSEPYE	0.27	Q9H4L7	214
RMGANSLERM	0.27	P52272	575
KRKLSSSSEP	0.27	Q9H4L7	212
RGSGRSRGRG	0.27	P17844	483
LRRAGSRERI	0.27	P49750	1130
RARSSSEDKI	0.27	P10109	63
MERFGSRNGK	0.27	P62937	147
PGRGDTPGHA	0.27	O75533	273
KYREYSPPYA	0.27	Q9UPT8	159
VIKRRSGQRK	0.26	P46779	68
KDRRLSPATE	0.26	Q8N1F7	364
RQGDDSSDEE	0.26	Q12846	14
TRHSPTPQQS	0.26	Q8IYB3	416
SKIPRSQGCS	0.26	Q7Z460	723
QSSHSYDDST	0.26	O60716	865
GRRVKSPSPK	0.26	O15042	946
FLDSGYRILG	0.26	P18206	822
RVKSPSPKSE	0.26	O15042	948
SSPLYSPTFS	0.26	P46821	1797
RQELGSPEER	0.26	Q92974	932
FARKHSMLFI	0.26	Q9NP72	144
NSGRMSPMGT	0.26	O76080	48
RRRSRSRASP	0.26	Q9UQ35	1913
ADLEESFNEH	0.26	Q8IWS0	145
QGDDSSDEED	0.26	Q12846	15
AKPVGSPLFK	0.26	Q92576	283
VTRRRSRSRA	0.26	Q9UQ35	1911
SRSRASPVSR	0.26	Q9UQ35	1916
SVGGDSDTED	0.26	Q9UK61	699
PRYSHSGSSS	0.26	Q9UQ35	970
HSGSSSPDTK	0.26	Q9UQ35	974
LSRSNSREHL	0.26	Q9H694	803
KKDDVSPVMQ	0.26	Q8IZE3	707
SERGSSPSHS	0.25	Q13613	653
TKEKQSSEEE	0.25	Q92504	275
KEKQSSEEEE	0.25	Q92504	276
KRKLESTESR	0.25	P02545	423
TKKDDSHSAE	0.25	Q9H1E3	73
RSTRRSVRGS	0.25	P08183	671
LNRSDSDSST	0.25	Q6AWC2	1022
STIARSLPTT	0.25	Q6PKG0	766
VAGATSIARR	0.25	P18206	755
IAASSSFRSS	0.25	Q99961	288
SRKSQSPSPK	0.25	Q99590	832
QDHDFSESSE	0.24	P23497	407
WSTATSPLGG	0.24	Q9UPQ0	303
TSRDMSLKRT	0.24	Q12979	632
AQRPKSLQLM	0.24	Q9H7D0	1766
RVRSGSGSRG	0.24	Q9NR19	12
SSAYRSVDEV	0.24	P12694	347
KNKPLSPIKL	0.24	P35251	156
RHRSNSFSDE	0.24	Q09666	5782
RGPPSSSDSE	0.24	Q7Z4V5	396
GRGPPSSSDS	0.24	Q7Z4V5	395
GPPSSSDSEP	0.24	Q7Z4V5	397
METNSTDDEK	0.24	Q9H0E3	856
RDPYGSLDRH	0.24	Q8N4S9	161
RERSLSPRSD	0.24	Q07157	168
MMETNSTDDE	0.24	Q9H0E3	855
LTSRGSQQYR	0.24	P68371	278
SSRQGSPGSV	0.24	O00425	184
AVKSISPEVS	0.24	Q9Y2F5	925
GQRGSSRQGS	0.24	O00425	180
RHNSASVENV	0.24	Q9Y4H2	1176
ASRERSLSPR	0.24	Q07157	166
PSSSDSEPEA	0.24	Q7Z4V5	399
VKRHASSANQ	0.23	Q8TED9	603
RQRFYSDSHH	0.23	Q92576	1925
LNQPGTPTRT	0.23	P36507	394
MRKRGSVRGT	0.23	P48739	262
TPECLSREGS	0.23	P85037	441
EQSWGSPKVT	0.23	P10809	70
DSPDPSPPRR	0.23	Q9BRD0	226
RVRHDSPDPS	0.23	Q9BRD0	222
RQKSASTLCL	0.23	Q8IUC4	654
KRARRSRERE	0.23	Q9Y388	308
SGGLQTPECL	0.23	P85037	436
MQKLSTPQKK	0.23	Q96C90	143
KIKLMSDVED	0.22	Q9NSI6	1943
GQTNRTPEFL	0.22	P26641	46
SRSRTSPVSR	0.22	Q9UQ35	1893
VKRSQSFSKE	0.22	Q53SF7	998
IHRRKSFDAS	0.22	Q5JXC2	303
QNSSSSDSGG	0.22	Q12929	662
PERKGSPTPG	0.22	Q6ZRV2	881
ESRSLSPSHL	0.22	Q5T200	877
LQRSTSFRQG	0.22	Q92614	728
YSSPGSPGTP	0.22	P10636	519
AAETDSEPEP	0.22	Q6QNY0	65
GEAAETDSEP	0.22	Q6QNY0	63
EIVKPSPKRK	0.22	Q7Z6E9	1179
GRYRGSVHFG	0.22	Q9C0C9	73
PRHRRSRSPV	0.22	Q8IYB3	341
HRRSRSPVRR	0.22	Q8IYB3	343
SRRGRSYDSS	0.22	Q9HCG8	61
RPKEESSEDE	0.21	Q01804	1023
NEQSVTPQRR	0.21	Q9UQ35	866
PKEESSEDEN	0.21	Q01804	1024
NTRRISIVEN	0.21	Q9H8W4	16
VDFESSEDDD	0.21	P49959	689
SERAPSPSSR	0.21	Q9UQ35	2426
SLIPRTPKAR	0.21	Q5QJE6	61
GVDFESSEDD	0.21	P49959	688
RGRYRSPYSG	0.21	Q14498	97
EEEGISQESS	0.21	P17096	99
LRKSSSFHDD	0.21	Q8N8E3	242
VPGTHTPPIR	0.21	Q9C0D0	104
EEIPRSPFKV	0.21	O75369	1505
ATLTASPLGA	0.21	Q13111	951
RLRSFSASQS	0.21	Q9ULJ3	411
IQGPSSPQGE	0.21	Q12888	1114
VKAIISPRQR	0.21	Q9UQ35	924
CEGTESPYQT	0.21	Q15262	856
EEPVRSPERR	0.21	Q92922	310
KSRVVSDADD	0.2	Q96ST2	415
RKRRLSSTSL	0.2	Q9BZL6	197
NQSISSPVLD	0.2	Q9UQ35	1404
PFARSSPRTS	0.2	O75116	1362
MKRKFSLRAA	0.2	O95425	1052
SARAYSNSIV	0.2	Q9H1Z4	79
QTTNNSPMNS	0.2	O00178	580
RSSVKTPETV	0.19	Q14676	1526
SRRSKSPAST	0.19	O15075	307
SKFRYSGRTQ	0.19	Q9Y2J2	409
ASMPSSPKQA	0.19	Q86SQ0	204
AMRRVSSVPS	0.19	Q99569	213
SARRNSTTFP	0.19	Q96E09	62
AESDESGDEE	0.19	P22059	193
KMLAESDESG	0.19	P22059	190
ERRNSSIVGR	0.19	Q96N67	440
SPRAVTPVPT	0.19	Q6PKG0	526
GSPEKSPSAQ	0.19	Q9UNE7	23
YREHRSELNL	0.19	P06744	22
MSPAVSQPCT	0.18	P42695	1313
DELNPSAQRD	0.18	P16615	663
ERLMGSPVA_	0.18	Q96IZ7	331
QKSASTLCLP	0.18	Q8IUC4	655
STSVQNPTRL	0.18	Q9Y3Z3	606
KKKKSSPQST	0.18	Q9UGU5	102
REKRKSLFIN	0.18	Q8ND76	83
VPPHLSPDKK	0.18	Q86W56	448
DQDLASCDRD	0.18	Q9Y383	347
RPRQRSHILE	0.18	O75717	374
RLRSFSMHDL	0.18	Q6NUK4	152
RLRRFSPSQV	0.18	Q08AD1	1019
FRRSFSTTSA	0.18	Q8N3C7	581
YKKRLSVELT	0.17	P35222	675
ERTTKSPSDS	0.17	P46821	1915
TRARRSQESD	0.17	Q5T2T1	409
CSPSESPLME	0.17	Q8WUM9	269
CLAKGSPERH	0.17	Q6NYC8	530
KPRAKSLSAM	0.17	Q6ZV73	605
TKIVDSPEKL	0.17	Q9BZD4	247
LSGSKSPCPQ	0.17	Q9UQ35	1014
KGSEDSPPKH	0.17	P48651	442
NSGISTLERG	0.17	Q9Y4F1	24
KVKAQTPPGP	0.17	Q9UQ35	1003
ENDDRSEEEK	0.17	Q99700	466
TNKRHSTSDK	0.16	Q13308	784
SALSSSLRDL	0.16	Q6DN90	925
IEQKGSPTSA	0.16	Q6ZRV2	903
YGGKSTIRDR	0.16	Q8WWY3	440
GPRLASPSGS	0.16	Q13263	594
INEMESPLAT	0.16	P49902	502
RTPKDSPGIP	0.16	Q15418	363
LKAVHSPIRS	0.16	Q7RTP6	1221
SGSLKSPVPR	0.16	Q8NI27	1393
SLSSAAARPR	0.16	Q8IUD6	113
GFLTEYVATR	0.16	P27361	204
RVRRASISEP	0.16	Q8N1F8	387
LKFGMTPSKG	0.16	P55072	509
SRVPSSDEEV	0.16	Q9C0C2	1621
KRKSLTFTGG	0.16	Q8NHQ8	131
PGEGISPQSA	0.16	Q14764	873
RRRSQSIEQE	0.16	Q5VTL8	529
IKRCCSPPNE	0.16	Q9BYW2	532
KKRSESPPAE	0.16	Q14669	312
TAPPASPEAR	0.16	Q96JM3	542
DHALNSPTSP	0.16	Q96FC7	12
LGRSQSFSHQ	0.15	Q8WVR3	517
AALRNSPVNT	0.15	Q9BPX5	64
VPAGNSDTEG	0.15	Q9UKV3	838
CDKAFTPFSG	0.15	P12955	487
QQKRWSWGGS	0.15	Q8IWC1	165
IRRQLSHDHE	0.15	Q5T5U3	857
ISQPPTPPTG	0.15	Q6PKG0	1071
LPRAKSELTL	0.15	Q9NRA0	399
APAKESPRKG	0.15	Q13428	446
QTPPVSPAPQ	0.15	Q14247	405
VTNARSPGAK	0.15	Q9NWH9	421
PGLERSPGEP	0.15	Q96EB6	47
KLSGFSFKKN	0.15	P29966	170
MSDTGSPGMQ	0.14	O60333	1454
LSDPPSPLPH	0.14	Q9ULH1	843
LPRSSSMAAG	0.14	Q9UQB8	366
LKHQASINEL	0.14	Q9H4G0	510
YRRRRSLSPL	0.14	Q14004	315
PFRRHSWGPG	0.14	Q12802	1565
EDPIGSPRLL	0.14	Q96T58	1278
EIQDGSPTTS	0.14	P50479	112
DEIPFSPYRV	0.14	P21333	1630
LASTASDNDF	0.14	Q15021	1333
GRRRRSPSPP	0.14	Q8IYB3	549
KKRRISYVQD	0.14	Q9NQS7	72
RRRSPSPPPT	0.14	Q8IYB3	551
APTAPTPPPP	0.14	Q14202	817
TNSSDSERSP	0.13	Q6VY07	531
QGGDLSPAAN	0.13	O94804	438
ERTNSSDSER	0.13	Q6VY07	529
RVPGGSPRTP	0.13	Q9Y6G9	405
MNRNLSNEEL	0.13	Q0JRZ9	403
LHKRDSFDNC	0.13	Q5UIP0	1688
RPRNYSVGSR	0.12	O60825	483
TNVYGSAQRR	0.12	Q9BUJ2	512
GYRSYSPSFQ	0.12	Q9P227	423
EEFSDSEDEG	0.12	Q92769	424
SVSGHGILPS	0.12	Q2KHR2	1081
CDEEFSDSED	0.12	Q92769	422
KEIKHSPGPT	0.12	Q96CV9	198
NSPKLTPKMK	0.12	O15440	513
SSIQNSPKLT	0.12	O15440	509
VTKRRSPSLS	0.11	Q8IYB3	653
SRCSVSAVNL	0.11	Q3KQU3	254
RPGYPSPRSS	0.11	Q05397	722
NSPCVTPVST	0.11	Q08999	417
SSRRSSSEGL	0.11	Q86V48	574
SRSRTSVTRR	0.11	Q9UQ35	1905
NRLYHSLGPV	0.11	Q86X27	422
NDYDKSPIKP	0.11	Q9P2Q2	604
NIRSKSVIEQ	0.11	Q6WCQ1	1016
YIKENSPCVT	0.11	Q08999	413
RVRNMSPDEI	0.11	Q9UHR5	113
EQRRISHEGS	0.11	Q96II8	415
KRRSPSLSSK	0.11	Q8IYB3	655
VYGGKSTIRD	0.11	Q8WWY3	439
GLPTESPHSS	0.1	O95490	1112
EEFDLSPDQW	0.1	Q86US8	831
LKRGSSFQSG	0.1	Q96KP1	432
KRHRPSAGGP	0.1	Q01970	474
ALAPSTMKIK	0.1	P60709	324
KNKQPTPVNI	0.1	Q9Y3Y2	33
RRQLESGGFE	0.1	Q8IYI6	19
MRRVSSVPSR	0.1	Q99569	214
RRREVSPAPA	0.1	O60292	1364
QCAILSPAFK	0.1	Q92598	384
SVHVRSPARP	0.1	Q8IY33	318
VRKALSRQEM	0.09	P22626	189
KNLSESPVIT	0.09	Q12830	1231
SDKRMSEGRG	0.09	Q15424	808
VVRSKSYNTP	0.09	P85299	254
HVRRSSDPAL	0.09	Q8TEW0	144
RDRSFSEGGE	0.09	Q07352	92
KRPNTSPDRG	0.09	Q86VM9	852
LLPPESPGPL	0.09	Q14160	853
HPRRNSLDGG	0.09	O43896	1033
VETQASQGTL	0.09	P78527	2612
TPAEYSPQLT	0.09	Q9Y6D9	428
KESKGSPVFL	0.08	Q9NYV4	423
HRRTNSTGGS	0.08	Q8IUD2	37
RGSRSSPEPK	0.08	Q9UQ35	1675
EELSHSPEPC	0.08	P41229	301
REQTLSPTIT	0.08	O94979	1163
HKRRKTSDAN	0.08	Q09161	21
PMQSDSEDGE	0.08	P31323	85
EEPMQSDSED	0.08	P31323	83
NIQYRSLPRP	0.08	Q8NEY1	672
RLGLGTISGS	0.08	Q86WG5	1125
RMMSLSQSRS	0.08	O43353	176
SGVENSPAGA	0.08	Q8WVM8	303
QQLSVSFSSL	0.08	Q96D42	331
PGMVRSPQNQ	0.08	P33993	121
PQLPTSPRLT	0.07	O60504	530
IEGLSSDEEH	0.07	Q6PD74	311
EAALESPRPA	0.07	O14745	280
SESSASPQPK	0.07	Q8N5Y2	367
PLIADSPKAR	0.07	P54646	377
QRWGRSRSPQ	0.07	Q9UQ35	525
KRRDRSPSRL	0.07	Q66GS9	439
RSRSLSGTGR	0.07	Q6ICG6	353
HQRSASWGSA	0.07	Q86VQ1	223
SVSGQTVVDP	0.07	O94906	266
ITRSISNEGL	0.07	Q08AD1	464
PRDLPSPLPT	0.07	Q9Y534	47
VEDRGSGRSR	0.07	P17844	480
EIEGLSSDEE	0.07	Q6PD74	310
HGRYSSQDAD	0.07	Q9C0C2	920
VKPPPSPVNI	0.07	Q8TF74	235
DTTSGSPPKK	0.07	Q9BZZ5	464
WGRSRSPQRR	0.07	Q9UQ35	527
NRRSPSLERS	0.06	Q9NRR4	302
RDNRRSPSLE	0.06	Q9NRR4	300
KAGLASPEEE	0.06	Q9UNS1	1149
YSSQKSVEER	0.06	Q99959	135
SRALATPPKL	0.06	Q96JY6	279
VCVGGSPSRM	0.06	Q16831	61
LLSFRSMEEA	0.06	O43149	1540
ESQAGSDTDV	0.06	Q14676	376
QAGSDTDVEE	0.06	Q14676	378
PFSKESRRRH	0.06	Q9Y6M7	55
RSRGRSLERG	0.06	Q9UDY2	200
DILPKSSDTF	0.06	Q8IWC1	870
RNRYLSFHFK	0.06	P53004	230
ERVRASLSDL	0.06	Q969K3	254
LLRSMSAAFC	0.06	Q13671	351
SVGRLSPQQE	0.06	P15822	1735
KELSNSPLRE	0.05	Q9UQ35	1320
IHRIDSPGFK	0.05	Q07157	912
PRRGRSRSRS	0.05	Q9UQ35	702
ERALGSPTKQ	0.05	Q9NR45	275
KGRQRSMVWP	0.05	Q14161	614
KHRSLSPVPR	0.05	A2AJT9	17
PTTPTSPTEG	0.05	Q9Y6G9	516
KKKRLSQSDE	0.05	Q9H7D7	121
KNRGLSAPDL	0.05	Q9P266	1044
QVRTGSTSSK	0.05	Q5T4S7	362
RSRSRSLVRR	0.05	Q9UQ35	706
RGRSRSRSLV	0.05	Q9UQ35	704
KFSFRSQEDL	0.05	Q7Z460	1196
TGGMGSS___	0.05	Q15366	364
RWKHRSLSPV	0.05	A2AJT9	15
FVRTDSIGEK	0.04	Q7Z3U7	1214
EPNVSYICSR	0.04	P49840	279
RKRTISQSSS	0.04	Q9UHB7	836
SGVPYSPAIP	0.04	Q9UPT5	250
PGTRLSLARM	0.04	P14136	38
FGESSTESDE	0.04	O60927	75
STRSVSSSSY	0.04	P08670	7
CQHPRSPGAP	0.04	Q9NWF9	719
RAFGESSTES	0.04	O60927	73
ESSTESDEEE	0.04	O60927	77
AFGESSTESD	0.04	O60927	74
RKREVSPPGA	0.04	Q8NFC6	3029
LVDHTSPSSD	0.04	P78527	2672
VQPQWSPPAG	0.04	P49589	19
HYYSGYSSSP	0.04	Q5R3F8	755
SIKFDSE___	0.04	Q14978	698
KGRYRSQSGE	0.04	O43933	1209
KRLSKSSATL	0.04	Q3KQU3	273
ARITHSPTVS	0.04	P16157	1686
SNAPKSPLTG	0.03	Q9NP66	105
IGLDESELDS	0.03	Q96RS0	85
RSRSGSRGRD	0.03	Q13242	199
QHVPGSPFSV	0.03	P21333	2128
PRRSNSPDKF	0.03	Q16204	419
SKAGLSPANC	0.03	Q14692	552
KARKLSSAMS	0.03	P40925	241
LRRHLSQDHT	0.03	Q8TEK3	786
ESGITTPPKM	0.03	P21359	2565
QKKIFSKQQG	0.03	Q16513	497
ESELDSEAEL	0.03	Q96RS0	89
RLVIGSLPAH	0.02	Q8NHG8	145
SLPDRTPFHT	0.02	Q08495	274
SAPQMSPGSS	0.02	Q14157	467
PQLLPSSSLE	0.02	Q13823	476
SGIRKKFNGK	0.02	Q96RK0	496
KYSPKTPPRW	0.02	P49792	799
LERSHSARMT	0.02	Q93008	2462
EDEEGS____	0.02	P12004	261
RRDRNSWGGF	0.02	Q8WXF7	10
HQRSSSESYT	0.02	Q9BTU6	462
SSNPSSPGRI	0.02	Q9NTI5	1166
QIHVKSPPRE	0.02	Q13098	468
LERSHSARMT	0.02	O00507	2463
TSDLMSPSKR	0.02	Q9NVR2	231
PATKRSFSKE	0.02	Q04637	1185
QGAGVTLPPT	0.01	Q6P996	687
ATTPLSGNSS	0.01	Q9Y608	320
LKSGMSPEQS	0.01	Q9UQ35	1132
KYRPASASVS	0.01	P46108	194
LSRCSSMSSL	0.01	O15027	2295
QIKSSSQENL	0.01	Q3V6T2	1702
DLVAPSPDAF	0.01	Q12888	366
SGSSESPASL	0.01	Q15811	986
TPGHATPGHG	0.01	O75533	278
LSKSNSVSLV	0.01	Q6R327	1284
LKRSYSSPDI	0.01	P40818	718
FSLSGTLETV	0.0	Q9Y2S7	292
QARRLSQPES	0.0	Q9UKV3	710
STKKRSESPP	0.0	Q14669	310
LERNDSWGSF	0.0	Q7Z417	652
KPLTESPFKV	0.0	P52948	1192
QQKAASLDER	0.0	Q15772	476
KRNVESGEEE	0.0	Q96HS1	80
DSESISPGDF	0.0	Q52LW3	559
AVGRRSPVST	0.0	Q8ND56	216
SATCHSEDSD	0.0	Q13371	293
RYRQRSPSPA	0.0	Q9H7N4	498
KKRKRSRSTT	0.0	Q9UQ35	248
AGQRSTM___	0.0	Q53TN4	285
RKRSRSTTPA	0.0	Q9UQ35	250
QMPQASPGLA	0.0	Q8N3F8	578
KLKSYSEPEK	0.0	Q13796	764
RRRHASAPSH	0.0	O60343	341
RRRNKSTESL	0.0	P26373	106
RSPSPSPTPE	-0.01	Q8TAQ2	306
RSLVGSWLKL	-0.01	Q6ICG6	362
HGEPTSDLSD	-0.01	O95696	1052
PTSDLSDID_	-0.01	O95696	1055
RSWEDSPERG	-0.01	Q9UDY2	174
GRSRSSPSTD	-0.01	Q13796	922
EMHLKAPKIS	-0.01	Q09666	3742
RRHRHSPTGP	-0.01	P98175	89
DREGASPVTE	-0.01	Q9ULJ3	422
YQSRGSPHYF	-0.01	Q13242	211
VRRVSSSRSV	-0.01	Q8IYB3	749
SVRRVSSSRS	-0.01	Q8IYB3	748
ELASRSPIRQ	-0.01	Q9UQ35	1112
HRRGQSPLPR	-0.01	Q9BQ65	36
VTRSASSPRL	-0.01	O14974	472
SSRSRSLTLL	-0.01	Q9BXB5	188
SGAGFSPSSK	-0.01	Q9C0C2	1138
FPKALSIESL	-0.02	Q9Y3M8	411
LAHNVSKDNR	-0.02	O00329	1039
PEDDYSPRER	-0.02	Q14160	835
TGDKASPDQN	-0.02	Q14677	299
APRRRSPSPT	-0.02	P49450	17
RRRSPSPTPT	-0.02	P49450	19
HQAGGSPPAS	-0.02	Q8N122	877
PRRAQSLKAP	-0.02	Q6R327	1302
VRRRYSDFEW	-0.02	O60493	72
CEEEFSDSEE	-0.02	Q13547	421
IAGGGSSCSP	-0.02	P42858	429
SQHSHSIQHS	-0.02	Q9NYF8	264
EEFSDSEEEG	-0.02	Q13547	423
TTPRRSRSVS	-0.02	Q9UQ35	950
SIRKPSPEPR	-0.02	Q9UDY2	966
SIRRHSVSEM	-0.02	P85299	282
LKKQKSYTLV	-0.02	O43491	87
RRRRNSTSST	-0.02	O75140	1530
TSSPQSPVFR	-0.03	Q8N556	668
TEEIVSEAES	-0.03	Q5QJE6	141
KEELMSSDLE	-0.03	O00567	519
APMESSDEED	-0.03	P55081	53
YAPMESSDEE	-0.03	P55081	52
RPFMGSISQQ	-0.03	Q9NWS0	173
KFRDLSPPRY	-0.03	Q96SN8	1238
DRSGSSSPDS	-0.03	P17812	574
FVQRCTP___	-0.03	O43776	547
AESHVSGISR	-0.03	Q5QJE6	148
DSYSNTLPVR	-0.03	Q9UQB8	340
MARRASRGPI	-0.03	Q9UNF1	218
ALKVDSPDVK	-0.03	Q7Z4V5	490
LQKENSPRRG	-0.03	Q9Y4B5	1278
EVLESSQEAL	-0.03	O60565	77
NLRSRSLSGT	-0.04	Q6ICG6	351
LKRSVSLTPP	-0.04	Q9UPU9	254
KNRELRPQRP	-0.04	O15213	54
GHGWMSHEDL	-0.04	Q9UPU9	272
EKITGTPRKA	-0.04	Q7Z6E9	1087
ISENYSDKSD	-0.04	Q9Y6R1	65
QEAAGSPRVQ	-0.04	Q8N720	12
PGIPPSANAH	-0.04	P51812	375
NYSDKSDIEN	-0.04	Q9Y6R1	68
NLCRRSILGT	-0.04	Q9NXD2	751
PKKPLSPPKK	-0.04	Q13029	1484
LPRSYSHDVL	-0.04	Q13480	266
LPRQNSTGQA	-0.04	Q9UJF2	864
RRSSRSSPEL	-0.05	Q9UQ35	1693
PRRRSSRSSP	-0.05	Q9UQ35	1691
SGRPVTPPRT	-0.05	P62140	316
DLLEDSPKRP	-0.05	P51858	165
TPSRHSCSGS	-0.05	Q9UQ35	890
KRSRRSLEGG	-0.05	Q9Y613	367
GKAGGSPASY	-0.05	O95208	192
TTPSGSPRTS	-0.05	Q2M2I8	678
PSAQKSPTSP	-0.05	P28370	116
GGSPASYHGS	-0.05	O95208	195
EDFPASPQRR	-0.05	Q9Y6G9	207
QRVNASPAGR	-0.05	Q8N554	160
GGRRVSKALM	-0.05	Q9UNF1	206
NSITKSPPLM	-0.05	Q5VZ89	741
LSKSLSFEMQ	-0.06	Q9Y6Y0	338
STTPGTPSTI	-0.06	Q06455	595
GRQGSSAEQP	-0.06	Q68CZ2	763
LRKTVSEPNL	-0.06	Q8WUI4	155
TDIRKSDLIQ	-0.06	Q96MF7	223
RDKSDSPAIQ	-0.06	Q96ST3	940
CPRSASASPL	-0.06	Q3KQU3	366
YSFCGTVEYM	-0.06	P51812	231
MQRSSSFSLP	-0.06	Q14153	167
CCRRKTSDFN	-0.06	Q9UHD1	199
QQKRLSSLSD	-0.07	Q9BX66	325
RISSKSPGHM	-0.07	Q9NWH9	553
APEPSSPGAA	-0.07	O00178	25
RSRRPSPLAP	-0.07	Q9UMN6	1917
AVPNHSPEKK	-0.07	Q8N6H7	146
RSRSYTPEYR	-0.07	Q13595	88
RVKSSTPPRQ	-0.07	Q9UQ35	903
TPPRQSPSRS	-0.07	Q9UQ35	908
ESAIHSPGTV	-0.07	Q96C57	179
RETPHSPGVE	-0.07	Q9UHB6	490
FKRQLSLRIN	-0.07	P49757	295
RPRTRSNPEG	-0.07	Q9NWV8	29
DGQVFSPKKG	-0.07	Q5T200	993
YYAQTSPQGM	-0.07	Q96AE4	630
SVGVLSPQKK	-0.08	Q9UGU5	497
SGPGLSPGMV	-0.08	P21333	1459
RIMEETSGME	-0.08	Q9UIF9	1050
KRSQGSSQFR	-0.08	Q15172	41
QTQHVSPMRQ	-0.08	P29692	133
PKHSHSPASS	-0.08	Q9HDC5	475
HSPASSPKPL	-0.08	Q9HDC5	479
IPTGTTPQRK	-0.08	P52732	926
LSPLRSPPLI	-0.08	P46821	1400
NKRSRSPLEL	-0.08	Q92466	26
FDMTASPKIL	-0.08	Q9ULU4	406
QNPVSSPGMS	-0.08	P46937	367
MYPPRSPKSA	-0.08	Q8WWM7	449
TSRRQSVSPP	-0.08	Q9NYV4	274
RRQSVSPPYK	-0.08	Q9NYV4	276
IRIQESPGKV	-0.08	P49736	381
PDGKESPSDK	-0.08	P43243	604
SISEPSDTDP	-0.08	Q8N1F8	392
RRASISEPSD	-0.08	Q8N1F8	389
KAKSRTPPRR	-0.09	Q9UQ35	810
RRYQKSTELL	-0.09	Q71DI3	58
RSRSRTSPIT	-0.09	Q9UQ35	1974
IKIFGSRVRV	-0.09	P78371	254
GSAALSPSKK	-0.09	Q92522	31
AHKLDSPTMS	-0.09	P19634	693
TDGSISGDRQ	-0.09	P51116	603
NRTDGSISGD	-0.09	P51116	601
QPKAKSRTPP	-0.09	Q9UQ35	808
WHRARSDDYL	-0.09	Q9P227	351
HIRSHSDTSI	-0.09	Q92622	410
SLSESSPPKA	-0.09	Q9UHB6	374
VQRKLSSGDL	-0.09	Q86UU1	563
RARAHSIQIM	-0.09	Q02543	123
RKRSKSEDMD	-0.1	Q6VMQ6	559
RMRLESLSYQ	-0.1	Q03252	316
RTRRNSTTIM	-0.1	Q7Z309	50
RLRSFSMQDL	-0.1	Q9H6H4	152
WRRTNSDSAL	-0.1	Q6UUV9	151
KSRSRSPAYS	-0.1	Q9NYV4	359
RSRIPSPLQP	-0.1	Q96GY3	182
RRRSNTLDIM	-0.1	O94915	1959
PMWRRSPPRM	-0.1	Q15287	266
RLRGRSFAGN	-0.1	Q01813	386
HKRSLSLGDK	-0.1	Q9UMZ2	1075
LRRHASLDGA	-0.1	Q8N350	299
ERGRLTPSPD	-0.11	Q8WXI9	120
GRLTPSPDII	-0.11	Q8WXI9	122
DSPPVSDSEE	-0.11	Q9BTC0	809
PDLEDSPPVS	-0.11	Q9BTC0	805
INRSASEPSL	-0.11	P04049	621
LFKKVSPWET	-0.11	Q9UKK3	1306
RNRLGSGGSG	-0.11	Q9Y6R9	373
TRASESPARG	-0.11	O43237	383
RECRESGSEQ	-0.12	Q14690	1476
ITGCASPGKT	-0.12	P50991	381
EDRALSPVIP	-0.12	O14686	4738
APASPTHPGL	-0.12	P85037	422
HPGLMSPRSG	-0.12	P85037	428
YCRSISPEWK	-0.12	O00159	864
ASLSHSAGNI	-0.12	Q6T4R5	479
GDRNGSPGGT	-0.12	Q9Y3M8	171
GSPSLSPRHG	-0.13	Q6VN20	369
TPPRRSRSGS	-0.13	Q9UQ35	797
QQTRISASSA	-0.13	P49023	258
MSPRASPLPP	-0.13	Q8NDT2	113
VVYAFSPKIG	-0.13	A7KAX9	892
SPRSRSPARG	-0.13	Q9P270	366
TKRAHTPTPG	-0.13	Q13595	202
RSRRSSIGLR	-0.13	Q96GN5	139
RPQSPSPRRE	-0.14	Q99590	818
KSPRITPPAA	-0.14	P35658	670
KKRPQSPSPR	-0.14	Q99590	816
LRRAASALLL	-0.14	Q9H1K1	14
LGRHPGAHQG	-0.14	Q9HBL0	1381
DGESTSPSDK	-0.14	Q8NE71	22
TVEHGSPRTR	-0.15	Q96GP6	718
RTLSSSSMDL	-0.15	Q9H0B6	610
RVGSGSLDNL	-0.15	Q13136	668
AKIWLSTETL	-0.15	Q9NXD2	769
LFRSSSKESL	-0.15	Q13439	89
YGYNPSPVKP	-0.15	Q15047	1066
SIRSPSLSD_	-0.15	Q6P1X5	1196
SATFKSFEDR	-0.15	O43399	166
GYYSPYSVSG	-0.15	Q15149	4615
RSPSLSD___	-0.15	Q6P1X5	1198
HPLSRSVPGT	-0.15	Q8N1W1	758
KPRSTSPAGQ	-0.16	Q5T200	318
AGQHHSPISS	-0.16	Q5T200	325
KKGPRTPSPP	-0.16	Q5T200	263
GPRTPSPPPP	-0.16	Q5T200	265
RGRRPSGPDG	-0.16	Q8NDX5	842
PIGPESPSST	-0.16	Q56NI9	512
RRRGGSGYHS	-0.16	Q9UQ35	1818
MRRSLSVEHL	-0.16	P26045	359
RSRRASLSEI	-0.16	Q00537	180
LVPDASKQRL	-0.16	Q9NR12	144
RRRGRSRTPP	-0.16	Q9UQ35	1842
KASSPSGKMG	-0.16	P26639	10
EVVGESDSEV	-0.16	P55081	116
RGRSRTPPTS	-0.16	Q9UQ35	1844
PPGNWSPRPP	-0.16	Q13501	207
VGESDSEVEG	-0.16	P55081	118
MDRMGSVERM	-0.16	P52272	446
SHGHERRDER	-0.17	Q14241	151
RERSMSTLTP	-0.17	Q9NS62	671
RARAHSHEEA	-0.17	Q96FS4	74
PEGPGSPLLA	-0.17	Q9C086	351
AVRPASLNLN	-0.17	Q96N67	888
KINWASFRRR	-0.17	Q9H0W5	273
RSRSGSIVEL	-0.17	P42858	419
KSKGESDDFH	-0.17	P11388	1495
DFIPVSPAPS	-0.17	Q96E09	143
QALPASPALK	-0.17	Q15554	365
AGVGGSLRAQ	-0.17	Q9BRK4	570
LPRNVSPEFV	-0.17	O94986	1461
VSPAPSPTRG	-0.17	Q96E09	147
SSKSFSLDEP	-0.17	Q92576	682
PRKSASLSNL	-0.17	Q9Y3M2	20
QSAAVTPSST	-0.18	Q16186	217
SGAFLSPSVS	-0.18	P52948	1060
VHGPRTPCEE	-0.18	P21333	2599
TPRSTTPGTP	-0.18	Q06455	592
ASVRGSSEED	-0.18	Q8NC56	138
SVRGSSEEDE	-0.18	Q8NC56	139
AKVPASPLPG	-0.18	Q7KZI7	456
QPKVKSPQRP	-0.18	Q5UIP0	782
YGVSGSPTKS	-0.18	Q9NXC5	766
RERRISHSLY	-0.18	Q8TEW0	715
AARMKSLEQD	-0.18	Q14160	1508
LQERYEIVGN	-0.18	P49761	157
RANTLSPVRF	-0.18	Q9H792	281
PSATQSPISK	-0.18	Q9BQG0	1163
AGRSQTPPGV	-0.19	Q15648	1051
RSRSRSPTPP	-0.19	Q8IWX8	817
RRRSRSRSPT	-0.19	Q8IWX8	815
RSRSPTPPSS	-0.19	Q8IWX8	819
LNSRRSPVPA	-0.19	O43432	495
SQRRPSQNAI	-0.19	Q9BXB4	189
LNKRLSLPAD	-0.19	Q00537	146
VDRRKSQMEE	-0.19	Q12929	685
AVPVESPVQK	-0.19	Q8TB61	427
DLISESPIKG	-0.19	P61978	216
ITLVKSPISV	-0.19	P51610	666
SRMVCSPVTV	-0.19	Q96HA1	269
SRMVCSPVTV	-0.19	A8CG34	246
GRRRRSRSRS	-0.19	Q8IWX8	813
NARWNTLNKK	-0.19	Q9UPN3	5327
VAGHESPKIP	-0.19	O94979	799
TSRDTSPSSG	-0.2	Q8NEY8	205
PLVPESPRRM	-0.2	Q86WB0	321
PSTPKSPGAS	-0.2	Q9Y4E8	229
TVSDNSLSNS	-0.2	Q96RU3	299
EAVTPSPSFQ	-0.2	Q9UKG1	401
TLKSRSEVDL	-0.2	Q9P2T1	28
QKYFDSGDYN	-0.21	P56211	62
PMPASSPVIC	-0.21	Q15365	190
SRRSRSDNAL	-0.21	Q7Z3G6	695
LARQGSFRGF	-0.21	P49757	276
SRRTQSSLTV	-0.21	Q86V48	995
RSHSESPSRL	-0.21	P25054	2535
QKYFDSGDYN	-0.21	O43768	67
IARSHSESPS	-0.21	P25054	2533
RRRLRSYEDM	-0.21	O60716	320
SRGRDSPYQS	-0.22	Q13242	204
GVDSLSPVAS	-0.22	Q9UBW7	305
FAPTKTWRRW	-0.22	P36578	107
SMGHGSRRDL	-0.22	Q7Z3G6	740
SDEVQSPTGV	-0.22	Q00537	122
VMRQSSLTFQ	-0.22	Q53SF7	1070
PGKLRSPFLQ	-0.22	Q9UJU6	283
ERMGLSMERM	-0.22	P52272	528
RSRSRTSPVT	-0.22	Q9UQ35	1986
SSRGSSPTRV	-0.23	Q5JRA6	1745
PRRSRSRSPD	-0.23	Q07157	313
FTFSQSTPIG	-0.23	Q96N96	78
TPRESSPLYS	-0.23	P46821	1793
SSRSVSGSPE	-0.23	Q8IYB3	754
KRSRLTPVSP	-0.24	Q13501	269
QQGEDSGSDP	-0.24	P18858	911
GEDSGSDPED	-0.24	P18858	913
RYGPLSEPGS	-0.24	Q9H1Z4	70
LPRSRSQPCD	-0.24	Q9NYF3	273
RKRKLSGDQP	-0.24	Q13428	1350
PRRRASAPHG	-0.24	Q8N4B1	213
IDSNISPKKD	-0.24	Q9H501	153
MHRQETVECL	-0.24	Q13555	287
MARIHSMTIE	-0.24	O60658	386
NARSNSLRLS	-0.24	O94915	1941
FTRSNTISKP	-0.24	Q53SF7	275
VPQSGSPEPE	-0.24	O75970	1595
KPVGVSKPIG	-0.24	Q96KM6	207
KPIGVSKPVT	-0.24	Q96KM6	195
PPVPASPTCN	-0.24	Q96C00	13
RPAAASPIVS	-0.24	Q9Y2K7	558
IRSSMSGLHL	-0.25	Q13085	80
GPPPPSPDGA	-0.25	Q9NTJ3	22
ARSSGSPKFA	-0.25	Q13330	460
ISRRRSRSRT	-0.25	Q9UQ35	1888
VSRRRSRSRT	-0.25	Q9UQ35	1923
RRRSRSRTSP	-0.25	Q9UQ35	1890
GGSHGSETED	-0.25	Q9UKJ3	653
SPDGASSDAE	-0.25	Q9NTJ3	27
QFPRFSPVLG	-0.25	Q9NRG9	495
VSSDESSSGE	-0.25	Q08945	671
IIRSKTFSPG	-0.25	Q8IX03	929
ASSHSSQTQG	-0.25	P02545	407
LQVPVSPTVP	-0.25	Q03164	3036
LKKSHSSPSL	-0.25	Q9NYI0	1011
ITRQNSSSSD	-0.25	Q12929	659
SSDESSSGEN	-0.25	Q08945	672
QKTPTSPLKM	-0.26	O60264	116
EVPSDSDEDG	-0.26	Q96T58	1382
VFLGDTDVFG	-0.26	Q9Y4E1	416
QRSAGSFKRN	-0.26	P21359	2829
RRQSSSRFNL	-0.26	Q14738	90
LAETASPVAV	-0.26	Q15154	861
VFLGDTDVFG	-0.26	Q641Q2	416
APVEKSPAKK	-0.26	P16401	18
PGEVPSDSDE	-0.26	Q96T58	1380
FMRQLSALSS	-0.26	O15438	908
TSKTSSPGGK	-0.26	Q70E73	965
GQNEESPRKR	-0.27	Q9NVF7	344
SDDFDSPVKG	-0.27	Q96T23	397
SRFRYSGKTE	-0.27	Q9HCM4	348
RSRSGSSPGL	-0.27	Q9UQ35	1443
SATRPSPSPE	-0.27	Q9UQ35	351
AEQNESSDEE	-0.27	Q96KC8	479
RKRTYSLTTP	-0.27	Q9Y4H2	577
VAEPASPEQE	-0.27	P46013	308
EQNESSDEES	-0.27	Q96KC8	480
__MEESEPER	-0.27	Q9UJV9	4
YHIGGSPFKA	-0.28	P21333	2510
VKRRFSDFLG	-0.28	O60749	185
QGPRGSPNAR	-0.28	P19338	563
SSERVSPGGR	-0.28	O00423	140
SSDGESN___	-0.28	Q9BW71	555
DKCSASPPLR	-0.28	P46013	827
QNAAGSQEKL	-0.28	Q9Y490	2040
MDRGVSMPNM	-0.28	O14639	706
SQLKGSPQAI	-0.28	Q8WYP5	1160
RGIISSDGES	-0.28	Q9BW71	551
LSVKGSPKVD	-0.28	Q96T58	1287
CAACKTPIRN	-0.28	Q9NR12	372
VKKTRSIGSA	-0.28	Q9H0H5	203
NSGTQSDGEE	-0.28	Q6P1M3	965
IKRTSSSERV	-0.28	O00423	135
HQRQLSLPLT	-0.29	Q9C0I1	564
HKRTYSDEAN	-0.29	Q9BXF6	307
VPVEGSPGRN	-0.29	Q8NE01	700
HRRRGSFSSE	-0.29	Q6P6C2	361
PQSSRSPSYR	-0.29	O76039	479
DSRSLSYSPV	-0.29	Q9UQ35	2692
PGALVSPRFE	-0.29	Q9P227	372
TSSVSSISQV	-0.3	P42356	260
PPVQESV___	-0.3	P61247	263
LPRSNSLPHS	-0.3	Q8TBZ3	434
HERRHSDVSL	-0.3	Q9UQ26	400
RAKSRSLERK	-0.3	Q13523	396
RLRSPSNDSA	-0.3	Q5T200	1210
SGRLRSPSND	-0.3	Q5T200	1208
GRRAKSRSLE	-0.3	Q13523	394
FNRSSSDMDL	-0.3	Q5HYK7	369
RTRANSMEGL	-0.31	O43306	576
LRVLHSPPAV	-0.31	Q9Y4B5	1514
KSSKASLGSL	-0.31	Q09666	5749
EPRRHSPPIE	-0.31	Q8IZD4	283
LGEKLSPLPG	-0.31	Q15742	171
PGASSGTSGD	-0.31	P29692	72
ALPPVSPLKA	-0.31	Q04637	1231
KHSDKS____	-0.31	Q9NZN5	1544
PKESRSPQQS	-0.31	Q6IBW4	284
WTEHKSPDGR	-0.31	O75400	151
VVRSLSYEEP	-0.31	Q8IZD4	275
AMLAESPHTR	-0.31	Q8TF44	156
KIRPVSLPVD	-0.31	Q52LW3	1019
ATKSGSTTKN	-0.32	P06730	209
AAEARSPAPG	-0.32	Q96K58	10
PKCFRSVSPE	-0.32	Q14966	558
NPFRGSPKCF	-0.32	Q14966	552
FPLAHSPQAE	-0.32	Q7Z3B3	1045
VQRINSIYNA	-0.32	P78524	622
EEKRLSISKF	-0.32	Q15057	540
LCPGASPARQ	-0.33	Q8N961	365
TSAVSSPLLD	-0.33	Q5T200	242
LYEALTPVH_	-0.33	Q9UKF6	681
GEATLSQPPP	-0.33	P20290	30
MRRSVSEAAL	-0.33	Q05469	855
KSMRKSPLGG	-0.33	Q68DK7	205
EGNADSAMS_	-0.33	O14763	437
NRGGLSPAND	-0.33	P30419	47
SSGTASSVAF	-0.33	Q8WWY3	450
EVRYGSLKYK	-0.33	Q6NUK4	242
VRRSSSPAEL	-0.33	Q2PPJ7	821
LARCPSPTMS	-0.33	Q8N3V7	754
NKPVKSPTPT	-0.33	Q8WY36	159
PTAPLTPLLH	-0.34	Q7L2J0	291
GLATYSPPMG	-0.34	P21359	864
KSKKISLKYT	-0.34	P46940	1560
RKRRHSTSPS	-0.34	O15042	930
HSTSPSPSRS	-0.34	O15042	934
RRHSTSPSPS	-0.34	O15042	932
VSGRTSPPLL	-0.34	Q9UQ35	2398
APVMHSPSRK	-0.34	Q13573	232
FVSRGSPNET	-0.34	Q63HN8	2904
FSRGGSLESR	-0.34	Q86WR7	31
GRYRHSMTNL	-0.34	Q86UW9	217
SNHTGSPRSP	-0.34	Q13111	772
TGSPRSPSTT	-0.34	Q13111	775
SEEGLSPSKR	-0.35	Q9UIF9	1783
RTRTYSATAR	-0.35	Q9Y534	58
DYDDMSPRRG	-0.35	P61978	284
AFVEDSEDED	-0.35	Q8N9T8	171
RQRSASVNKE	-0.35	Q8WWI1	1493
RNRSASITNL	-0.35	Q9Y2I7	307
SEDEDGAGEG	-0.35	Q8N9T8	176
AAAAASPPLL	-0.35	Q99536	44
LPRHISLTLP	-0.36	Q9H7P6	224
RQRSVSPYSR	-0.36	Q9NYV4	303
LAIRESIESE	-0.36	P55072	702
LYPQISPLKI	-0.36	P85037	223
SRRQRSVSPY	-0.36	Q9NYV4	301
RSRSRSYSPR	-0.36	P62995	282
KRRRPSALEA	-0.36	Q86Y91	633
SRSRDSGDEN	-0.36	Q8WX93	1121
_MAQASPPRP	-0.36	Q9UIL8	5
TARIASDEEI	-0.36	Q8WX93	893
KARAVSPLDP	-0.36	Q14865	1032
HIVVGTPGRI	-0.36	Q13838	172
LSNRSSPLSW	-0.37	Q8NEY1	312
GFRGNSPEMR	-0.37	Q9P266	885
FDFEGSLSPV	-0.37	Q9H1A4	686
TSPGSSPLAQ	-0.37	Q13191	484
RPRNGTLNKH	-0.37	Q13418	181
TDRQNSPVTS	-0.37	Q13191	476
NSPVTSPGSS	-0.37	Q13191	480
GRGWGSPGRP	-0.37	A7E2V4	1130
IGVGKSRESM	-0.37	P30520	448
PVDDLSPKKV	-0.37	Q92576	1133
VGVGKSRESM	-0.37	Q8N142	449
RSSRSSPELT	-0.38	Q9UQ35	1694
QPRTNTPVKE	-0.38	P78347	558
KIPTMSKKTT	-0.38	Q9UPN3	7373
VKRSATLPLP	-0.38	Q9BX66	497
PSKIPTMSKK	-0.38	Q9UPN3	7371
RHRSSSEITL	-0.38	O60292	172
GLNKPSKIPT	-0.38	Q9UPN3	7367
RLLEDSEESS	-0.39	O60231	103
RSSVSSVGAR	-0.39	Q9BZ67	24
RSHRSSVSSV	-0.39	Q9BZ67	21
RSRSRTPLLP	-0.39	Q9UQ35	2034
EDSEESSEET	-0.39	O60231	106
KERRQSSSRF	-0.39	Q14738	88
RRRSRSRTPL	-0.39	Q9UQ35	2032
MKTCFSPNRV	-0.39	O00303	258
ERRQSSSRFN	-0.39	Q14738	89
RRIDRSMIGE	-0.39	Q9NRR3	27
AGGGSSPYSR	-0.39	Q14004	349
KSQRYSGAYG	-0.39	Q9NX63	50
RPARPSPSPT	-0.39	Q9Y6R9	334
ARPSPSPTGG	-0.39	Q9Y6R9	336
QHPAASPTHP	-0.4	P33176	933
GDLQNSPPPA	-0.4	Q9Y3M8	314
RSRSSSPVTE	-0.4	Q9UQ35	1103
ADGGKTPDPK	-0.4	O75533	142
RTMIISPERL	-0.4	O75533	129
RSLPSSPERR	-0.4	O95685	78
SSRRGSMNNE	-0.4	O00562	593
LRRARSLPSS	-0.4	O95685	74
RIIYDSDSES	-0.41	P35251	69
RRRSRSIDRG	-0.41	Q5VTL8	320
IYDSDSESEE	-0.41	P35251	71
MTRRNTYVCS	-0.41	P27448	507
QTGNKSPEVL	-0.41	Q96S66	438
TALVGSQKEP	-0.41	P17096	44
EEAEFTPPLK	-0.41	Q3B726	322
KERSTSLSAL	-0.41	Q5VZ89	1325
RHRSNSLTRV	-0.41	Q5T5Y3	446
SRARNSGTQS	-0.41	Q6P1M3	961
KKRKHSEEAE	-0.41	Q3B726	316
GSAFGSQENL	-0.41	Q96N67	1438
STGKESPKVR	-0.41	O94921	112
DKVQMTWTRE	-0.41	Q9Y666	980
KERRRSRSID	-0.41	Q5VTL8	318
MARRNTLREQ	-0.42	Q15678	670
KYGYLSLPKP	-0.42	Q9UBT7	538
QASSGSPALP	-0.42	P42684	620
TGVLPSPQGK	-0.42	Q5SRE5	1717
GSGRESPSLA	-0.42	Q8WWM7	339
ARSSGSPEPS	-0.42	Q66K64	310
DRESPSVKRM	-0.42	Q02078	496
RRSVASSQPA	-0.42	Q07157	178
DEKDVSV___	-0.42	Q16543	377
KLRPVSPEEI	-0.43	Q08AE8	387
SMRSLSPFRR	-0.43	Q12802	1559
SLFFSSKEDI	-0.43	Q52LW3	930
ESAPGSPRAV	-0.43	Q6PKG0	521
TGRRNSAPVS	-0.43	Q2M1Z3	1178
AKVFGSLERG	-0.43	Q14680	529
QSLGQSAPSL	-0.43	Q6P0Q8	148
RKLARSCHDL	-0.43	Q9P0V3	296
MLQALSPKQS	-0.43	Q9Y5K3	315
GTLHTSPDLK	-0.44	Q9UPZ3	563
NKRSRSGSQG	-0.44	Q5VTL8	473
RSVASSQPAK	-0.44	Q07157	179
PSPPATPPPK	-0.44	Q8IYB3	406
MSELSSSRPK	-0.44	Q14527	382
KVRKKSSSDP	-0.44	Q68CZ2	361
LRRRLSPEKQ	-0.45	Q9NQT8	645
QDQPRSPVPS	-0.45	Q9UQ35	2449
SWVIGSPEIL	-0.45	Q6P0Q8	900
VMRIASISKS	-0.45	P83111	164
RHHAPSPPRP	-0.45	Q8N612	467
RSRSYSPRRY	-0.45	P62995	284
KIACKSPPPE	-0.45	P46013	2105
HRRILSDVTH	-0.46	Q2M2I8	637
GPGKLSPRKG	-0.46	Q12888	1362
IVGRRSLERT	-0.46	Q96N67	446
RRRSPSPAPP	-0.46	Q8IYB3	562
EKLKMSPGRS	-0.46	Q9UGU0	1019
LCSSSSSDTS	-0.46	Q86WB0	410
GYHSRSPARQ	-0.46	Q9UQ35	1824
SAGEMSPQRF	-0.46	A1L390	1011
GSGYHSRSPA	-0.46	Q9UQ35	1822
RSLSYSPVER	-0.47	Q9UQ35	2694
PRHRMSPGVA	-0.47	Q15596	493
RARSTSLNER	-0.47	P49815	939
SLSGSSPCPK	-0.47	Q9UQ35	783
LRKNQSSEDI	-0.47	Q13625	480
QRHSPSPRRK	-0.47	Q5T200	348
PEVGASPQSG	-0.47	Q86X27	308
SIQRHSPSPR	-0.47	Q5T200	346
DSKTASPWKS	-0.47	Q13813	1190
LSRKLSLRPT	-0.47	O75167	560
LLLPASPVRM	-0.48	Q96E09	76
AKAPGSPAAP	-0.48	Q9NQX5	229
HDFSESSEEE	-0.48	P23497	409
CFSRPSMSPT	-0.48	Q9UQ35	2121
DFSESSEEEA	-0.48	P23497	410
KGRWESQQDV	-0.48	Q9NQT8	1410
DSYPGSPSLS	-0.48	Q6VN20	365
KLKFGTFGGL	-0.49	Q09666	5824
ACKVDSPTVT	-0.49	Q07866	460
KRRLISPYKK	-0.49	O14929	361
RRIPVSPEQA	-0.49	Q9H981	132
RIRANSISRL	-0.49	Q5SW79	1205
SPKTVSPPIR	-0.49	Q9UHB6	609
GGLIRSPRHE	-0.49	P26368	79
LRKAYSFDRN	-0.49	Q58EX7	677
LVHSGSGCRS	-0.49	Q13425	389
IHRRISMEDL	-0.49	Q00537	137
GRRSPSPGNS	-0.49	Q13233	252
GGPGKSPTQG	-0.49	Q6P582	152
WVKSLSPQDR	-0.49	P17480	638
SKGRRSPSPG	-0.49	Q13233	250
GGPGKSPTRG	-0.49	Q6NZ67	152
NKRSASTEKL	-0.49	Q8IWC1	185
PGRPESPPVF	-0.5	Q63ZY3	375
APHKGSFSGR	-0.5	Q86UU1	533
GKRPHSPEKA	-0.5	Q53F19	500
PKVQTTPPPA	-0.5	Q2M2I8	606
GIDSSSPEVK	-0.5	Q15365	264
LARSASPPKA	-0.5	P52701	65
FETQRTPRKS	-0.5	P06400	356
GQRSRSGSSQ	-0.5	Q9UQ35	1539
QGGGGSPRKK	-0.5	Q9UPU5	1943
GEDSDTDVDD	-0.51	Q14676	301
VATTQSPTPR	-0.51	Q8WWI1	1586
LVRQSTFIKE	-0.51	P25054	2442
SSEASSQEED	-0.51	Q9C0B9	494
RRETPSPRPM	-0.51	Q9UQ35	2740
SASKASPPGD	-0.51	O00273	315
IKEAPSPTLR	-0.51	P25054	2449
DSSEASSQEE	-0.51	Q9C0B9	493
KRRRETPSPR	-0.51	Q9UQ35	2738
SLTNPTPIQQ	-0.51	Q9UJF2	620
SASPGSPSVR	-0.51	Q6ZRS2	2790
RWRPHSPDGP	-0.51	Q6Y7W6	236
PDLRCSPVNS	-0.51	Q6AWC2	269
LKEDSSEASS	-0.51	Q9C0B9	490
HLKEDSSEAS	-0.51	Q9C0B9	489
TDGETSEAES	-0.51	Q5QJE6	88
PPGEDSDTDV	-0.51	Q14676	299
RYRTASQGPQ	-0.51	Q9NZN5	1288
ESSPGTDEDK	-0.52	Q13427	748
LQRKLTGMER	-0.52	Q01082	999
SPSQNSPIHH	-0.52	Q9NYF8	290
IHHIPSRRSP	-0.52	Q9NYF8	297
NNGYSGVGNS	-0.52	Q2KHR2	1071
NARYQTQPVT	-0.52	O95425	852
MFQPSSPTRR	-0.52	Q8WUA4	893
QPSSPTRRPG	-0.52	Q8WUA4	895
RGGFDSPFYR	-0.52	Q92574	505
ESRYQTLPGR	-0.52	Q6IQ23	1013
KVKAKSIVFH	-0.52	P62826	135
SQGELTPANS	-0.52	Q13098	479
LGRQASFQER	-0.52	Q9Y3R0	953
YGRAESPDLR	-0.52	Q6UN15	304
FDHESSPGTD	-0.52	Q13427	745
VPKRASARIL	-0.52	Q9BPU6	549
RKKRLSIIGP	-0.52	Q9Y2U5	153
RWRSASPDGG	-0.52	O75420	230
SRRSISSPNV	-0.52	Q9NQT8	1381
WMNNGYSGVG	-0.52	Q2KHR2	1069
MRKSFSQPGL	-0.52	Q86TI0	237
KFDHESSPGT	-0.52	Q13427	744
SKSVASLNRS	-0.53	Q12923	1029
PSTSGSEGVP	-0.53	P29317	901
LEAIITPPPA	-0.53	O75367	129
ISRSTSPTFN	-0.53	Q9BX63	990
RGRKNSFGYR	-0.53	Q92615	498
RARTSSFAEP	-0.53	P49840	21
IKTFWSPELK	-0.54	Q8IUD2	191
AMNLASPRTA	-0.54	Q9UQ35	2272
EALGHSPKDP	-0.54	Q8IU81	436
RAGGASPAAS	-0.54	Q8IU81	453
GQIRATQQQH	-0.54	P78527	2638
RAKTQTPPVS	-0.54	Q14247	401
FLNEGSQARP	-0.54	O75792	277
RERSKSDSYT	-0.54	O75592	2871
PNAGGSPAPV	-0.54	Q3KQU3	399
LILGVSPTAN	-0.54	Q96DA6	70
SRATSSSSGS	-0.55	Q03252	420
EPKVKNPCLN	-0.55	Q9UKA4	1230
AHVRVSPGQA	-0.55	Q96HA7	719
QIKRESPPIR	-0.55	O75376	1322
VKKSASDASI	-0.55	O15056	1124
LQRGVSPSKA	-0.55	P35680	279
KVMIGSPKKV	-0.55	Q68CZ2	1441
RRRLMSMEMD	-0.55	Q9P2B2	875
ADMPKSPFKR	-0.55	Q5VWQ0	547
RSSVKTPESI	-0.55	Q14676	1567
SKARGSPPTS	-0.55	Q9Y4E6	935
RSRSGSSQEL	-0.55	Q9UQ35	1541
KQEQLSPRGQ	-0.55	Q9Y618	1173
GNTSTTPPTS	-0.56	Q13620	49
REKRKSNHLN	-0.56	Q8N7R7	105
SRRSRSESET	-0.56	Q96B23	145
LRRSRSGSIK	-0.56	Q16629	181
PQRSCSLDLG	-0.56	Q6PJG9	585
RSRSGSIKGS	-0.56	Q16629	183
LSRVSSGFGL	-0.56	Q8IZQ1	2278
PEERRSPPAP	-0.56	P15408	200
SIRVGSPQPS	-0.56	O94761	251
DDAPYSPTAR	-0.56	O75151	905
ARGRRSPILL	-0.57	Q8TD16	582
FSRSLSRTPS	-0.57	Q7L4I2	218
TSRALSSSKQ	-0.57	P53999	50
AELSGSPLKS	-0.57	Q9BTC8	519
RSPYGSRSPF	-0.57	O14646	1687
DYRRRSPPPR	-0.57	P84103	108
HCRSLSVPVD	-0.57	Q9NYF3	122
RSRSSSVGSS	-0.57	Q15149	4386
SSSVGSSSSY	-0.57	Q15149	4389
PGSAVSPYPT	-0.57	P04083	37
RGRLGSVDSF	-0.58	O60343	588
GDGDLSAEEI	-0.58	Q14684	245
RRSRSSSSPP	-0.58	Q9UQ35	818
SKRNRSPHHS	-0.58	Q8TAD8	99
SRSSSSPPPK	-0.58	Q9UQ35	820
ECSPTSSLER	-0.58	Q9P1Y6	1127
EDATASPPRQ	-0.58	Q9UQ35	1179
ALRISTPLTG	-0.58	Q08999	401
CSPTSSLERL	-0.58	Q9P1Y6	1128
CFRSVSPERM	-0.59	Q14966	560
PGRSGSVRTA	-0.59	Q7Z2K8	970
LERTASRLGS	-0.59	Q96EY5	188
GGRDDSPVSH	-0.59	Q14004	325
RRRSLSPLGG	-0.59	Q14004	317
RSYRDSGIPD	-0.59	Q9NZU0	639
RKAPASPGAG	-0.59	Q5T6F0	15
EEDGSSDQSQ	-0.59	Q9UNF1	191
DQSQASGTTG	-0.59	Q9UNF1	197
GSSDQSQASG	-0.59	Q9UNF1	194
KPVTVSPTTP	-0.59	Q9Y6G9	510
PLPAESPKKG	-0.59	Q8IXM2	96
GVKSSTPPGE	-0.59	Q9UQ35	1043
SLSTSSPESA	-0.6	Q8N7B6	47
AQKSSSPAPA	-0.6	Q13283	232
EHIPNSPFHV	-0.6	Q14315	1728
PSRSSSPQPK	-0.6	Q9UQ35	914
AARVASPTSG	-0.6	Q9Y4H2	1100
LPQRASPRLL	-0.61	Q9H4K7	40
LLERPSPIRD	-0.61	Q96T37	700
LQRQLSADAA	-0.61	Q5R3F8	619
STRRGSPTTG	-0.61	Q6ZRV2	892
KYVSGSSPDL	-0.61	Q15678	593
RARLCSSSSS	-0.61	Q86WB0	407
CCKRRTTDFS	-0.62	Q9UHD1	47
KGMGCS____	-0.62	Q15365	356
RGRSRSAPPN	-0.62	Q92934	99
TETSKSPEKD	-0.62	O14617	829
HVRSHSSPAS	-0.62	Q9GZV5	89
LDLSLSPRPD	-0.62	Q8TAP8	47
YGYSRSRSGS	-0.62	Q13242	195
PSTSYTPSRH	-0.62	Q9BTE3	160
QRRGRSRSPQ	-0.62	Q9UQ35	534
RGRSRSPQRP	-0.62	Q9UQ35	536
QRRRLSPPSS	-0.62	P50402	49
RHGAGSGCLG	-0.62	Q9BYG5	11
LPRSSSTSDI	-0.62	Q6GYQ0	797
RRGRKSANNT	-0.63	Q9NRL2	1363
PSKTPSPSQP	-0.63	Q9NTI5	1383
GRPSKTPSPS	-0.63	Q9NTI5	1381
QIQQHSLPRS	-0.63	Q9ULJ7	1222
LEDSVSPKKS	-0.63	Q9Y490	425
NSPRPSPKQS	-0.63	Q9P270	353
DAGDPSPPNK	-0.63	Q9BTA9	53
PSPKQSPRNS	-0.63	Q9P270	357
AIRRASAILR	-0.63	P46779	115
KSANNTPENS	-0.63	Q9NRL2	1367
IRGRNSATSA	-0.63	Q7KZI7	40
LSCIHSPVVN	-0.63	Q9Y2X3	109
GARDRTPPLL	-0.64	Q96T37	568
VGRTFSDGLA	-0.64	Q86UU1	430
KSKSPSPLKN	-0.64	O94913	372
IQRRYSPSPP	-0.64	Q8IYB3	605
KSKSKSPSPL	-0.64	O94913	370
SPRAASPAKP	-0.64	Q8N3V7	833
VTRRRSRSRT	-0.64	Q9UQ35	2018
SRKSRSDNAL	-0.64	Q96MT3	683
LVRQGSFTIE	-0.64	Q5SW79	838
RRYSPSPPPK	-0.64	Q8IYB3	607
YSPRRSRGSP	-0.64	Q07955	231
RSRSYSPRRS	-0.64	Q07955	227
PRRSASPERM	-0.65	Q16629	233
MLRSRSLPAF	-0.65	Q99698	2105
ILVPKSPVKS	-0.65	Q9Y232	201
KRESPSPAPK	-0.65	Q8IYB3	452
KRRSTSRQFV	-0.65	Q9H0H5	187
SRPSMSPTPL	-0.66	Q9UQ35	2123
PSPTHSAHCS	-0.66	O15075	36
PVRRLSSGKA	-0.66	O75962	1785
FQDGRSPGPP	-0.66	Q9H1B7	69
VTNDISPESS	-0.66	Q15154	65
RDANVSGTLV	-0.66	Q96IZ0	259
SKRSLSRSPL	-0.66	Q9NYV4	343
VNGLPSPTHS	-0.66	O15075	32
RALRASESGI	-0.66	P48960	831
RSLSRSPLPS	-0.66	Q9NYV4	345
NPDNGSPAMT	-0.66	Q9Y6R1	245
VRRLSSGKAD	-0.66	O75962	1786
KILCKSPQSD	-0.67	P46013	1861
PPKIGSFQLF	-0.67	Q8TCG2	255
TPPLGSPRPR	-0.67	Q9H7P9	450
VLEPLTPPLG	-0.67	Q9H7P9	445
AAPGASPSPG	-0.67	P52701	41
KQRSLSPVAA	-0.67	Q8NDT2	267
APRRGSLPDQ	-0.67	Q6P3S6	488
LTPPSSPKTQ	-0.68	Q2M2I8	624
ALTSMTPTAV	-0.68	P54198	586
NSSGESGDES	-0.68	O60841	186
FPADTSPSTA	-0.68	Q6NZY4	649
DDDSCSINSD	-0.68	Q92870	409
SCSINSDPEA	-0.68	Q92870	412
RSRINSSGES	-0.68	O60841	182
IGEVSSPKAS	-0.68	P35251	312
YRGRLSPVPV	-0.68	Q9UKM9	135
RCSTGSPSKD	-0.68	Q5SW79	971
KVGSLTPPSS	-0.68	Q2M2I8	620
SWDSSSPVDR	-0.69	Q86WB0	359
ATLPKSPSQL	-0.69	O00499	331
RKSRVSVSPG	-0.69	Q8IYB3	429
PIMPASPQKG	-0.69	O00429	616
PKRTTSFFSR	-0.69	Q9BZ67	439
SRVSVSPGRT	-0.69	Q8IYB3	431
RSAPASPTHP	-0.69	P85037	420
DDLLASPPPS	-0.69	Q9C0C2	691
AVGQESPGGL	-0.69	Q29RF7	1305
LIRSQSLRVV	-0.69	Q9H6H4	224
AEATSSTGEE	-0.69	Q14684	453
EATSSTGEES	-0.69	Q14684	454
SRTRASLPVV	-0.69	Q5T5P2	169
ETSFGSSENI	-0.69	Q9UMZ2	935
FRRTRSLHGP	-0.7	O95544	64
VAGLLSPRFV	-0.7	Q8WYP5	528
HVRSLSERLL	-0.71	Q9Y2J4	159
GFPSTSPAKA	-0.71	Q9UDT6	294
VSGLDSPAKT	-0.71	O14578	440
HGHVRSLSER	-0.71	Q9Y2J4	157
SRSGSSPEVK	-0.71	Q9UQ35	1601
ISRHNSTTSS	-0.71	Q8IZP0	323
RQRSTSTPNV	-0.71	P04049	259
LERNLSFEIK	-0.71	Q05209	435
KERAMSTTSI	-0.72	Q9UJU6	269
MSSSHSFPQL	-0.72	Q9Y2J4	183
QDVAVSPQQQ	-0.72	Q96F86	131
THRGSSPGPR	-0.72	Q13112	410
RYRDVSPFDH	-0.72	P18031	50
LRRSQSMKSV	-0.72	Q6NUK4	225
VSGSGSTAGS	-0.72	Q15149	4622
PVLPASPPPK	-0.72	Q9UBC2	229
EPSAPSPTLP	-0.73	Q9H3P2	363
PEEPSAPSPT	-0.73	Q9H3P2	361
NPFYNTM___	-0.73	Q76I76	1422
PENSDTEQDV	-0.73	Q9H2Y7	1372
LSALSSDGEG	-0.73	O15438	912
WRRSRSPYSP	-0.73	Q14004	397
SRSPYSPVLR	-0.73	Q14004	400
STTAHSWQRS	-0.73	Q9UKJ3	981
QLSALSSDGE	-0.73	O15438	911
HVPENSDTEQ	-0.73	Q9H2Y7	1370
SLSQRSPKAS	-0.73	Q9UHD8	85
SPHYFSPFRP	-0.73	Q13242	216
NSRCQTPIKM	-0.74	Q15910	416
QIRSRTPSAS	-0.74	O43765	303
HIMSRSPMVE	-0.74	Q8N3V7	536
DDAPWSPKAR	-0.74	Q9UPP1	880
GEDSDSEGEE	-0.75	Q9C0C9	89
IHGEDSDSEG	-0.75	Q9C0C9	87
SKLSPSPSLR	-0.75	Q5T200	209
VRSKLSPSPS	-0.75	Q5T200	207
ESTQSTPQKG	-0.75	Q9NTI5	1370
QQEIDSDESP	-0.75	Q6T4R5	415
IDSDESPVAR	-0.75	Q6T4R5	418
IIGEDSPSRL	-0.75	Q9Y618	1251
RMGANSLERM	-0.76	P52272	588
TKTTRTPDTS	-0.76	P46821	2034
RGRECSPTSS	-0.76	Q9P1Y6	1124
AIDVKSPRKR	-0.76	Q659C4	633
SLAFDSEHSA	-0.76	Q96L73	483
KERPRSAVLL	-0.76	Q12802	1876
EIRSLSPIIG	-0.76	Q9H4G0	784
RSRSYSRDYR	-0.76	P62995	87
RSRSRSYSRD	-0.76	P62995	85
SSLSSSPSNS	-0.76	O95155	88
ERRAISPTSS	-0.77	O14795	254
RKHSPSPPPP	-0.77	Q92922	330
RKRKHSPSPP	-0.77	Q92922	328
GFRSTSPFGI	-0.77	Q96D09	512
SRKSKSPPKV	-0.77	Q7Z422	39
IHVSRSPTRP	-0.78	Q499Z4	189
ATGPMTPQAA	-0.78	Q7Z2K8	877
RARGISPIVF	-0.78	Q96MU7	308
MPIRRSAQLE	-0.78	Q8N3R9	53
LSRHGSGADS	-0.78	Q9Y2X7	592
LQGSASPSKV	-0.78	Q6VY07	495
QPQSSSPVYG	-0.78	P49023	85
GSGADSDYEN	-0.78	Q9Y2X7	596
QKKIFSKQQG	-0.79	Q16512	495
AASGTTPQKS	-0.79	Q13428	1270
CGERLSLGLS	-0.79	Q9NR12	78
KNRRQSMLF_	-0.79	Q00537	520
LRSRKSPSPA	-0.79	Q14004	340
HVVVGTPGRI	-0.79	O00148	171
LKREGTPPPP	-0.79	Q9Y618	1383
RNKSSSPEDP	-0.79	Q9Y5U2	321
GQPEGGPGAD	-0.79	Q14694	245
TTSISSPQPG	-0.79	Q9UJU6	275
ISRHSSLKNR	-0.8	O75044	909
SARLGSSSNL	-0.8	Q8TDM6	1263
ETSWESPKQI	-0.8	Q86UE4	568
SKRSYSLSEL	-0.8	Q9P0V3	246
DSQECSPRSC	-0.8	Q13111	203
QAAKLSPRDT	-0.8	P49790	687
GGSFESPKKE	-0.8	Q9H4L5	265
LQRSASSSWL	-0.8	Q9BZL4	452
SRNRRSLSPI	-0.81	Q6ZSZ5	1289
LARLSSPVLH	-0.81	Q16643	142
FDSEHSADEK	-0.81	Q96L73	486
QTRRASALID	-0.81	Q9Y2J2	420
HVDRRSMPSM	-0.81	Q6IQ23	631
SKTQLSPSIK	-0.81	Q8NFC6	3019
SPRTLSPTPS	-0.81	O14639	431
RLGLGTLSSS	-0.81	O95248	1138
KTRHSSNPPL	-0.81	Q6PKG0	824
NRRSLSPILP	-0.81	Q6ZSZ5	1291
EDARSSPSQR	-0.82	P33991	32
RRLSPSASPP	-0.82	Q8IYB3	391
LPRKSSPKST	-0.82	Q8WU79	177
IDLPMSPRTL	-0.82	P40763	727
LDRCRSPGML	-0.82	Q9UQ35	2132
LQRAVSVSSM	-0.82	Q9Y4B5	1385
DRRPRSLHPH	-0.82	Q15149	35
VKGPLSPFNS	-0.82	A1L390	76
RARAVSPAPQ	-0.82	Q9P275	742
RATSPSSSVS	-0.82	Q86U86	12
SISNLSEAGS	-0.82	P30622	200
YVPPRSPK__	-0.82	Q71RC2	722
ELAEERAKLE	-0.82	Q9ULE0	909
LSEAGSIKKG	-0.82	P30622	204
PRRSRSVSPC	-0.83	Q9UQ35	952
ASLRRSRSGS	-0.83	Q16629	179
GHRSLSPSSN	-0.83	Q9P266	757
NTSVGSPSNT	-0.83	Q7Z460	1091
ITKKSSPSVK	-0.83	Q6FI81	183
YVSGSSPDLV	-0.83	Q15678	594
GVTGLSQY__	-0.83	Q92900	1127
RSRSASLRRS	-0.83	Q16629	175
RGLQRSRSRS	-0.84	Q9UQ35	1773
LQRSRSRSRR	-0.84	Q9UQ35	1775
GSRSRTPSLP	-0.84	P10636	529
YMSQMSVPEQ	-0.84	Q15154	93
GNFGGSPGYG	-0.84	P22626	259
PKKSDSNASF	-0.84	Q01484	31
SRRALSPLPT	-0.84	Q86UU1	470
GSGCRSPSLG	-0.84	Q13425	393
TAPTLSPEHW	-0.85	Q96JM3	405
PWRSKSMNVK	-0.85	Q8IVL0	336
RRGSRSSPEP	-0.85	Q9UQ35	1674
ISLGDSPRRA	-0.85	Q6IQ23	612
TARRGSRSSP	-0.85	Q9UQ35	1672
TKGYYSPYSV	-0.85	Q15149	4613
PLRAASPFRS	-0.85	O95817	264
GDAPVSPSSQ	-0.85	Q9NYB0	203
VQRSTSFGVP	-0.86	P53814	792
IGKTVSSASR	-0.86	Q9Y6R1	232
KIACKSPPPE	-0.86	P46013	1131
AERSRSPLHP	-0.86	Q9NVW2	230
MWVPESPVCR	-0.86	Q9P266	901
LDRARSRTPP	-0.87	Q9UQ35	2407
IRRSTSSSSD	-0.87	Q7Z6B7	1029
ESREQSPRRK	-0.87	Q6NYC8	213
LSPAMSPALQ	-0.87	Q96DF8	395
CSRPASPEPE	-0.87	Q12756	1532
TPQPCSRPAS	-0.87	Q12756	1528
RARSRTPPSA	-0.87	Q9UQ35	2409
KHRWPTGDNI	-0.88	Q14671	112
HFNDESPLGL	-0.88	Q92974	163
CGRKGSPYHT	-0.88	Q92729	863
QQLDPSPARK	-0.88	Q9H410	331
LAKSVSTTNI	-0.88	Q92974	151
FMRGGSSKDL	-0.88	O43432	1156
TKGILSPRAP	-0.88	O94913	633
RSRSGSSSKG	-0.89	Q9UQ35	1640
KQKYLSFTPP	-0.89	Q13177	141
RKRKASPEPP	-0.89	Q9H1B7	547
KQRDKSPSSL	-0.89	P42684	631
SRSGSSSKGR	-0.89	Q9UQ35	1641
RSGSSSKGRG	-0.89	Q9UQ35	1642
VARTDSPDMH	-0.9	Q9BW61	95
TQSQITPPGT	-0.9	Q8N0Z3	235
DGLPRTPSRR	-0.9	Q9UQ35	1434
RKRSISESSR	-0.9	Q9H307	692
SISESSRSGK	-0.9	Q9H307	695
GASPRSPVPT	-0.9	Q63HR2	1003
RRQSSSSAGD	-0.91	Q9BRA0	24
AAHTSSPQPS	-0.91	Q9C0C7	1205
SMVQKSPRIT	-0.91	P35658	666
GSGFRSPHLW	-0.91	P00519	683
KVKPETPPRQ	-0.91	Q9UQ35	983
QSHSGSISPY	-0.91	Q9UQ35	992
HSGSISPYPK	-0.91	Q9UQ35	994
QRSTSTPNVH	-0.91	P04049	260
RKASGSENEG	-0.91	Q02880	1552
KKRKASGSEN	-0.91	Q02880	1550
GKRKASGPPV	-0.92	P16402	37
TIEQESPIMA	-0.92	Q9NP61	331
YNSNMSPEEK	-0.92	P78316	96
LRRSQSTTFN	-0.92	Q86W92	601
HGARTSDSDQ	-0.93	Q96CV9	526
LLSLRSPKAR	-0.94	Q9UNF1	247
RSRSGSSPEV	-0.94	Q9UQ35	1581
KSSISSISGR	-0.94	Q86SQ0	418
TQKPPSPPMS	-0.94	Q8IZP0	183
TNRGASQAGM	-0.94	P37802	185
EEKIHSPIIR	-0.94	O60885	1117
RQRSRSGSSP	-0.94	Q9UQ35	1579
HQRSKSDPSR	-0.94	P21580	565
GHRRQPPARP	-0.95	Q92917	82
LQRSRSDIDV	-0.95	Q7Z460	600
GPRSPSYGRS	-0.95	Q07955	201
RRRSPSPYYS	-0.95	P62995	266
RERKSSISSI	-0.95	Q86SQ0	415
FKKMVTPKKR	-0.95	Q02952	618
VTPWASFKKM	-0.95	Q02952	612
LRLSPSPTSQ	-0.96	P02545	392
LNRNQSPVLE	-0.96	P51812	715
VRLRRSRTPL	-0.96	P18583	2020
ERLRLSPSPT	-0.96	P02545	390
LRRSRTPLRR	-0.96	P18583	2022
LSREGSPIPH	-0.96	P85037	445
IGEPQSPSRR	-0.96	Q96C19	74
IPPPVYEEQD	-0.96	Q96I25	214
QKSPTSPLNM	-0.96	P28370	119
RIPVLSPKPA	-0.96	Q6PJT7	665
STGLCSPDLV	-0.97	O75030	414
LPQLVSPIVS	-0.97	O75970	230
PRGQGTPPSG	-0.98	Q9UMN6	2083
SEAAPSPSKR	-0.98	Q96GP6	698
VCQEGTLKRK	-0.98	P42356	250
SRRSRSPLLN	-0.98	Q13523	368
AGRAPSPPPP	-0.98	Q96GP6	687
DKSRRSRSPL	-0.98	Q13523	366
RSRTASGSSV	-0.99	Q92597	330
EQAEKSPGPI	-0.99	Q86WB0	344
EPKRKSLTFT	-0.99	Q8NHQ8	129
TLYRQSLPPL	-0.99	Q8NHQ8	105
LLKTGSSGAL	-1.0	Q9BZL4	427
IVRSQTFSPG	-1.0	Q6AWC2	1004
GGSGGSGGYG	-1.0	P22626	344
VNKRHSLEVM	-1.0	Q15678	642
THREPSPVRY	-1.01	Q9C0B5	529
ALASERETDI	-1.01	Q9HBL0	621
MGRAISTGSL	-1.01	Q12923	908
HPGTCSPSRP	-1.01	Q96SN8	1887
SSGPRSPLDQ	-1.02	O14646	1677
RSRSFSSSAE	-1.02	Q96EQ0	297
GGVTGSPEAS	-1.02	Q09666	5731
SGLMST____	-1.02	Q8WWY3	499
RIHRASDPGL	-1.02	P27708	1859
RPRSSTVTEA	-1.02	Q8TD19	333
SSRSYSPERS	-1.02	Q8NEY8	155
GLGVLSPSGE	-1.03	Q15746	365
SDADDSDSDA	-1.03	Q96ST2	420
TPKTVTPASS	-1.03	Q16555	514
ADDSDSDAVS	-1.03	Q96ST2	422
IFSRLSISDD	-1.04	Q07352	334
SAGSGSPSKT	-1.04	Q9UPQ0	523
AKRHLSQPQL	-1.04	Q8IVE3	459
VSSRSTFHAG	-1.04	Q7KZI7	596
MIRSFSEPFG	-1.04	P58340	34
KSRSLSASPA	-1.04	O95544	48
RRRATSPSSS	-1.04	Q86U86	10
WYKRHSIAIG	-1.04	Q8WUY9	160
QGGEASPQRT	-1.04	Q9UJU6	232
NMKRLSPAPQ	-1.05	Q9UH99	54
DTHPGSPGSP	-1.05	Q8N0Y2	232
QPRRRSIQDL	-1.05	O43318	439
GGRRGSLEMS	-1.05	Q6ZN18	206
RKREDSAPPS	-1.05	Q9BZE4	558
CAYPGSPGPG	-1.05	Q6PJ61	293
RRKLNSGGGL	-1.05	Q96KQ7	232
RSRTGSESSQ	-1.06	P23588	422
RVRSMSGGHG	-1.06	P49815	1132
AVQAASPERA	-1.06	Q86U90	60
RERLGSFGSI	-1.06	Q14315	2233
FTRTFSPSKP	-1.07	P86791	76
FTRTFSPSKP	-1.07	P86790	76
ELSMGSPGPV	-1.07	Q96N21	333
PTRRVSPLNL	-1.07	Q9UJX2	588
KQRRFSDQAA	-1.08	Q7KZI7	409
IIRSGSPKLD	-1.08	Q5TCQ9	699
EGDHSTPPSA	-1.09	P07355	19
SYPTNSLTRS	-1.09	Q9H2E6	924
LGVSVSPSRA	-1.09	Q86VM9	534
KARRNSAKGC	-1.09	Q7Z417	230
QVTEQSPKVQ	-1.09	Q14966	128
RRPRDSPTLS	-1.09	Q9HD20	899
PMFVETQASQ	-1.09	P78527	2609
FQRAITGASL	-1.09	P83731	83
TVSRASSSRS	-1.09	P20700	404
VSRASSSRSV	-1.09	P20700	405
LSRAQSSPAS	-1.09	P56524	632
RGCSAPPSRL	-1.1	Q9UHR6	60
SERASSPAQC	-1.1	Q13614	631
GHEPVSPRSL	-1.1	Q9BTA9	511
SFSPKSPLEL	-1.1	Q15742	162
MDGSETPQLF	-1.11	Q13435	780
DSRRRSPQEG	-1.11	Q9Y4F5	772
LQRSKSDLSE	-1.11	Q9BQ89	189
RRRSRSRTPP	-1.11	Q9UQ35	2020
KASLGSLEGE	-1.11	Q09666	5752
RAAKLSEGSQ	-1.11	Q9UKV3	240
KLSEGSQPAE	-1.11	Q9UKV3	243
QPGRHSVTGY	-1.11	Q96IF1	263
RSRSRTPPAI	-1.11	Q9UQ35	2022
LARQASIELP	-1.11	P33241	252
PERSPSGSAF	-1.11	Q96N67	1432
GRGRGSPHLS	-1.12	Q9Y3X0	137
WDPEYTPKSK	-1.12	Q9Y2W1	874
METMASPGKD	-1.12	O60684	6
VQRSVSANPK	-1.12	Q7KZI7	400
RSRSASSPSP	-1.13	Q14669	238
TPRDVSGLRD	-1.13	Q9BZE4	578
SSSQRSPSPG	-1.13	Q9BTA9	523
SQRSPSPGPN	-1.13	Q9BTA9	525
APRSRSPLLV	-1.14	Q5VWN6	2037
TARVGSPLTL	-1.14	Q99569	314
PSRKLSPTEP	-1.14	O14828	76
PFRKLSRFGN	-1.14	Q9H223	129
QRSSLSRERG	-1.15	Q04637	1147
KSILVSPTGP	-1.15	Q14684	706
AVSVGSQPSV	-1.15	Q16825	673
LRRSQSLPTT	-1.15	P28290	739
NEGSPSPRQS	-1.15	Q5T200	833
VVQRSSLSRE	-1.15	Q04637	1145
YRNEGSPSPR	-1.15	Q5T200	831
PSPPMSGRGT	-1.15	Q8IZP0	187
APAKESPRKG	-1.15	Q13428	906
PSPRQSPKRR	-1.15	Q5T200	837
YRRTHSDASD	-1.16	Q13017	1173
RSRDATPPVS	-1.16	P17275	255
ATPPVSPINM	-1.16	P17275	259
YVVPLSPKLP	-1.16	Q9UQR0	511
THSDASDDEA	-1.16	Q13017	1176
PLPPGSPGSA	-1.16	Q6ZN18	24
EKRASSPFRR	-1.16	Q14978	623
SASSGSMPNL	-1.16	Q9P2Q2	800
RDQTASAPAT	-1.16	Q53SF7	256
ASAPATPLVN	-1.16	Q53SF7	260
SVSHVSPRKN	-1.17	Q8WXE1	224
SQRSVSPTFL	-1.17	Q9UKA4	1242
QMVCNSDRVL	-1.18	P06400	855
KETVNSPAIY	-1.18	Q9Y3A2	241
QHRYSTPHAF	-1.18	P04049	234
PEFPLSPPKK	-1.18	P16949	38
EVRHGSDPAF	-1.19	Q6ZRV2	523
EFDIKSPKFK	-1.19	Q09666	5099
NRYRCSPERL	-1.19	A1L390	423
KATQASQEY_	-1.19	P16104	140
EDTVLSPTKK	-1.19	O15446	285
RSRSGSSPEV	-1.19	Q9UQ35	1600
GGKKATQASQ	-1.19	P16104	137
AEAEDTPRKR	-1.19	O96028	544
CRRSESSGIL	-1.2	Q92667	107
GIAPASPMLG	-1.2	P27448	469
LVLPPSPGPR	-1.2	Q96JY6	197
ESPAKSPASS	-1.2	Q9NS91	103
EKTMSSDDED	-1.21	Q9NVR2	382
REKTMSSDDE	-1.21	Q9NVR2	381
IEVLDSPASK	-1.21	Q8N5I9	178
IGEGTYGVVY	-1.21	P24941	15
RKRQASESSS	-1.21	Q9BZX2	254
SSGGGSSGDE	-1.22	Q9P258	50
KALQKSPGPQ	-1.22	P15056	419
SGGGSSGDED	-1.22	Q9P258	51
SLSRVTRIEE	-1.22	O60716	235
RRFSLSPSLG	-1.22	Q9NYF3	234
QTRSASPSNI	-1.22	Q9NRH2	351
PASPASPLSS	-1.22	Q66K14	435
QSRRSTQGVT	-1.23	O14974	696
SRSRSTPVRD	-1.23	Q9UKV3	1332
LQRSRSDIDV	-1.23	O75122	370
RSRTPSASND	-1.23	O43765	305
RLRKLSLGQY	-1.23	Q68CZ2	776
RSRSRTPLIS	-1.23	Q9UQ35	1880
HRRSRSRTPL	-1.23	Q9UQ35	1878
RSRSRSTPVR	-1.23	Q9UKV3	1331
ATHRRSRSRT	-1.23	Q9UQ35	1876
GPPRMSPKAQ	-1.23	Q99700	624
DGEATSPLPR	-1.23	Q86UU1	971
KIGEGTYGVV	-1.24	P24941	14
RRQVQSLTCE	-1.24	P08670	325
VRVGGSSVDL	-1.25	O60716	268
YRRRHSHSHS	-1.25	P62995	95
SGVRGTPVRQ	-1.25	P33991	110
AVTTKSPAVK	-1.26	Q14978	397
SKRLLSDSLP	-1.26	Q9Y490	1225
SQRPASPTAI	-1.26	Q99569	281
RQRSMSPTST	-1.26	O94913	511
KRRQRSMSPT	-1.26	O94913	509
RSRSRSRSPL	-1.27	Q9NXX6	30
EFPRASPRAL	-1.27	Q5T5Y3	563
PRTPVSPVKF	-1.27	P23443	447
RSSPASSPEL	-1.27	Q9NYF3	254
SSPASSPELP	-1.27	Q9NYF3	255
RSRSNSSPEM	-1.27	Q9UQ35	745
SPLPGSLIRG	-1.27	Q8NDD1	78
RSRSRSPLSP	-1.27	Q9NXX6	32
SRSNSSPEMK	-1.27	Q9UQ35	746
LMLQNSSARA	-1.28	Q15746	814
APSQQSPVRT	-1.28	Q9NYB9	227
MKRAASLNYL	-1.28	Q9NSK0	590
HQRRNSYRGH	-1.28	Q92859	1214
GTLGLTPPTT	-1.29	Q15233	428
VRRRESLSYI	-1.29	A1L390	741
RPRSLSSPTV	-1.29	Q96PU5	448
LELALSPIHN	-1.29	Q96GX5	370
MKVQGSPLKK	-1.29	Q02952	514
PGSPASPPGS	-1.29	P25440	301
ILAPGSPASP	-1.29	P25440	298
AIFRVSPDRQ	-1.29	Q4L180	1035
SPIKLSPATP	-1.3	Q9Y6X9	730
KQRRYSDHAG	-1.3	P27448	419
APWKRSRSRA	-1.3	Q9UQ35	1864
VPPPMSPSSK	-1.3	Q13409	87
KISNLSPEEE	-1.3	Q5HYJ3	193
SVVADTPELQ	-1.3	Q14847	104
AAARAPSAKG	-1.3	Q13428	800
LRRSGSFGKL	-1.3	Q9H0B6	545
TGSESSQTGT	-1.3	P23588	425
MKRASSLNFL	-1.31	Q9H0B6	582
HSRQASTDAG	-1.31	P46937	109
DGWPRSPGRA	-1.31	O60292	158
EPKSHSRQAS	-1.31	P46937	105
ALRSFSPLQP	-1.31	Q7Z3C6	656
CTVDGSPHEL	-1.31	Q9NRL3	342
NRSRNSPLLE	-1.32	Q7KZI7	486
VSTKESPARK	-1.32	Q13428	233
EPEAASPTTR	-1.32	Q86WB0	370
LRRRFSRSPI	-1.32	P18583	2029
GQHTISPLDL	-1.32	Q15365	231
RRFSRSPIRR	-1.32	P18583	2031
VEPSPSPIKP	-1.33	Q92890	247
RDRLGSYSGP	-1.34	Q9BZ23	189
SSGLGSPNRS	-1.34	Q9NZN8	165
STGSLSPKHS	-1.34	Q9UBC2	255
AKRSPSPLGT	-1.34	Q86SQ0	73
YDRAISAPTS	-1.34	Q9NQG6	55
ISAPTSPTRL	-1.34	Q9NQG6	59
HTNPTSPLLV	-1.35	Q96D71	482
QKKRQSVSGL	-1.35	Q8N1G4	431
RDRPWSNSRG	-1.35	Q9NRR8	74
VRNTGSPKSA	-1.35	Q9BTC8	457
FAGPLSPAKA	-1.36	Q86XL3	528
HVRAHSSPAS	-1.36	P46937	127
PKTPISPLKT	-1.36	Q9NQW6	323
ADHRSSPNVA	-1.36	P55196	1173
DAVPRTPSRE	-1.36	Q9UQ35	1413
ANQPPSPGGK	-1.36	P55196	1182
NDGSGSESGY	-1.37	Q7Z417	214
ADNDGSGSES	-1.37	Q7Z417	212
PRRSTSPIIG	-1.37	Q86TB9	179
VNRSQSFAGV	-1.37	Q6ZS17	22
ASLSQSPRVG	-1.37	A4D1P6	256
RRRSRSRTPP	-1.38	Q9UQ35	1925
STRTYSLGSA	-1.38	P08670	39
RSRSRTPPVT	-1.38	Q9UQ35	1927
LRRTLSESFS	-1.38	O94921	24
ATRNHSGSRT	-1.38	Q9UQ35	2100
GVVPQSAPPV	-1.38	P41162	139
ALETRSLKDH	-1.38	O14523	631
PEPSPSPRIT	-1.39	P26358	154
DARVHTPHLD	-1.39	P08581	977
PQRSQSPLRG	-1.4	O95817	136
SARSFSPKSP	-1.41	Q15742	159
LQAAKKVHTS	-1.41	P42166	243
RDRQRSPIAL	-1.41	Q8TF01	211
VDQVSTPPAA	-1.41	Q9NRL2	1547
SRHLLSPVGR	-1.41	Q9NXE4	792
RNLTMSPLHK	-1.42	O14686	1606
LQPPESPRLG	-1.42	Q86UU1	443
RSRSVSPCSN	-1.42	Q9UQ35	954
GTGGKSPRLT	-1.42	P57740	86
GTPSQSPVVG	-1.42	P52594	181
LEVPSSPLRK	-1.43	Q86WB0	395
HHAPMSPGSS	-1.43	O14497	363
SPPERSPSGS	-1.43	Q96N67	1430
RTRKRSEGFS	-1.44	Q7Z4V5	454
GGLRRSVAPA	-1.44	P52701	79
VTRSNSLRRD	-1.44	O96013	99
ACKVDSPTVN	-1.44	Q9H0B6	445
PPRAKSPTPE	-1.45	Q9HAU0	855
GQRSLSPGGA	-1.45	Q96T37	294
RQQNISMQRQ	-1.46	Q15154	977
VKTSGSKERA	-1.46	Q15424	582
RSVDISPTRL	-1.47	Q9P2Q2	694
GGRLGSPKPE	-1.47	Q86VM9	868
SGSESSVDQK	-1.48	Q9UQ35	1522
YSPRHSRSRS	-1.48	Q07955	242
RSLSGSSPCP	-1.48	Q9UQ35	782
EGTYATVFKG	-1.48	Q07002	157
LRRSLSGSSP	-1.48	Q9UQ35	780
PRHSRSRSRT	-1.48	Q07955	244
__MPSSPLRV	-1.48	Q9NP77	4
LQRHSSKPVL	-1.49	Q9C0I1	716
ELSGSSPKRR	-1.49	Q01664	124
FGQSNSLPTA	-1.5	Q9UPU9	580
VKRSMSPFRG	-1.5	Q99640	143
SDNYGSLSRV	-1.5	O60716	230
DRPPCSPSRV	-1.51	O95758	56
SSRAASPTRS	-1.51	Q9UPN3	7230
VGRSFSLSWR	-1.52	Q2PPJ7	696
GQYSGSPQLL	-1.52	Q96N67	30
PLEEDSPSSS	-1.52	P15408	230
GFPSTTPAKA	-1.53	P30622	287
FTRTISNPEV	-1.53	P55196	216
LGEGTYATVF	-1.53	Q07002	155
KLGEGTYATV	-1.53	Q07002	154
APAEKTPVKK	-1.53	P10412	18
__MSETAPAA	-1.53	P10412	4
RERSGSESSV	-1.54	Q9UQ35	1519
TFSPGSEQAE	-1.55	Q86WB0	338
DIPLQTPHKL	-1.55	P49792	2153
QDATFSPGSE	-1.55	Q86WB0	335
MDNNCSPTRK	-1.56	O95243	387
ASGLHSNAIA	-1.56	Q9HBL0	1393
SSYPISPAVS	-1.56	Q15149	4396
TKDSGSISLQ	-1.56	Q9H2G2	779
GPPASSPAPA	-1.56	Q15942	259
KLLRQSPPLP	-1.56	Q9C0B5	554
DSSPDSAEDV	-1.57	P02765	138
RERASSPPDR	-1.57	Q9NWB6	77
SELSVSPKRN	-1.57	Q12802	2728
RERSMSENAV	-1.57	Q9GZY8	157
TRRSQSPINC	-1.57	Q96E09	189
RSRSLSSPRS	-1.57	Q9UQ35	763
SRSLSSPRSK	-1.57	Q9UQ35	764
LGSGGSGDGP	-1.58	Q9Y6R9	376
TRRAGSPPGP	-1.58	A7XYQ1	629
PKAAKTPLKI	-1.59	O94776	505
HSHSHSPMST	-1.59	P62995	99
QNRLNSPPSS	-1.59	Q53EP0	208
TARAHSPASL	-1.59	Q9UKK3	1335
RRHSHSHSPM	-1.59	P62995	97
PELVGSPTQS	-1.6	Q9NSI6	1475
REYCLSPRNQ	-1.6	Q8NCD3	448
GQARRSSPPG	-1.6	Q9NX40	122
GERLQSPLRV	-1.6	Q9H788	275
RARHDSPDLA	-1.6	Q9BRD0	271
QLGAQSPGRG	-1.6	Q8N1G0	1057
LNRRTSFSFQ	-1.6	Q9BPZ7	510
VERRPSPGPR	-1.6	O75449	109
SNSRKSLSPG	-1.61	Q9UKV3	655
EKLRRSLPNL	-1.61	Q9P270	413
RERNMSPDLR	-1.61	Q9UEY8	42
TTVPESPNYR	-1.61	Q6PKG0	774
RNSPASPLKE	-1.61	O43572	281
GGDGVSPTPP	-1.61	Q12979	72
SGSGHSAFEP	-1.61	A8CG34	328
SGSGHSAFEP	-1.61	Q96HA1	351
RPRLNTSDFQ	-1.62	Q96B36	246
HPSWRSEETQ	-1.63	P23588	409
KNTSMSPRQR	-1.63	Q9Y385	251
RERHPSWRSE	-1.63	P23588	406
RTRHGSASQV	-1.63	P21359	2817
APRSRSLGGA	-1.64	Q8NHG8	82
GRSSGSPYGG	-1.64	P51991	358
RGRAGSQGGR	-1.64	Q86V81	34
TKKRHSFTSL	-1.64	Q7Z6J0	304
AQPSMSPKKA	-1.64	Q969S3	143
SSISSSPQKD	-1.65	Q14157	609
RARGKSSEPV	-1.65	P46013	3041
ISGQLSPRLF	-1.65	Q66K64	50
ESKRKSGGNE	-1.66	Q15061	431
PPAPSSPPPL	-1.66	O75420	756
AQTKAPPKPA	-1.67	Q14978	199
KTVARTPLGQ	-1.67	Q9UQ35	1531
ISLRRSRSAS	-1.68	Q16629	171
RSRSISLRRS	-1.68	Q16629	167
YEKANTPELK	-1.69	Q9H8V3	359
IYPPGSPGK_	-1.69	O95295	133
TCHRDSFSRM	-1.69	Q96N67	2129
ANGPRSPPSL	-1.69	Q66K74	582
VRLRSSVPGV	-1.69	P08670	73
RSRSRSPLAI	-1.7	Q9UQ35	2046
PPPPSSPLPS	-1.7	Q14157	454
RKRTTSQCKS	-1.71	Q9NWZ5	63
GKRSLTRSPP	-1.71	Q9UQ35	2069
RSLTRSPPAI	-1.71	Q9UQ35	2071
PRARRSASPH	-1.71	Q66K74	729
NQRGRSPRSP	-1.71	Q8WX93	1101
GRSPRSPSGH	-1.71	Q8WX93	1104
ATLSGSATNL	-1.72	Q9NQT8	1797
PRLLASPSSR	-1.72	Q15003	87
PHALGSRNSP	-1.72	Q9H0D6	445
HRSPASPRVP	-1.73	Q9Y5U2	146
SGGIPSPDKG	-1.73	Q9P2Y5	498
LVYDQSPNRT	-1.73	Q9NXR1	282
AERGLSPRTA	-1.74	Q9C0C7	1227
KANDESNEHS	-1.74	P10451	254
EAQSLSPYTT	-1.74	O94776	435
PRAPGSPRGQ	-1.74	Q9H6F5	188
RERTSSLTQF	-1.75	Q9H6Z4	126
RHIALSPRYL	-1.77	Q3B726	60
CSREASPSRL	-1.77	O75122	507
QGPEDSPSRQ	-1.77	Q15773	238
RSQGCSREAS	-1.77	O75122	503
TSTSDSEEEG	-1.77	O75475	275
GVTSTSDSEE	-1.77	O75475	273
DRKAVSPSSS	-1.77	Q76FK4	660
SGKSPSPSPT	-1.78	O15075	332
PRSGKSPSPS	-1.78	O15075	330
LATMDSPPHQ	-1.78	Q14676	1820
AERRSSPLLR	-1.79	P56524	266
KIACRSPQPD	-1.79	P46013	2223
VAERRSSPLL	-1.79	P56524	265
LEKRASGQAF	-1.79	P16949	16
TISINSPKAQ	-1.8	Q9P1Y6	867
SSTPLSPTRI	-1.8	P02545	22
VRSTGSATSL	-1.8	Q5SW79	630
PLGQRSRSGS	-1.81	Q9UQ35	1537
ERKSYSPRKQ	-1.81	P35251	283
KMNIASPGTV	-1.81	Q9NRH2	518
GGSSCSPVLS	-1.81	P42858	432
RSSGNSPTPV	-1.82	O95429	179
TRRERSPGRL	-1.82	O14578	1993
AVIVSSPKAK	-1.83	Q14966	1401
RVRHGSGPPS	-1.83	Q9HC52	311
GATSGSPPAG	-1.84	P16455	201
EAEASSPKGK	-1.84	Q09666	5763
AHDTSSLPTV	-1.85	Q12802	1857
GKSCDSPLNL	-1.86	Q8N1G0	1211
RAPSASPLAL	-1.87	Q8N3F8	486
SVSPCSNVES	-1.88	Q9UQ35	957
PNYQLSPTKL	-1.88	O60934	432
DQGPRTPTQP	-1.88	Q9HBL0	1209
EMHFKAPKIS	-1.89	Q09666	1320
AARNNSPPTV	-1.89	Q86XL3	662
HVVLASPLKT	-1.9	Q7L2J0	254
KSGRKSGSSS	-1.9	O15066	723
LSRLRSPSVL	-1.91	Q96QF0	163
SQRSSSPVGL	-1.91	Q9NRA8	951
LRRSHSGPAG	-1.91	Q9UJM3	251
HQRFESPESQ	-1.91	O75436	315
AGRGLSGPCR	-1.92	Q9UEE5	28
MKSFFTPGKP	-1.92	Q9NTI5	1121
LATKSSPVKV	-1.92	P49916	913
RGGPASPGGL	-1.93	Q8NCD3	473
KVGDVTPQVK	-1.93	Q13428	249
FGISDSYVDG	-1.94	Q9UQ35	144
TRCVWSPLAS	-1.95	Q5UIP0	2172
CVPQASPRRW	-1.95	Q9H0W5	261
QKASVSGPNS	-1.96	O15344	92
RNHSGSRTPP	-1.96	Q9UQ35	2102
HSGSRTPPVA	-1.96	Q9UQ35	2104
REGTRSPRTA	-1.96	O75376	1234
VSGPNSPSET	-1.96	O15344	96
RVFPLSPASN	-1.96	Q5VWN6	340
PSRAGSPRRT	-1.97	Q96T88	661
RPRSRSPRIC	-1.97	Q14966	522
QPLMRSPISR	-1.97	Q7Z6E9	360
TGVTSTSDSE	-1.97	O75475	272
MYRPRSRSPR	-1.97	Q14966	520
PSTANSPKCQ	-1.98	P46937	340
LKWLISPVKI	-1.98	Q8NCD3	412
LSRTPSPPPF	-1.99	Q7L4I2	222
RRFSRSLSRT	-1.99	Q7L4I2	216
KAASPSPQSV	-1.99	Q8IYB3	740
RSLSRTPSPP	-1.99	Q7L4I2	220
IKKAASPSPQ	-1.99	Q8IYB3	738
RSQIRSRTPS	-2.0	O43765	301
SNSPPSPSSM	-2.0	Q7Z5L9	460
RRNSNSPPSP	-2.0	Q7Z5L9	457
KRAISTPETP	-2.01	Q14181	127
LMKKHSQTDL	-2.01	O14683	14
LRRSNSAPLI	-2.02	Q96E09	37
PKAVVSPPKF	-2.02	P49792	2510
RGPGGSPGGL	-2.03	Q96A00	26
SASPLSPHRR	-2.03	Q6WCQ1	365
VFGAASVPSM	-2.05	Q641Q2	423
PAGAVSVFLG	-2.05	Q9Y4E1	410
PAGAVSVFLG	-2.05	Q641Q2	410
SPALKSPLQS	-2.05	Q9Y2W1	253
VFGAASVPSL	-2.05	Q9Y4E1	423
EELQVSPGPR	-2.05	P51610	1507
SPRERSPALK	-2.05	Q9Y2W1	248
FELILSPRSK	-2.06	P16949	25
SLGSMSPSNM	-2.06	P78310	306
NMRAASPPAS	-2.06	Q5VSL9	335
LKMISTPSPK	-2.08	Q53F19	413
MISTPSPKKS	-2.08	Q53F19	415
TLVEVSRNLG	-2.08	P02768	451
ERNLQSPTQF	-2.08	O75385	450
MSLPSSPLLP	-2.09	Q9C0D5	67
KGVSMSLPSS	-2.09	Q9C0D5	63
PAGGGSSPYS	-2.09	Q14004	348
SRKSPSPAGG	-2.09	Q14004	342
QSRSNSPLPV	-2.1	Q13247	303
RSQSRSNSPL	-2.1	Q13247	301
FGRSFSTSRL	-2.1	O75385	694
QYHGGSLPNV	-2.11	Q6UUV7	62
SKSRLSPRRS	-2.11	Q9UQ35	1592
EVDSKSRLSP	-2.11	Q9UQ35	1589
ALSYASLDKE	-2.11	Q6R327	1388
FMKALSYASL	-2.11	Q6R327	1385
KFRTPSFLKK	-2.12	Q9UEY8	693
GLRPESPESL	-2.12	Q9H6F5	18
PPLKCSPKRK	-2.13	Q3B726	328
TGPRLSGGHS	-2.13	Q14315	2598
RPRTTSFAES	-2.14	P49841	9
ELPPLSPSLS	-2.16	Q86UU1	461
PAPKFSPVTP	-2.16	Q15942	267
QHSMQSPQKT	-2.17	Q9UQR0	267
RQSAPSPTRV	-2.17	Q13905	296
IFKEGSVKLR	-2.18	Q9Y5K6	224
NVRTFSPTYG	-2.18	O15061	429
TAMRVSPHHP	-2.18	Q01196	212
MLRTCSLPDL	-2.18	Q96PY6	1052
LGSQHSPGRT	-2.19	Q8IZP0	225
QQQRWSIPAD	-2.2	P55040	23
RSGSESSVDQ	-2.2	Q9UQ35	1521
TTRRNSNSPP	-2.2	Q7Z5L9	455
GGSAGSPARF	-2.21	P21333	1084
RDSQEFPLHC	-2.21	Q9Y4K1	75
KSLSGSPLKV	-2.24	Q9UIG0	349
QPQETSPELP	-2.24	O14545	415
IGKKHSDPHL	-2.25	Q9Y6M7	242
PQPKRSLRKA	-2.27	P46013	1758
NLSSVTP___	-2.29	Q9UJX2	596
PSPSISPR__	-2.31	Q9ULD2	1268
TLLLSSDDEF	-2.31	Q9Y519	403
KTLLLSSDDE	-2.31	Q9Y519	402
RQRPNSCDRG	-2.32	Q9BYE3	70
GANLTSPRVP	-2.32	Q9UQ35	2382
RQRSNSCDRG	-2.32	Q5T5B0	70
IRASPSPQPS	-2.33	Q9HC35	146
TAKRGSRFFC	-2.33	Q8IVF7	1014
FSFKKSFKLS	-2.34	P29966	163
PGCQPSSPCV	-2.35	O14545	479
VINETSQHHD	-2.35	P08670	459
MPCESSPPES	-2.36	P46013	1376
KRLRGTPERI	-2.36	Q7RTP6	887
RRRSASSPRT	-2.37	Q9UQ35	1749
KALPQTPRPR	-2.37	Q9UQ35	1492
RRSASSPRTK	-2.37	Q9UQ35	1750
FVHGPSPRGK	-2.37	Q5T200	64
TPRPRSRSPS	-2.37	Q9UQ35	1497
GEASVSPEKT	-2.38	Q13428	1378
KIPCESPPLE	-2.39	P46013	2708
RGAAASPPRE	-2.4	Q9NYP3	34
ITRVNSPGTL	-2.42	P53814	514
SASSPSPRRS	-2.43	Q14669	241
KVPQVSTPTL	-2.43	P02768	443
SRSASSPSPR	-2.43	Q14669	239
TQGGGSVTKK	-2.44	P02545	414
MRLDSSPVSS	-2.44	O60293	949
RSLIGSPGRT	-2.44	Q9Y618	1479
APTKTSPRNA	-2.45	Q14669	1427
RGRAQTAPTK	-2.45	Q14669	1421
RTFKESPKQI	-2.45	P46013	1071
AAVSTTPPHN	-2.47	Q86X10	379
RFSFHSPSAQ	-2.5	Q9NQT8	661
KLKSKSCHDL	-2.51	P55040	289
QSLVISPPAP	-2.51	P46013	579
LLAGGSPPQP	-2.52	Q8NFH5	73
LGASNSPGQP	-2.52	P49756	677
AQRPDSPGGG	-2.54	Q5JVS0	108
QDETDTEEET	-2.55	O75976	1370
LVRSPSPHSC	-2.55	P21580	575
SRLVRSPSPH	-2.55	P21580	573
EFQDETDTEE	-2.55	O75976	1368
ETKIMSPRKA	-2.56	Q9NZJ0	526
EIDCLSPEAQ	-2.56	Q32MZ4	16
RPRRRTFPGV	-2.6	Q9BWT1	163
VTAAASPVSL	-2.6	Q9Y4B6	895
RPDLGSAQKG	-2.61	P33991	120
KWRKDSPWVK	-2.62	Q96KQ7	350
ERLKLSPSPS	-2.62	Q03252	405
__MRRSEVLA	-2.62	O43663	4
VGMSESPIGP	-2.62	Q68CZ2	901
LKLSPSPSSR	-2.62	Q03252	407
APNWKSLTSW	-2.62	Q7Z2W4	361
LSVPASPRVA	-2.64	Q86SQ0	334
ELVDSSPCKK	-2.65	Q96GX5	453
KLHQLSGSDQ	-2.65	O60271	183
VMPTKSPPPP	-2.67	Q02078	255
___MESPASS	-2.68	P46734	3
SSRHKSHDNV	-2.69	Q86SQ0	157
KSIRDTPAKN	-2.7	P06748	199
GIEDISPNLS	-2.71	Q12888	1426
ISPNLSPDDK	-2.71	Q12888	1430
CHRKDSLPDA	-2.71	Q86SQ0	513
LVEPHSPSPS	-2.72	O15014	576
EPHSPSPSSK	-2.72	O15014	578
RLLLASPPNE	-2.74	Q52LW3	1029
LAVQNSPKGC	-2.76	P18615	353
RASTASPCNN	-2.77	Q71RC2	597
KEAVITPVAS	-2.77	P28749	385
TRPSPSPERS	-2.78	Q9UQ35	353
LTVPVSPKFS	-2.8	Q9ULW0	738
SFAPSTPLTG	-2.82	P28749	369
PLAPQSPQGG	-2.82	P46937	289
KVAQRSPVDS	-2.82	P49454	3054
HQLSGSDQLE	-2.82	O60271	185
QSPEPSPVTL	-2.86	Q9NRL2	1417
CRKRQSPEPS	-2.86	Q9NRL2	1413
SREQSTPPKS	-2.87	Q92615	732
STPPKSPQ__	-2.87	Q92615	736
GTSTSTPAAP	-2.88	O76021	21
YSGPASPARP	-2.88	Q6PL18	327
AGGPTTPLSP	-2.92	P20700	20
PTTPLSPTRL	-2.92	P20700	23
HLRWHSGERP	-2.94	Q02447	646
TQDPSSPGTT	-2.95	Q13112	429
SSPGTTPPQA	-2.95	Q13112	433
ELDSASSEVN	-2.97	P10451	310
AERKVSPIKI	-2.99	Q9H4I2	723
SPGSRSPKFK	-2.99	Q5UIP0	2265
PPKQRSSPVT	-2.99	Q8IYB3	645
AKGFLSPGSR	-2.99	Q5UIP0	2260
LSADSTSVGS	-3.0	Q9HBL0	1192
SPILSADSTS	-3.0	Q9HBL0	1189
PRANASPQKP	-3.02	Q9Y618	956
YNYHLSPRAF	-3.02	P50548	327
AEVLPSPRGQ	-3.06	P11388	1213
SDIFGSPVTA	-3.1	Q9H910	97
GAIGGTPPAF	-3.14	Q15233	450
SENEASPVKR	-3.14	Q9H8U3	129
GTDSQSENEA	-3.14	Q9H8U3	124
GSPGRTFPPV	-3.15	Q9Y618	1483
SKVQTTPSKP	-3.15	Q12834	70
GDSEPPPAPG	-3.2	Q15942	47
GALVHSE___	-3.22	P21291	192
PSDKFSPRIR	-3.26	Q5SW79	1198
GSFVSPSPLS	-3.27	Q9HBL0	1177
AKMQASIEKG	-3.27	P06748	254
TYSLGSALRP	-3.36	P08670	42
REIESSPQYR	-3.46	Q8WWM7	306
SLYASSPGGV	-3.49	P08670	56
SCGTDSQSEN	-3.53	Q9H8U3	122
KAFKESPKQI	-3.56	P46013	2528
KAFMESPKQI	-3.64	P46013	1679
SRYGGSPRDP	-3.68	Q86XL3	512
QPKSLSPPQS	-3.72	Q9UQB8	325
___MLSPQRV	-3.73	Q6DD88	3
AGGPATPLSP	-3.82	Q03252	34
PATPLSPTRL	-3.82	Q03252	37
VASKFSPGAP	-3.84	Q15942	281
KIKLQTPNTF	-3.85	Q14978	607
LQTPNTFPKR	-3.85	Q14978	610
MQKSVSPLVW	-3.88	Q9P270	147
LFRPPSPAPA	-3.93	Q86U90	37
SPPAPSPRKT	-3.93	P46013	584
SAGTGSPQPP	-3.95	Q15942	308
AAESETPGKS	-4.06	O76021	423
LPASETPKAA	-4.06	O76021	415
AQASSTPLSP	-4.41	P02545	19
LKATVTPSPV	-4.74	Q9H1E3	179
ATVTPSPVKG	-4.74	Q9H1E3	181
