Term	Overlap	P-value	Adjusted P-value	Old P-value	Old Adjusted P-value	Odds Ratio	Combined Score	Genes
405 proteins down-regualated at 24h in SARS-CoV-2 infected cells from Bouhaddou et al. 2020	14/401	9.482081851373725E-6	0.0036980119220357526	0	0	4.479797231685841	51.813812602368536	NEK9;GSK3B;PLK1;MASTL;CDK2;ULK1;RAF1;CDK13;MARK3;CDK14;MET;BUB1;MARK2;PAK4
404 proteins down-regualated at 12h in SARS-CoV-2 infected cells from Bouhaddou et al. 2020	13/401	4.296485443915515E-5	0.008378146615635254	0	0	4.122618426203837	41.453456445144674	NEK9;GSK3B;PLK1;BRAF;MASTL;ULK1;RAF1;CDK13;MARK3;CDK14;BUB1;PAK2;MARK2
SARS coronavirus nucleocapsid protein (gene: N) from Virus-Host PPI P-HIPSTer 2020	4/29	1.0369126189639932E-4	0.013479864046531911	0	0	18.973892215568863	174.0682462470793	GSK3B;SRC;CDK2;ATM
347 proteins down-regualated at 8h in SARS-CoV-2 infected cells from Bouhaddou et al. 2020	11/343	1.8505789413006456E-4	0.018043144677681294	0	0	4.0374058734939755	34.700864928983165	NEK9;GSK3B;PLK1;ULK1;RAF1;CDK13;MASTL;CDK14;BUB1;PAK2;MARK2
419 proteins down-regualated at 2h in SARS-CoV-2 infected cells from Bouhaddou et al. 2020	12/415	2.4626256670930743E-4	0.01920848020332598	0	0	3.637998033615806	30.228534015286545	GSK3B;GSK3A;EEF2K;PLK1;ARAF;AKT1;ULK1;CDK13;MARK3;BUB1;PAK2;MARK2
500 genes up-regulated by SARS-CoV-2 in human Calu3 cells at 12h from GSE148729	12/490	0.0010690294930646514	0.06948691704920235	0	0	3.0553406489302914	20.901597777670755	CLK1;WEE1;TBK1;LATS2;RIPK2;PIM1;DYRK1A;PIM3;PRKD2;JAK2;MASTL;CLK2
Top 500 upregulated genes in mouse D1 cardiomyocytes with SARS-CoV-2 infection from GEO GSE162113	11/480	0.0028729071867809957	0.1600619718349412	0	0	2.837953091684435	16.608924096461703	CLK1;LATS1;NUAK1;CDKL5;LATS2;PIM1;DYRK1A;PIM3;PRKD2;CDK13;CLK2
COVID19-Orf9b protein host PPI from Krogan	2/11	0.0037996104632832027	0.18468949395944556	0	0	26.06180144641683	145.2386855127439	MARK3;MARK2
238 proteins down-regualated  in SARS-CoV-2 infected cells from Bouhaddou et al. 2020	7/236	0.004262065245217974	0.18468949395944556	0	0	3.653211204601129	19.939232003760626	NEK9;GSK3B;PLK1;ULK1;CDK13;BUB1;MARK2
SARS coronavirus nsp9-pp1a/pp1ab (gene: orf1ab) from Virus-Host PPI P-HIPSTer 2020	2/13	0.00532838841908821	0.20090508069758697	0	0	21.321140398063473	111.60991109744452	SRC;ATM
SARS coronavirus P2 envelope protein from Virus-Host PPI P-HIPSTer 2020	2/14	0.006181694790694984	0.20090508069758697	0	0	19.543392504930967	99.40087608376928	SRC;CDK2
SARS coronavirus protein E (gene: E) from Virus-Host PPI P-HIPSTer 2020	2/14	0.006181694790694984	0.20090508069758697	0	0	19.543392504930967	99.40087608376928	SRC;CDK2
SARS coronavirus hypothetical protein sars9b from Virus-Host PPI P-HIPSTer 2020	2/16	0.008060874141369738	0.2231799144732415	0	0	16.749788672865595	80.74626358909319	SRC;ATM
Top 500 down genes for SARS-CoV-2 infection in Mesocricetus auratus hamster blood Day 3 from GSE162208	9/407	0.008493272337743354	0.2231799144732415	0	0	2.7123115577889445	12.933605908496698	CDK6;DYRK2;WNK2;ULK1;BRAF;ATM;CAMK2G;IGF1R;CAMKK2
277 proteins down-regualated at 0h in SARS-CoV-2 infected cells from Bouhaddou et al. 2020	7/271	0.008874243487761635	0.2231799144732415	0	0	3.1632252402069474	14.944980891238263	NEK9;GSK3A;PLK1;ARAF;AKT1;CDK13;MARK2
464 genes up-regulated by SARS-CoV-2 infection in Vero E6 cells from GSE153940	9/412	0.009156099055312472	0.2231799144732415	0	0	2.6779707747449684	12.5686141222865	NUAK1;SRC;DAPK3;PIM1;PIK3CD;PIM3;CDK13;MARK3;MARK2
SARS-CoV perturbation; Up Genes from GEN3VA; Human bronchial epithelial 2B4 cells; Accession: GSE17400 Platform: GPL570; Entry 1	6/222	0.012236786302653855	0.280726274002059	0	0	3.301851851851852	14.539072633210692	PLK1;CDK1;PIM3;NEK2;PRKD2;MASTL
Top 500 upregulated genes in mouse heart with SARS-CoV-2 infection (Day 7) from GEO GSE162113	9/439	0.01343559359586321	0.29110452791036956	0	0	2.5063307493540052	10.801904204261481	LATS1;INSR;WNK2;ULK1;MARK2;MTOR;IGF1R;CLK2;CAMKK2
Top 500 down genes for SARS-CoV-2 infection in Rhesus macaques at Group 2 dose in PBMCs at 4 DPI from GSE156701	9/456	0.016802123158383694	0.3282845949150941	0	0	2.408898831717624	9.84336290430135	PAK1;CDKL5;NEK6;WNK2;AKT3;ULK1;CDC7;RAF1;CAMKK2
SARS coronavirus nsp3-pp1a/pp1ab (gene: orf1ab) from Virus-Host PPI P-HIPSTer 2020	4/116	0.017625663716348078	0.3282845949150941	0	0	4.216638152266895	17.02846845000047	SRC;BRAF;ATM;JAK2
Top 500 down genes for SARS-CoV-2 infection in Rhesus macaques at Group 2 dose in PBMCs at 2 DPI from GSE156701	9/460	0.01767686280312045	0.3282845949150941	0	0	2.387041143138704	9.632901384103766	NEK6;WNK2;CAMK4;ULK1;CDC7;RAF1;SGK1;CAMK2G;IGF1R
500 genes down-regulated by SARS-CoV-2 in A549-ACE2 cells from GSE154613 amlodipine	9/470	0.02000889524759161	0.3329267392159119	0	0	2.334056399132321	9.129844459679857	IRAK1;AKT2;WNK2;DAPK3;PLK1;ARAF;AKT1;PKN1;PAK4
499 genes up-regulated by SARS-CoV-2 in Calu-3 cells from GSE148729	8/395	0.02057136945889199	0.3329267392159119	0	0	2.4656552686228816	9.576247548228073	NUAK1;SMG1;GSK3A;ROCK1;INSR;CAMK4;EGFR;IGF1R
Top 500 upregulated genes in mouse D2 cardiomyocytes with SARS-CoV-2 infection from GEO GSE162113	9/477	0.021768927498654892	0.3329267392159119	0	0	2.2983143399810064	8.796273362289707	CLK1;LATS1;NUAK1;LATS2;PIM1;DYRK1A;PRKD2;BRAF;SGK1
500 genes down-regulated by SARS-CoV-2 in human H1299 cells at 4h from GSE148729 untreated	9/482	0.023092607010358715	0.3329267392159119	0	0	2.2734319943622268	8.566843642924308	CLK1;WEE1;CDK6;AKT3;NEK7;PIM1;ATM;PRKD1;IGF1R
SARS coronavirus excised polyprotein 1..4369 (gene: orf1ab) from Virus-Host PPI P-HIPSTer 2020	5/189	0.02336766255942074	0.3329267392159119	0	0	3.2158525405971714	12.080035411365104	SRC;BRAF;ATM;JAK2;EGFR
500 genes up-regulated by SARS-CoV-2 in human Calu3 cells at 4h from GSE148729 mock s2 polyA	9/486	0.024192383635463294	0.3329267392159119	0	0	2.2539017004425808	8.388385224126871	LATS1;SMG1;CDK6;MST1;DYRK1A;ULK1;BRAF;PAK2;ATR
500 genes up-regulated by SARS-CoV-2 in human Calu3 cells at 4h from GSE148729 mock totalRNA	9/487	0.024473077889254822	0.3329267392159119	0	0	2.24907019990702	8.344458934170705	NUAK1;SMG1;GSK3A;ROCK1;INSR;WNK2;CAMK4;EGFR;IGF1R
Top 500 downregulated genes for SARS-CoV-2 infection in human cornea from GSE164073	9/488	0.024756090864772935	0.3329267392159119	0	0	2.244258872651357	8.300803766283753	MELK;PLK1;CDK2;CDK1;NEK2;CDC7;SGK1;MET;BUB1
Top 500 down genes for SARS-CoV-2 middle-stage infection in human male blood from GSE161731	9/498	0.027715766262809333	0.36030496141652135	0	0	2.197227902749375	7.878718408418586	CLK1;LATS1;SMG1;CDK6;ROCK1;DYRK1A;ATM;JAK2;ATR
630 genes downregulated by cystine and theanine in IAV-infected mouse spleen	9/504	0.029607063071336766	0.36633689060622765	0	0	2.1699214365881034	7.637564330620368	TBK1;CDK4;LCK;DYRK1A;AKT1;PIM3;SGK1;MARK2;CLK2
Top 500 upregulated genes in mouse spleen with SARS-CoV-2 infection (Day 7) from GEO GSE162113	8/425	0.030058411536921244	0.36633689060622765	0	0	2.2847390799017226	8.007125685026992	LATS2;IRAK1;ARAF;ULK1;PKN1;TTBK1;IGF1R;CLK2
100 gene most correlated to LDLRAD4 based on ARCHS4 co-expression	3/80	0.031247155898338992	0.3692845697076426	0	0	4.580705009276437	15.875930725459371	NUAK1;DYRK2;LCK
Top 500 down genes for SARS-CoV-2 infection in Rhesus macaques at Group 2 dose in PBMCs at 7 DPI from GSE156701	8/461	0.04497449413555465	0.5158839033195974	0	0	2.099270033451157	6.5112213606070934	PAK1;CDKL5;IRAK1;NEK6;AKT3;AKT1;MARK2;CAMKK2
Top 500 down genes for SARS-CoV-2 infection Day 21 in ferret nasal turbinates from GSE160824	7/383	0.0468564983951613	0.5221152678317974	0	0	2.2082738713025427	6.758787814776665	CDK8;FER;RIPK2;PRKD1;JAK2;CAMK1G;ATR
Top 500 down genes for SARS-CoV-2 infection in Mesocricetus auratus hamster blood Day 5 from GSE162208	7/387	0.04904590197877011	0.5227731852989517	0	0	2.184579589216945	6.586504499842552	NEK9;IRAK1;RIPK3;PRKD3;WNK2;PIK3CD;MTOR
Top 500 up genes for SARS-CoV-2 infection in Rhesus macaques at Group 3 dose in Bronchoalveolar Lavage at 10 DPI from GSE156701	8/472	0.05035943600963452	0.5227731852989517	0	0	2.048339327268881	6.121603966045867	MELK;RIPK3;LCK;PLK1;CDK1;NEK2;JAK2;BUB1
SARS coronavirus nsp8-pp1a/pp1ab (gene: orf1ab) from Virus-Host PPI P-HIPSTer 2020	2/43	0.05222375131618391	0.5227731852989517	0	0	5.711646702265839	16.862025527355364	SRC;ATM
Top 500 up genes for SARS-CoV-2 infection in Rhesus macaques at Group 2 dose in Bronchoalveolar Lavage at 7 DPI from GSE156701	8/477	0.05293989211807166	0.5227731852989517	0	0	2.025978782686044	5.953537441961706	GSK3A;MELK;IRAK1;LCK;SRC;ARAF;SGK1;BUB1
500 genes up-regulated by SARS-CoV-1 in Calu-3 cells from GSE148729 4h	7/395	0.05361776259476427	0.5227731852989517	0	0	2.138656650741765	6.257441758753825	NUAK1;CDK6;INSR;BRAF;CDK14;EGFR;IGF1R
500 genes up-regulated by MERS-CoV in Calu-3 cells from GSE122876	8/485	0.05724338279842895	0.5418941667984156	0	0	1.991176962354182	5.695648656789906	CLK1;LATS1;GSK3B;SMG1;DYRK1A;PIM3;EGFR;MTOR
178 positive hits from CRISPR screen of Heaton et al. in A549-ACE2 cells	4/170	0.05835783334752168	0.5418941667984156	0	0	2.8371690354231296	8.060855947833389	ATM;CDK14;PDK1;SRPK1
Top 500 up genes for COVID-19 severe disease in human NK cells from GSE165461	8/495	0.06292817249039771	0.5607356601225902	0	0	1.9492825739156725	5.391250349015289	CLK1;LATS1;SMG1;MAPKAPK2;PIM3;ULK1;BRAF;SGK1
Top 500 up genes for SARS-CoV-2 late-stage infection in human male blood from GSE161731	8/496	0.06351544176095614	0.5607356601225902	0	0	1.9451875691441214	5.361855507360963	GSK3A;IRAK1;AKT2;DAPK3;ARAF;PIM1;ILK;PKN1
500 genes down-regulated by SARS-CoV-2 in human Calu3 cells at 24h from GSE148729 polyA	8/498	0.0647002684756835	0.5607356601225902	0	0	1.9370477025165895	5.30361709942394	NEK6;WNK2;PLK1;PGK1;NEK2;CDK14;IGF1R;PDK1
Top 500 down genes for SARS-CoV-2 infection Day 7 in ferret right cranial lung from GSE160824	7/421	0.07027958635080972	0.5783401194241116	0	0	2.0016643101213623	5.314967002052676	GSK3B;NUAK1;AKT3;BRAF;CDK14;CAMK1G;IGF1R
Top 500 up genes for SARS-CoV-2 infection Day 7 in ferret right caudal lung from GSE160824	7/421	0.07027958635080972	0.5783401194241116	0	0	2.0016643101213623	5.314967002052676	FGR;MAPKAPK3;SRC;DAPK3;PIM1;AKT1;PKN1
184 proteins up-regualated at 0h in SARS-CoV-2 infected cells from Bouhaddou et al. 2020	4/182	0.07118032239065988	0.5783401194241116	0	0	2.6442844647783086	6.98762448066603	PLK1;PRKD2;CDK13;CDK14
SARS coronavirus RNA-dependent RNA polymerase (gene: orf1ab) from Virus-Host PPI P-HIPSTer 2020	1/9	0.07438423453989036	0.5920377851134131	0	0	14.574264705882353	37.87139095819814	CDK2
Top 500 down genes for SARS-CoV-2 infection Day 7 in ferret nasal turbinates from GSE160824	6/352	0.08222414734653619	0.6413483493029822	0	0	2.0476090383604832	5.115554471852721	CDK8;FER;CDKL5;PRKD1;CDK14;CAMK1G
197 proteins down-regualated at 4h in SARS-CoV-2 infected cells from Bouhaddou et al. 2020	4/196	0.08780360425891874	0.6596449621796736	0	0	2.4497255489021956	5.959331540364868	NEK9;GSK3B;ULK1;BUB1
500 genes down-regulated by MHV-A59 in murine spleen cells from GSE146074 5d	7/448	0.0905274316615433	0.6596449621796736	0	0	1.8765001935733643	4.507545547132028	CLK1;SMG1;ROCK1;LCK;MAPKAPK2;PIK3CD;PKN1
Top 500 down genes for SARS-CoV-2 infection in Rhesus macaques at Group 1 dose in PBMCs at 1 DPI from GSE156701	7/454	0.09543241332200951	0.6596449621796736	0	0	1.8507393463196378	4.348010416166853	SMG1;GSK3A;CDK6;DYRK2;AKT2;CAMK4;ATM
Top 500 down genes for SARS-CoV-2 infection Day 14 in ferret right caudal lung from GSE160824	7/455	0.09626410378899954	0.6596449621796736	0	0	1.846512957317073	4.322058619229475	LATS1;GSK3B;NUAK1;CDK6;LATS2;CDK14;IGF1R
Top 500 down genes for SARS-CoV-2 infection Day 2 in ferret right caudal lung from GSE160824	7/455	0.09626410378899954	0.6596449621796736	0	0	1.846512957317073	4.322058619229475	LATS1;GSK3B;CDKL5;CDK6;AKT3;BRAF;ATM
500 genes down-regulated by SARS-CoV-1 in human intestinal organoids from GSE149312 24h	7/456	0.09709983629360497	0.6596449621796736	0	0	1.8423053941007117	4.296284899926201	CLK1;ROCK1;LCK;PGK1;ULK1;IGF1R;PDK1
Top 500 up genes for SARS-CoV-2 infection 48 hpi in human alveolar organoids for GSE152586	7/460	0.10048307774348897	0.6596449621796736	0	0	1.8256609056156787	4.194941458455862	CLK1;TBK1;PGK1;PRKD2;PIM2;JAK2;MARK2
Top 500 up genes for SARS-CoV-2 infection in Rhesus macaques at Group 2 dose in PBMCs at 7 DPI from GSE156701	7/461	0.10133893735008073	0.6596449621796736	0	0	1.8215456108305577	4.170036251274756	LCK;PLK1;CDK1;NEK2;BUB1;MTOR;PDK1
Top 500 down genes for SARS-CoV-2 infection Day 21 in ferret right caudal lung from GSE160824	7/462	0.10219880467648174	0.6596449621796736	0	0	1.8174484052532833	4.1453004735520205	LATS1;GSK3B;CDK6;LATS2;INSR;BRAF;IGF1R
500 genes down-regulated by SARS-CoV-1 in human intestinal organoids from GSE149312 60h	7/463	0.10306267345338702	0.6596449621796736	0	0	1.8133691698759093	4.12073273442191	CLK1;INSR;PIM1;PGK1;PIM3;ULK1;PDK1
Top 500 down genes for SARS-CoV-2 infection in Mesocricetus auratus hamster lung Day 14 from GSE162208	6/378	0.10622468450274143	0.6596449621796736	0	0	1.9019550342130986	4.26456122512828	FER;DYRK2;AKT2;PGK1;PIM3;IGF1R
500 genes down-regulated by SARS-CoV-2 in human intestinal organoids from GSE149312 expansion 24h	7/467	0.10655803235210112	0.6596449621796736	0	0	1.797229586426299	4.024114829986999	CLK1;LCK;INSR;WNK2;ULK1;IGF1R;PDK1
Top 500 down genes for SARS-CoV-2 infection in Rhesus macaques at Group 1 dose in PBMCs at 2 DPI from GSE156701	7/467	0.10655803235210112	0.6596449621796736	0	0	1.797229586426299	4.024114829986999	CLK1;GSK3A;CDK6;AKT2;NEK7;ULK1;IGF1R
SARS perturbation; 220 Down Genes from GEN3VA; Human PBMCs; Accession: GDS1028 Platform: GPL201	4/212	0.10887834464364635	0.6607012407589417	0	0	2.259442653155228	5.010368590726239	ROCK1;LCK;DYRK1A;ATM
500 genes up-regulated by SARS-CoV-2 in A549-ACE2 cells from GSE154613 trifluoperazine	7/471	0.1101168734598236	0.6607012407589417	0	0	1.7813682716568544	3.930077823094437	SRC;WNK2;AKT1;PIM3;PRKD2;ULK1;PAK4
Top 500 up genes for SARS-CoV-2 infection in Rhesus macaques at Group 2 dose in PBMCs at 2 DPI from GSE156701	7/479	0.11742306955354054	0.6652732117238943	0	0	1.7504521496486152	3.7494192941373194	RIPK3;RIPK2;ROCK2;SRC;PIM2;VRK2;JAK2
SARS coronavirus E2 glycoprotein precursor (gene: S) from Virus-Host PPI P-HIPSTer 2020	2/69	0.11778517869548807	0.6652732117238943	0	0	3.4905943654508524	7.466007271891751	SRC;ATM
Top 500 down genes for SARS-CoV-2 infection Day 2 in ferret right cranial lung from GSE160824	6/392	0.12050477968505746	0.6652732117238943	0	0	1.8316533207724917	3.8758990620101272	CLK1;GSK3B;FER;BRAF;ATM;IGF1R
500 genes up-regulated by SARS-CoV-2 in human Calu3 cells at 4h from GSE148729 mock s1 polyA	7/483	0.12116936417763137	0.6652732117238943	0	0	1.735383787661406	3.6626420332641634	NUAK1;CDK6;DYRK2;DYRK1A;NLK;CDK13;EGFR
COVID19-Nsp9 protein host PPI from Krogan	1/16	0.12841295309899406	0.6652732117238943	0	0	7.770196078431373	15.948358624860344	NEK9
SARS coronavirus formerly known as growth-factor-like protein (gene: orf1ab) from Virus-Host PPI P-HIPSTer 2020	1/16	0.12841295309899406	0.6652732117238943	0	0	7.770196078431373	15.948358624860344	SRC
SARS coronavirus nsp4-pp1a/pp1ab (gene: orf1ab) from Virus-Host PPI P-HIPSTer 2020	1/16	0.12841295309899406	0.6652732117238943	0	0	7.770196078431373	15.948358624860344	SRC
500 genes down-regulated by SARS-CoV-2 in human Caco2 cells at 4h from GSE148729 untreated	7/491	0.12884542195642093	0.6652732117238943	0	0	1.7059942551904859	3.49582426262158	NEK9;CDKL5;CDK6;SRC;NEK2;CAMK2G;BUB1
318 proteins up-regualated at 2h in SARS-CoV-2 infected cells from Bouhaddou et al. 2020	5/313	0.1311722836832785	0.6652732117238943	0	0	1.9090322328274136	3.8777096525076353	CDK1;PRKD2;BRAF;MTOR;PAK4
Top 500 upregulated genes in mouse liver with SARS-CoV-2 infection (Day 3) from GEO GSE162113	6/402	0.13126110922140904	0.6652732117238943	0	0	1.7844811753902663	3.6235081218424994	WEE1;RIPK3;RIPK2;CDK1;NEK2;MTOR
500 genes up-regulated by SARS-CoV-2 in human Calu3 cells from GSE147507	7/494	0.1317861912247979	0.6652732117238943	0	0	1.695222116492212	3.4354937996737975	CLK1;NUAK1;LATS2;RIPK2;PIM1;PIM3;JAK2
Top 500 up genes for COVID-19 mild disease in human NK cells from GSE165461	7/494	0.1317861912247979	0.6652732117238943	0	0	1.695222116492212	3.4354937996737975	CLK1;LATS1;MAPKAPK2;ULK1;BRAF;SGK1;PAK4
Top 500 down genes for SARS-CoV-2 late-stage infection in human male blood from GSE161731	7/496	0.13376533934755777	0.6652732117238943	0	0	1.6881141204050076	3.3959255160556165	CLK1;SMG1;TBK1;ROCK1;ROCK2;ATM;JAK2
Top 500 up genes for SARS-CoV-2 middle-stage infection in human male blood from GSE161731	7/497	0.13476047109278885	0.6652732117238943	0	0	1.684581881533101	3.3763339578518536	GSK3A;IRAK1;AKT2;DAPK3;ARAF;ILK;PKN1
500 genes down-regulated by SARS-CoV-2 in human cardiomyocytes from GSE150392	6/410	0.14018798882850622	0.6834164455389679	0	0	1.7484248424842483	3.435254390779394	CAMK2B;PLK1;CAMK2A;CDK1;NEK2;PDK1
Top 500 up genes for SARS-CoV-2 infection Day 2 in ferret right cranial lung from GSE160824	6/419	0.1505606678391256	0.7249217340402344	0	0	1.7095311468192824	3.2368077548128733	RET;CDK4;SRC;PGK1;AKT1;SGK1
SARS-CoV-2/Human Interactome Gene Set from Guzzi	2/82	0.15551564344704877	0.7396475724920611	0	0	2.9214497041420118	5.436844050698506	MARK3;MARK2
SARS coronavirus leader protein (gene: orf1ab) from Virus-Host PPI P-HIPSTer 2020	1/20	0.15786651096205342	0.7417824009060341	0	0	6.13312693498452	11.321785872550063	SRC
500 top upregulated genes from SARS-CoV-2 infection at 24 HPI from GSE157852	6/429	0.16247940163833716	0.7543686504637083	0	0	1.6682570384698043	3.0315634373988534	CLK1;NUAK1;WEE1;SGK1;MET;PAK2
500 genes up-regulated by SARS-CoV-1 in Calu-3 cells from GSE148729 24h	6/438	0.17354425898486506	0.7962618941658514	0	0	1.6327441077441078	2.859461683849902	CLK1;RIPK2;PIM1;PIM3;PRKD2;JAK2
SARS-CoV perturbation; 23 Up Genes from GEN3VA; Human Vero E6 cells; Accession: GSE30589 Platform: GPL570 Entry 4	1/23	0.17930536219169482	0.8131289680786161	0	0	5.295989304812834	9.102031419165991	PIM3
SARS-CoV perturbation; 291 Down Genes from GEN3VA; Human bronchial epithelial 2B4 cells; Accession: GSE17400 Platform: GPL570; Entry 2	4/263	0.18863373260388397	0.8382825911692865	0	0	1.8098166601160612	3.0186801996026276	SMG1;MELK;CDC7;MASTL
Top 500 down genes for SARS-CoV-2 infection in Rhesus macaques at Group 3 dose in PBMCs at 14 DPI from GSE156701	6/459	0.2005156874801462	0.8382825911692865	0	0	1.5553682520569938	2.499263374421517	TBK1;IRAK1;RIPK2;PIM3;RAF1;SGK1
500 genes up-regulated by SARS-CoV-2 (0.2 MOI) in human A549 cells transduced with ACE2 vector from GSE147507	6/460	0.2018377045089449	0.8382825911692865	0	0	1.551862234681618	2.4834317067339784	CLK1;TBK1;PIM1;DYRK1A;PIM3;BRAF
Top 500 up genes for SARS-CoV-2 infection in Rhesus macaques at Group 1 dose in PBMCs at 14 DPI from GSE156701	6/460	0.2018377045089449	0.8382825911692865	0	0	1.551862234681618	2.4834317067339784	GSK3B;ROCK1;ROCK2;PRKD2;JAK2;MARK3
500 genes up-regulated by SARS-CoV-2 in human cardiomyocytes from GSE150392	6/461	0.20316296313672128	0.8382825911692865	0	0	1.5483716283716285	2.467712402123861	CLK1;NUAK1;PIM1;PIM3;PRKD2;SGK1
500 genes down-regulated by SARS-CoV-2 in human intestinal organoids from GSE149312 expansion 60h	6/462	0.20449143907673234	0.8382825911692865	0	0	1.544896331738437	2.4521045178517125	CLK1;INSR;PIM1;PGK1;PIM3;PDK1
Top 500 up genes for SARS-CoV-2 infection in Rhesus macaques at Group 3 dose in Bronchoalveolar Lavage at 4 DPI from GSE156701	6/462	0.20449143907673234	0.8382825911692865	0	0	1.544896331738437	2.4521045178517125	MELK;IRAK1;RIPK3;CDK1;JAK2;BUB1
Top 500 down genes for SARS-CoV-2 infection Day 21 in ferret right cranial lung from GSE160824	5/367	0.20632790359475525	0.8382825911692865	0	0	1.6197663582506823	2.5564587951972197	GSK3B;LATS2;CAMK2A;CDK14;IGF1R
Genome-wide CRISPR screen reveals host genes that regulate SARS-CoV-2 infection	1/27	0.20704870719945606	0.8382825911692865	0	0	4.480316742081448	7.055608239673783	DYRK1A
SARS-CoV perturbation; 311 Up Genes from GEN3VA; Human bronchial epithelial 2B4 cells; Accession: GSE17400 Platform: GPL570; Entry 5	4/274	0.20785023116716103	0.8382825911692865	0	0	1.7351075626524728	2.725745538615542	WEE1;PRKD2;MASTL;MARK2
500 genes up-regulated by MERS-CoV in Calu-3 cells from GSE139516 6h	6/465	0.20849592652159177	0.8382825911692865	0	0	1.5345612992671815	2.4059401039228545	CDK6;DYRK2;LATS2;DYRK1A;CDK13;EGFR
500 genes down-regulated by SARS-CoV-2 in A549-ACE2 cells from GSE154613 loperamide	6/467	0.21118122245677384	0.8404150689606307	0	0	1.5277460067047919	2.375704072416684	GSK3A;MELK;AKT2;PLK1;CDK2;AKT1
Top 500 up genes for SARS-CoV-2 infection in Rhesus macaques at Group 2 dose in Bronchoalveolar Lavage at 10 DPI from GSE156701	6/470	0.21523212873945807	0.8415804249718165	0	0	1.5176332288401253	2.3311425595483635	MELK;SRC;PLK1;CDK1;NEK2;BUB1
Top 500 up genes for SARS-CoV-2 infection in Rhesus macaques at Group 1 dose in PBMCs at 1 DPI from GSE156701	6/471	0.21658845472685856	0.8415804249718165	0	0	1.5142913000977518	2.3164965777870905	RIPK3;ROCK2;PRKD2;PIM2;JAK2;MARK2
Top 500 up genes for SARS-CoV-2 infection in Rhesus macaques at Group 1 dose in Bronchoalveolar Lavage at 10 DPI from GSE156701	6/472	0.2179477510824448	0.8415804249718165	0	0	1.5109637143971908	2.301953096274212	MELK;IRAK1;SRC;CDK1;NEK2;BUB1
500 genes up regulated by SARS-COV-2 infection of Calu3 cells	6/476	0.22341413788552622	0.8426257104174965	0	0	1.4977949709864604	2.244787424948855	CLK1;NUAK1;LATS2;RIPK2;PIM1;JAK2
500 genes up-regulated by SARS-CoV-2 (2 MOI) in human Calu-3 cells from GSE147507	6/476	0.22341413788552622	0.8426257104174965	0	0	1.4977949709864604	2.244787424948855	CLK1;NUAK1;LATS2;RIPK2;PIM1;JAK2
455 genes downregulated by IAV-infection in mouse spleen	5/379	0.22470018944466572	0.8426257104174965	0	0	1.5668288125765093	2.339257017421492	GSK3A;MAPKAPK2;NEK7;ARAF;PGK1
500 genes down-regulated by SARS-CoV-2 in mouse Lung cells at 3 dpi from GSE162113	5/382	0.22936957394849977	0.8439069230180651	0	0	1.554120993256847	2.2883199460513275	RET;CAMK2B;PRKD2;EGFR;SRPK1
Top 500 downregulated genes in mouse lung with SARS-CoV-2 infection (Day 3) from GEO GSE162113	5/382	0.22936957394849977	0.8439069230180651	0	0	1.554120993256847	2.2883199460513275	RET;CAMK2B;PRKD2;EGFR;SRPK1
500 genes up-regulated by SARS-CoV-2 in human Caco2 cells at 4h from GSE148729 mock	6/485	0.23587742842222556	0.8590012853535454	0	0	1.4689694439172518	2.1218426010547624	CDK9;PAK1;PIK3CD;SGK1;EGFR;IGF1R
500 genes down-regulated by SARS-CoV-2 in human hiPSC-CMs cells at 24h from GSE150392	6/488	0.24007984641932423	0.8590012853535454	0	0	1.459600150886458	2.0825337294277753	CAMK2B;PLK1;CAMK2A;CDK1;NEK2;PDK1
Top 500 downregulated genes for SARS-CoV-2 infection in human sclera from GSE164073	6/488	0.24007984641932423	0.8590012853535454	0	0	1.459600150886458	2.0825337294277753	LATS2;CDK2;PGK1;CDK1;MET;BUB1
500 genes up-regulated by SARS-CoV-2 in human hiPSC-CMs cells at 24h from GSE150392	6/490	0.24289418860348208	0.8611703050487092	0	0	1.453418482344102	2.056775178821213	CLK1;NUAK1;PIM1;PIM3;PRKD2;SGK1
500 top upregulated genes for SARS-CoV-2 infection vs. mock from GSE161881	6/495	0.24997309039043275	0.8714435878072937	0	0	1.4381855363450455	1.993903311656426	CLK1;NUAK1;PIM1;DYRK1A;PIM3;MARK2
Top 500 up genes for SARS-CoV-2 early infection in human female blood from GSE161731	6/496	0.2513960424513485	0.8714435878072937	0	0	1.4351762523191094	1.9815847714704187	MELK;PLK1;CDK2;PIM3;PIM2;BUB1
500 genes down-regulated by SARS-CoV-2 in human Calu3 cells at 4h from GSE148729 untreated s1 polyA	6/497	0.2528213244133427	0.8714435878072937	0	0	1.4321792260692465	1.9693499356656072	CDKL5;CDK1;NEK2;ULK1;BUB1;IGF1R
Top 500 upregulated genes in human nasal epithelial cells with SARS-CoV-2 infection (Mutant, 72 hpi) from GEO GSE162131	5/398	0.25472966412828585	0.8714435878072937	0	0	1.4896226125877556	2.0371370338218684	LATS1;WEE1;CAMK4;PAK2;CLK2
Top 500 down genes for SARS-CoV-2 infection in Mesocricetus auratus hamster blood Day 14 from GSE162208	5/404	0.26441732020023123	0.8922188781079778	0	0	1.4667693329709817	1.951135678980267	RET;PRKD3;ULK1;SGK1;CDK14
Top 500 down genes for SARS-CoV-2 infection in Mesocricetus auratus hamster blood Day 2 from GSE162208	5/405	0.266040340267264	0.8922188781079778	0	0	1.463027108433735	1.9372049132312825	NEK9;PRKD3;MET;CAMK2G;CAMKK2
Top 500 down genes for SARS-CoV-2 infection Day 2 in ferret nasal turbinates from GSE160824	5/406	0.26766566343239334	0.8922188781079778	0	0	1.4593035483580206	1.9233863037778203	CDK8;CDKL5;PRKD1;CAMK1G;ATR
40 SARS-CoV-2 host factor genes from genome-wide CRISPR screen in Huh7 cells from Baggen et al.	1/37	0.272395031891726	0.8927232137627994	0	0	3.2341503267973857	4.206018784458753	MAPKAPK3
SARS coronavirus hypothetical protein sars7a from Virus-Host PPI P-HIPSTer 2020	1/37	0.272395031891726	0.8927232137627994	0	0	3.2341503267973857	4.206018784458753	SRC
COVID-19 patients PBMC up	6/514	0.2773822732286853	0.8943050469389695	0	0	1.3830350751610594	1.7735470284377388	CDK5;PLK1;CDK1;NEK2;JAK2;BUB1
SARS Perturbation 441 Up Genes from GEN3VA Mouse Lung; Accession: GSE68820 Platform: GPL7202 Entry 2	5/412	0.27746387353747515	0.8943050469389695	0	0	1.4373464373464373	1.84277089861625	MELK;LCK;PLK1;CDK1;MASTL
SARS-CoV perturbation; 162 Down Genes from GEN3VA; Human Vero E6 cells; Accession: GSE30589 Platform: GPL570 Entry 5	2/122	0.28019521935181235	0.8957060290754658	0	0	1.9436883629191322	2.472893879877339	NLK;SGK1
COVID19-Nsp13 protein host PPI from Krogan	1/39	0.28480704099292664	0.903046715343426	0	0	3.0636222910216717	3.8477361265357404	TBK1
523 genes upregulated by IAV-infection in mouse spleen	5/419	0.2889874651369248	0.9047273195817034	0	0	1.4125341947500145	1.7534803490215851	CDK8;TBK1;CDK4;CDK1;NEK2
500 top downregulated genes from SARS-CoV-2 infection at 24 HPI from GSE157852	5/420	0.2906411189037848	0.9047273195817034	0	0	1.4090579184206706	1.7411250199944368	INSR;CAMK4;NEK2;JAK2;PAK4
500 genes up-regulated by MHV-A59 in murine spleen cells from GSE146074 3d	5/421	0.2922965186340888	0.9047273195817034	0	0	1.4055983549582947	1.7288670251765454	SMG1;ROCK1;MAPKAPK2;PGK1;AKT1
332 proteins enriched in  AP-MS using various SARS-CoV-2 proteins as bait from Gordon et al. (2020)	4/331	0.3142494033064252	0.9520740615983109	0	0	1.4284824845721402	1.65356608452871	NEK9;TBK1;MARK3;MARK2
COVID19-All 332 protein host PPI from Krogan	4/331	0.3142494033064252	0.9520740615983109	0	0	1.4284824845721402	1.65356608452871	NEK9;TBK1;MARK3;MARK2
Daniloski et al. Cell CRISPR screen to negative hits	2/133	0.3149168049902105	0.9520740615983109	0	0	1.7794841682099463	2.056099263220257	CDK1;VRK2
Top 500 down genes for SARS-CoV-2 infection in Rhesus macaques at Group 2 dose in Bronchoalveolar Lavage at 1 DPI from GSE156701	5/438	0.3206701242308609	0.9546667820613415	0	0	1.349230640808036	1.5345371269546817	CLK1;LCK;CAMK4;CDK2;PIM2
Top 500 downregulated genes in mouse heart with SARS-CoV-2 infection from GEO GSE162113	5/438	0.3206701242308609	0.9546667820613415	0	0	1.349230640808036	1.5345371269546817	CAMK2B;NUAK1;DYRK2;PRKD2;MARK2
500 top upregulated genes from SARS-CoV-2 infection at 72 HPI from GSE157852	5/440	0.32403241440457553	0.9573684971044277	0	0	1.3428887965655727	1.513317128522605	NUAK1;WEE1;CDC7;SGK1;MET
500 genes up-regulated by SARS-CoV-2 in human liver organoids from GSE151803	5/442	0.3273988062676243	0.9600416123637104	0	0	1.3366050012406605	1.492421413582301	RIPK2;NEK6;PIM3;VRK2;SRPK1
Top 500 upregulated genes in mouse lung with SARS-CoV-2 infection (Day 7) from GEO GSE162113	5/448	0.3375197926562884	0.9787147455042569	0	0	1.3180940466153552	1.4316229703409016	CDK9;ULK1;PKN1;MARK2;CLK2
Top 500 upregulated genes in human nasal epithelial cells with SARS-CoV-2 infection (WT, 8 hpi) from GEO GSE162131	5/452	0.34428252151687516	0.9787147455042569	0	0	1.30602948707582	1.3926096756617923	IRAK1;NEK6;PLK1;VRK2;SRPK1
Top 500 down genes for SARS-CoV-2 infection 48 hpi in human alveolar organoids for GSE152586	5/454	0.3476676848026831	0.9787147455042569	0	0	1.3000778168352698	1.3735428535449703	MAPKAPK3;IRAK1;CDK4;CDK1;PKN1
SARS perturbation; 299 Down Genes from GEN3VA; Human airway epithelium (HAE) cells; Accession: GSE47961 Platform: GPL6480; Entry 1	3/245	0.3491998238558485	0.9787147455042569	0	0	1.4453217237308147	1.5206388254521472	CLK1;NEK6;PDK1
500 genes down-regulated by SARS-CoV-2 in human intestinal organoids from GSE149312 differentiation 60h	5/456	0.3510550192687296	0.9787147455042569	0	0	1.2941789330270081	1.3547624484612337	PLK1;CDK2;CDK1;PIM3;SRPK1
SARS-CoV perturbation; 269 Down Genes from GEN3VA; Human Vero E6 cells; Accession: GSE30589 Platform: GPL570 Entry 6	3/246	0.35153337510430505	0.9787147455042569	0	0	1.4393004115226338	1.504717510080881	MELK;CDK1;CDC7
500 genes down-regulated by SARS-CoV-2 in A549-ACE2 cells from GSE154613 trifluoperazine	5/458	0.3544442560461336	0.9787147455042569	0	0	1.2883321364929918	1.3362634927501795	CDK6;NEK7;CDK1;ATM;ATR
355 proteins up-regualated at 12h in SARS-CoV-2 infected cells from Bouhaddou et al. 2020	4/352	0.35492207123729386	0.9787147455042569	0	0	1.3408355702388326	1.3889139531761938	PLK1;CDK1;AKT1;CDK13
Top 500 down genes for SARS-CoV-2 infection in Rhesus macaques at Group 2 dose in PBMCs at 14 DPI from GSE156701	5/463	0.3629239233629529	0.9787147455042569	0	0	1.2739385489556478	1.2912157598573408	PAK1;CDKL5;IRAK1;RIPK2;MET
500 genes up-regulated by SARS-CoV-2 (2 MOI) in human A549 cells transduced with ACE2 vector from GSE147507	5/464	0.36462072017458325	0.9787147455042569	0	0	1.2710974617423945	1.2824071638640338	CLK1;WEE1;TBK1;PIM1;PIM3
SARS-CoV perturbation; 283 Down Genes from GEN3VA; Human Vero E6 cells; Accession: GSE30589 Platform: GPL570 Entry 7	3/252	0.3655134720252599	0.9787147455042569	0	0	1.404188181296615	1.413248201861641	MELK;CDK1;CDC7
Top 500 up genes for SARS-CoV-2 infection in Rhesus macaques at Group 3 dose in Bronchoalveolar Lavage at 7 DPI from GSE156701	5/466	0.36801491579047413	0.9787147455042569	0	0	1.2654522645898125	1.2649863372083532	MELK;CDK1;NEK2;CDC7;BUB1
Top 500 upregulated genes in mouse lung with SARS-CoV-2 infection (Day 3) from GEO GSE162113	4/360	0.37044677377799173	0.9787147455042569	0	0	1.3101661844849626	1.301054640416367	FGR;WEE1;SGK3;VRK2
660 genes upregulated by cystine and theanine in IAV-infected mouse spleen	6/576	0.370558054308176	0.9787147455042569	0	0	1.2286443381180223	1.2197307135542486	CDK4;ARAF;PIM1;CDK1;MARK3;BUB1
Top 500 up genes for SARS-CoV-2 infection in Rhesus macaques at Group 2 dose in Bronchoalveolar Lavage at 2 DPI from GSE156701	5/468	0.3714096982939231	0.9787147455042569	0	0	1.259855838038981	1.247823607036867	IRAK1;RIPK3;SRC;JAK2;BUB1
Top 500 up genes for SARS-CoV-2 infection in Mesocricetus auratus hamster blood Day 2 from GSE162208	4/363	0.37626434410548937	0.9833199938019649	0	0	1.2990175637582773	1.2697420463005862	TBK1;SRC;PGK1;NEK2
Top 500 up genes for SARS-CoV-2 infection in Rhesus macaques at Group 1 dose in Bronchoalveolar Lavage at 7 DPI from GSE156701	5/472	0.3781999976161403	0.9833199938019649	0	0	1.248806790330487	1.2142549652278163	MELK;PLK1;CDK1;NEK2;BUB1
Top 500 up genes for SARS-CoV-2 infection in Rhesus macaques at Group 1 dose in Bronchoalveolar Lavage at 4 DPI from GSE156701	5/476	0.3849895863325798	0.9856718213400689	0	0	1.237945412222137	1.1816671678486144	IRAK1;RIPK3;SRC;RAF1;BUB1
Top 500 up genes for SARS-CoV-2 infection in Mesocricetus auratus hamster lung Day 2 from GSE162208	4/368	0.3859503204068982	0.9856718213400689	0	0	1.2808449035993945	1.2194240630212503	LATS1;TBK1;NEK2;PAK2
500 genes up regulated by MERS infection of Calu3 cells	5/477	0.38668663760264244	0.9856718213400689	0	0	1.2352588319379212	1.1736696120924812	LATS1;GSK3B;PIM3;RAF1;MARK3
SARS-CoV perturbation; 402 Up Genes from GEN3VA; Human bronchial epithelial 2B4 cells; Accession: GSE17400 Platform: GPL570; Entry 6	4/370	0.3898201792347157	0.9870662610586052	0	0	1.2737148653512647	1.1999282130232973	PRKD2;JAK2;MASTL;MARK2
Top 500 up genes for SARS-CoV-2 infection in Mesocricetus auratus hamster lung Day 5 from GSE162208	4/377	0.4033379116674093	0.9870662610586052	0	0	1.2493618660801722	1.134396309147676	FGR;RIPK3;LCK;NEK2
500 genes down-regulated by SARS-CoV-2 in human lung tissue cells from GSE147507	5/487	0.40364110744663667	0.9870662610586052	0	0	1.2090061490776383	1.0968456134043307	CDK9;DAPK3;MAPKAPK2;RAF1;SGK1
Healthy human lung biopsy vs. COVID-19 infected human lung series 15 from GSE147507 down genes	5/487	0.40364110744663667	0.9870662610586052	0	0	1.2090061490776383	1.0968456134043307	CDK9;DAPK3;MAPKAPK2;RAF1;SGK1
500 genes up-regulated by SARS-CoV-2 in human H1299 cells at 4h from GSE148729 mock	5/488	0.40533428772557706	0.9870662610586052	0	0	1.2064406695103396	1.0894679831351437	NUAK1;LATS2;ROCK2;RAF1;CDK13
500 genes up-regulated by SARS-CoV-2 in human Caco2 cells at 24h from GSE148729	5/489	0.40702693734885753	0.9870662610586052	0	0	1.2038857910982774	1.082143936728679	CLK1;LATS1;LATS2;DYRK1A;PIM3
61 genes down regulated by MERS and COVID-19 in Calu3 cells from two separate studies	1/61	0.4081973550959504	0.9870662610586052	0	0	1.9381372549019609	1.736579717629556	PGK1
Top 500 down genes for COVID-19 ARDs vs. non-COVID-19 ARDs for human trachea from GSE163426	5/492	0.4121014110176572	0.9870662610586052	0	0	1.1962841097449346	1.0604888960015455	MELK;DYRK2;ILK;NEK2;PDK1
500 genes down-regulated by SARS-CoV-2 in human lung cells from GSE147507	5/496	0.41885819288163056	0.9870662610586052	0	0	1.186293033641695	1.0323393143442168	CDK9;DAPK3;MAPKAPK2;RAF1;SGK1
Top 500 down genes for SARS-CoV-2 early infection in human male blood from GSE161731	5/497	0.42054555897776735	0.9870662610586052	0	0	1.1838206484474483	1.0254283586691928	CLK1;SMG1;ROCK1;BRAF;ATM
Top 500 up genes for SARS-CoV-2 early infection in human male blood from GSE161731	5/497	0.42054555897776735	0.9870662610586052	0	0	1.1838206484474483	1.0254283586691928	CDK5;DAPK3;MAPKAPK2;ILK;PKN1
Top 500 up genes for SARS-CoV-2 late-stage infection in human female blood from GSE161731	5/497	0.42054555897776735	0.9870662610586052	0	0	1.1838206484474483	1.0254283586691928	AKT2;MAPKAPK2;PIK3CD;ULK1;PIM2
Top 500 up genes for SARS-CoV-2 middle-stage infection in human female blood from GSE161731	5/497	0.42054555897776735	0.9870662610586052	0	0	1.1838206484474483	1.0254283586691928	IRAK1;AKT2;MAPKAPK2;PIM2;PAK4
Top 500 up genes from control vs. Ad5-hACE2 for SARS-CoV-2 infection in mouse lung from GSE158069	4/391	0.4302017769007883	0.9870662610586052	0	0	1.2032988286991908	1.014983683182344	FGR;MELK;LCK;CDK1
Top 500 down genes for SARS-CoV-2 infection Day 14 in ferret nasal turbinates from GSE160824	4/397	0.4416235968784279	0.9870662610586052	0	0	1.1845621733631972	0.968139525776437	CDK8;FER;PRKD1;ATR
Top 209 positive hits from SARS-CoV-2 CRISPR screen from Wang et al.	2/176	0.44523922052555437	0.9870662610586052	0	0	1.3368020131945861	1.0816647493857598	FER;ARAF
SARS Perturbation 430 Up Genes from GEN3VA Mouse Lung; Accession: GSE68820 Platform: GPL7202 Entry 3	4/404	0.45486475994597303	0.9870662610586052	0	0	1.1634131736526947	0.9164847017890773	MELK;PLK1;CDK1;MASTL
300 proteins up-regualated at 8h in SARS-CoV-2 infected cells from Bouhaddou et al. 2020	3/295	0.46343134418089793	0.9870662610586052	0	0	1.194777397260274	0.9188997473764186	CDK1;BRAF;CDK13
420 genes down-regulated by SARS-CoV-2 in ferret nasal wash from GSE147507	4/411	0.46800391910562944	0.9870662610586052	0	0	1.1429916579617179	0.8678491160897412	PAK1;RIPK2;SGK1;MET
500 top downregulated genes from SARS-CoV-2 infection at 72 HPI from GSE157852	4/411	0.46800391910562944	0.9870662610586052	0	0	1.1429916579617179	0.8678491160897412	INSR;CAMK4;JAK2;MARK3
COVID-19 patients PBMC down	2/190	0.4847493943568368	0.9870662610586052	0	0	1.2363716479919427	0.895285436482592	NUAK1;AKT3
SARS-CoV perturbation; 217 Up Genes from GEN3VA; Human Vero E6 cells; Accession: GSE30589 Platform: GPL570 Entry 7	2/193	0.49298927880916493	0.9870662610586052	0	0	1.2167663186591902	0.8605797006002238	RIPK3;PIM3
Top 500 up genes for SARS-CoV-2 infection Day 7 in ferret nasal turbinates from GSE160824	4/429	0.5012460355758006	0.9870662610586052	0	0	1.093568157802043	0.7552818257991551	FGR;MAPKAPK3;MAPKAPK2;PIM1
chloroquine-2869 from Old CMAP down	1/81	0.5018863772143519	0.9870662610586052	0	0	1.4521323529411765	1.0010732161462081	PDK1
434 genes down-regulated by SARS-CoV-2 in ferret trachea from GSE147507	4/430	0.5030674280924323	0.9870662610586052	0	0	1.0909448708217369	0.7495130175401712	FGR;WNK2;ARAF;CAMK1G
SARS-CoV perturbation; 338 Up Genes from GEN3VA; Human Vero E6 cells; Accession: GSE30589 Platform: GPL570 Entry 5	3/314	0.5046639110332466	0.9870662610586052	0	0	1.1206936150666054	0.7664004426470412	NEK7;PIM1;NEK2
Top 500 down genes for SARS-CoV-2 infection in Rhesus macaques at Group 3 dose in Bronchoalveolar Lavage at 14 DPI from GSE156701	4/431	0.5048859652972438	0.9870662610586052	0	0	1.0883338708998864	0.7437920578577909	LATS2;MAPKAPK2;PIM2;IGF1R
500 genes down-regulated by SARS-CoV-2 in mouse Lung cells at 7 dpi from GSE162113	4/432	0.5067016211848893	0.9870662610586052	0	0	1.0857350719122503	0.7381184953236899	FER;PAK1;CDKL5;MASTL
Top 500 downregulated genes for SARS-CoV-2 in human colon organoid from GSE148696	4/432	0.5067016211848893	0.9870662610586052	0	0	1.0857350719122503	0.7381184953236899	WNK2;PIM1;CAMK2G;CAMKK2
Top 500 downregulated genes in mouse lung with SARS-CoV-2 infection (Day 7) from GEO GSE162113	4/432	0.5067016211848893	0.9870662610586052	0	0	1.0857350719122503	0.7381184953236899	FER;PAK1;CDKL5;MASTL
SARS-CoV perturbation; 233 Down Genes from GEN3VA; Human bronchial epithelial 2B4 cells; Accession: GSE17400 Platform: GPL570; Entry 3	2/200	0.5118910416934445	0.9870662610586052	0	0	1.1733309425617118	0.7857134223531504	SMG1;IGF1R
chloroquine-7251 from Old CMAP down	1/84	0.514605734944529	0.9870662610586052	0	0	1.3994330262225372	0.929719257186467	NLK
500 genes down-regulated by MHV-A59 in murine spleen cells from GSE146074 3d	4/437	0.5157357941178147	0.9870662610586052	0	0	1.0729211323311807	0.7104461774880487	CLK1;LCK;PIK3CD;PKN1
Top 500 down genes for SARS-CoV-2 infection Day 7 in ferret right caudal lung from GSE160824	4/440	0.5211201235301682	0.9870662610586052	0	0	1.0653738394770094	0.694383715046359	ROCK2;AKT3;NEK7;CDK14
Top 500 down genes for SARS-CoV-2 infection in Rhesus macaques at Group 1 dose in Bronchoalveolar Lavage at 10 DPI from GSE156701	4/440	0.5211201235301682	0.9870662610586052	0	0	1.0653738394770094	0.694383715046359	CLK1;AKT3;MAPKAPK2;PIM2
Top 500 downregulated genes in mouse fat with SARS-CoV-2 infection from GEO GSE162113	4/443	0.5264765341961866	0.9870662610586052	0	0	1.057929698689182	0.6787132301616416	RET;CAMK2B;CDC7;EGFR
Top 500 down genes for SARS-CoV-2 infection in Rhesus macaques at Group 1 dose in Bronchoalveolar Lavage at 1 DPI from GSE156701	4/448	0.5353401707708952	0.9870662610586052	0	0	1.0457463451475428	0.6534376373979937	LCK;CAMK4;ATM;PIM2
Top 500 downregulated genes in mouse D2 cardiomyocytes with SARS-CoV-2 infection from GEO GSE162113	4/451	0.5406191609684345	0.9870662610586052	0	0	1.0385671609800533	0.6387605563500569	EEF2K;MAPKAPK3;CAMK2A;PDK1
Top 500 upregulated genes in human nasal epithelial cells with SARS-CoV-2 infection (Mutant, 8 hpi) from GEO GSE162131	4/454	0.5458680650939366	0.9870662610586052	0	0	1.0314836992681304	0.6244375094556964	CAMK2B;IRAK1;NEK6;SRPK1
500 genes down-regulated by SARS-CoV-2 in human intestinal organoids from GSE149312 differentiation 24h	4/459	0.5545479181634695	0.9870662610586052	0	0	1.0198855037178391	0.6013265929761781	SMG1;EEF2K;NEK2;SGK1
Top 500 up genes for SARS-CoV-2 infection in Rhesus macaques at Group 2 dose in Bronchoalveolar Lavage at 14 DPI from GSE156701	4/460	0.5562734680104212	0.9870662610586052	0	0	1.0175963861750184	0.5968154537368761	IRAK1;PRKD1;BUB1;MTOR
Top 500 up genes for SARS-CoV-2 infection in Rhesus macaques at Group 1 dose in Bronchoalveolar Lavage at 1 DPI from GSE156701	4/462	0.5597139989499276	0.9870662610586052	0	0	1.0130481395288027	0.5879015600991311	IRAK1;RIPK3;SRC;MARK3
500 genes up-regulated by SARS-CoV-2 in human Lung Organoid cells at 24 hpi from GSE148697	4/464	0.5631403191299575	0.9870662610586052	0	0	1.0085394428534236	0.5791300211380124	RIPK2;PIM2;SGK1;MTOR
Top 500 upregulated genes for SARS-CoV-2 infection in human lung organoids from GSE148697	4/464	0.5631403191299575	0.9870662610586052	0	0	1.0085394428534236	0.5791300211380124	RIPK2;PIM2;SGK1;MTOR
Top 500 downregulated genes in mouse D1 cardiomyocytes with SARS-CoV-2 infection from GEO GSE162113	4/465	0.5648481063951394	0.9870662610586052	0	0	1.006299764895372	0.5747968379864448	CAMK2A;PGK1;NEK2;PDK1
499 genes down-regulated by SARS-CoV-1 in Calu-3 cells from GSE148729	4/468	0.5699497725423625	0.9870662610586052	0	0	0.9996386537270286	0.5620038889642427	PLK1;PGK1;NEK2;PDK1
Top 500 up genes for SARS-CoV-2 infection in Rhesus macaques at Group 2 dose in Bronchoalveolar Lavage at 4 DPI from GSE156701	4/468	0.5699497725423625	0.9870662610586052	0	0	0.9996386537270286	0.5620038889642427	IRAK1;SRC;JAK2;BUB1
Top 500 up genes for SARS-CoV-2 infection in Rhesus macaques at Group 1 dose in PBMCs at 7 DPI from GSE156701	4/469	0.5716430408091008	0.9870662610586052	0	0	0.9974373832979203	0.557807417794531	RIPK3;PLK1;NLK;MARK3
SARS-CoV perturbation; 267 Up Genes from GEN3VA; Human bronchial epithelial 2B4 cells; Accession: GSE17400 Platform: GPL570; Entry 3	2/224	0.5731096587907405	0.9870662610586052	0	0	1.0452049682818914	0.5818428245335211	NEK7;MASTL
Top 500 up genes for SARS-CoV-2 infection in Rhesus macaques at Group 3 dose in Bronchoalveolar Lavage at 14 DPI from GSE156701	4/473	0.5783792495042296	0.9870662610586052	0	0	0.9887261723886981	0.541352776540723	LCK;CAMK4;ARAF;BUB1
500 genes down-regulated by SARS-CoV-2 in human H1299 cells at 4h from GSE148729 mock	4/474	0.5800540080402321	0.9870662610586052	0	0	0.9865715377755128	0.53732046453208	CLK1;SMG1;WEE1;CDK6
Top 500 up genes for SARS-CoV-2 infection in Rhesus macaques at Group 1 dose in Bronchoalveolar Lavage at 2 DPI from GSE156701	4/475	0.5817250188371851	0.9870662610586052	0	0	0.9844260523538909	0.5333201174451453	IRAK1;RIPK3;SRC;BUB1
Top 500 up genes for SARS-CoV-2 infection in Rhesus macaques at Group 1 dose in PBMCs at 2 DPI from GSE156701	4/478	0.5867154192342822	0.9870662610586052	0	0	0.9780439121756487	0.5215080583444637	RIPK3;PRKD2;VRK2;JAK2
235 proteins up-regualated in SARS-CoV-2 infected cells from Bouhaddou et al. 2020	2/233	0.5945944385794736	0.9870662610586052	0	0	1.0040216194062348	0.5219664639661287	BRAF;CDK13
500 genes down-regulated by SARS-CoV-2 in Calu-3 cells from GSE148729	4/483	0.59495647188632	0.9870662610586052	0	0	0.96758466365807	0.5024348170929497	PLK1;PGK1;NEK2;PDK1
Top 500 up genes for SARS-CoV-2 infection in Mesocricetus auratus hamster lung Day 14 from GSE162208	3/364	0.6046945484909194	0.9870662610586052	0	0	0.9629996042738425	0.48441945031193484	CLK1;NLK;MASTL
500 genes up-regulated by SARS-CoV-2 in human lung cells from GSE147507	4/489	0.6047178423060952	0.9870662610586052	0	0	0.9553182295203407	0.48051867463652037	FGR;GSK3A;PAK1;PIM2
500 genes up-regulated by SARS-CoV-2 in human Caco2 cells at 4h from GSE148729 untreated	4/494	0.6127439622440547	0.9870662610586052	0	0	0.9453256751802518	0.4630281824470281	DYRK2;PIM3;SGK1;EGFR
500 genes down-regulated by SARS-CoV-2 in human Calu3 cells at 24h from GSE148729 totalRNA	4/495	0.6143372311835212	0.9870662610586052	0	0	0.9433515860336353	0.459611519717315	IRAK1;PLK1;PGK1;NEK2
Down regulated gene from COVID-19 infected bronchoalveolar lavage from patients	3/370	0.6157736457831644	0.9870662610586052	0	0	0.9469637991436357	0.45915986862196684	CDK9;CDK4;AKT1
Top 500 up genes for SARS-CoV-2 infection in Mesocricetus auratus hamster blood Day 3 from GSE162208	3/370	0.6157736457831644	0.9870662610586052	0	0	0.9469637991436357	0.45915986862196684	TBK1;SRC;NEK2
500 genes down-regulated by SARS-CoV-2 in human A549 cells from GSE147507 Series2	4/497	0.6175117303664137	0.9870662610586052	0	0	0.9394274331661221	0.4528577712958649	SMG1;IRAK1;CDK4;ULK1
500 genes up-regulated by SARS-CoV-2 in human Calu3 cells at 24h from GSE148729 s1 polyA	4/497	0.6175117303664137	0.9870662610586052	0	0	0.9394274331661221	0.4528577712958649	RIPK2;PRKD2;JAK2;MASTL
Top 500 upregulated genes in human nasal epithelial cells with SARS-CoV-2 infection (Mutant, 24 hpi) from GEO GSE162131	3/371	0.6175998918472808	0.9870662610586052	0	0	0.94434200310559	0.4550920621279001	MELK;NEK6;PLK1
500 top downregulated genes for SARS-CoV-2 infection vs. mock from GSE161881	4/498	0.6190929405251967	0.9870662610586052	0	0	0.9374772721762952	0.4495202313778023	MELK;PLK1;CDK2;BUB1
Top 500 up genes for SARS-CoV-2 infection Day 14 in ferret nasal turbinates from GSE160824	3/373	0.6212349250343937	0.9870662610586052	0	0	0.9391409266409266	0.4470742509513851	LCK;NEK2;PIM2
Genes whose expression is altered by SARS-COV-2 infection	1/118	0.638040770760794	0.9870662610586052	0	0	0.9910507792860734	0.4453317336516411	PGK1
Top 500 up genes for SARS-CoV-2 infection Day 7 in ferret right cranial lung from GSE160824	3/386	0.6442913038569523	0.9870662610586052	0	0	0.9066579634464752	0.39857075746527443	MAPKAPK3;PGK1;BUB1
262 proteins up-regualated at 4h in SARS-CoV-2 infected cells from Bouhaddou et al. 2020	2/259	0.6521053780225752	0.9870662610586052	0	0	0.9012502014597196	0.3853287191610676	BRAF;CDK13
Top 500 upregulated genes in mouse heart with SARS-CoV-2 infection from GEO GSE162113	3/392	0.6545964020854973	0.9870662610586052	0	0	0.892398090341535	0.37814156602455845	EEF2K;PIK3CD;JAK2
Top 500 upregulated genes in human nasal epithelial cells with SARS-CoV-2 infection (Wild Type, 24 hpi) from GEO GSE162131	3/396	0.6613478776746765	0.9870662610586052	0	0	0.8831334060341693	0.3651538390452876	WNK2;PLK1;CDK2
Top 500 upregulated genes in mouse kidney with SARS-CoV-2 infection (Day 3) from GEO GSE162113	3/399	0.6663491363902773	0.9870662610586052	0	0	0.8763077200577201	0.3557296852280352	WEE1;INSR;ATM
Top 500 up genes for SARS-CoV-2 infection in Mesocricetus auratus hamster blood Day 5 from GSE162208	2/267	0.6684528493291558	0.9870662610586052	0	0	0.8736853857318299	0.35191122713482204	PIM3;BUB1
Top 500 down genes from control vs. Ad5-hACE2 for SARS-CoV-2 infection in mouse lung from GSE158069	3/402	0.6712969284069349	0.9870662610586052	0	0	0.8695846759756534	0.34656751478114284	INSR;PIM3;IGF1R
SARS perturbation; 280 Up Genes from GEN3VA; Human PBMCs; Accession: GDS1028 Platform: GPL201	2/269	0.6724421847975763	0.9870662610586052	0	0	0.8670522793253994	0.3440802823911862	ILK;SGK1
Coronavirus Perturbation; 174 Down Genes from GEN3VA Human Calu-3 2B4 cells; Accession: GSE45042 Platform: GPL6480 Entry 2	1/131	0.6764981942916616	0.9870662610586052	0	0	0.8913574660633484	0.3483652278581477	INSR
541 proteins up-regualated at 24h in SARS-CoV-2 infected cells from Bouhaddou et al. 2020	4/537	0.6775335278878653	0.9870662610586052	0	0	0.8671287818359529	0.3375699741870928	NEK6;BRAF;CDK13;EGFR
500 genes down-regulated by MHV-A59 in murine liver cells from GSE146074 3d	3/410	0.6842297135722154	0.9870662610586052	0	0	0.8521411021411022	0.32335480830679053	PRKD3;ULK1;PDK1
Top 500 up genes for SARS-CoV-2 infection Day 21 in ferret nasal turbinates from GSE160824	3/410	0.6842297135722154	0.9870662610586052	0	0	0.8521411021411022	0.32335480830679053	LCK;NEK2;PKN1
Top 500 up genes for SARS-CoV-2 infection Day 21 in ferret right caudal lung from GSE160824	3/410	0.6842297135722154	0.9870662610586052	0	0	0.8521411021411022	0.32335480830679053	MAPKAPK3;DAPK3;AKT1
500 genes down-regulated by SARS-CoV-2 in mouse Liver cells at 3 dpi from GSE162113	3/412	0.6874035742821747	0.9870662610586052	0	0	0.8478868319944115	0.317816571023879	CLK1;CAMK2B;GSK3B
Top 500 downregulated genes in mouse liver with SARS-CoV-2 infection (Day 3) from GEO GSE162113	3/412	0.6874035742821747	0.9870662610586052	0	0	0.8478868319944115	0.317816571023879	CLK1;CAMK2B;GSK3B
500 genes down-regulated by SARS-CoV-2 in human liver organoids from GSE151803	3/418	0.6967830626198338	0.9870662610586052	0	0	0.8353700516351119	0.3018034622163415	WEE1;ULK1;PKN1
Top 500 up genes for SARS-CoV-2 infection Day 2 in ferret right caudal lung from GSE160824	3/421	0.7013930524242168	0.9870662610586052	0	0	0.8292464114832536	0.2941227947622544	SRC;DAPK3;AKT1
Top 500 down genes for SARS-CoV-2 infection in Rhesus macaques at Group 3 dose in Bronchoalveolar Lavage at 10 DPI from GSE156701	3/422	0.702917927844876	0.9870662610586052	0	0	0.8272246846232526	0.2916092251676155	PIM2;CDK15;IGF1R
500 genes up-regulated by SARS-CoV-2 in Calu-3 cells from GSE148729	3/425	0.707457258106591	0.9870662610586052	0	0	0.8212169939065673	0.2842051872599882	RIPK2;PRKD2;JAK2
Top 150 positive hits from GSE154783: SARS-CoV-2 CRISPR screen in Vero-E6 cells	1/147	0.7182965410404967	0.9870662610586052	0	0	0.7930298146655923	0.26239198367832184	CAMK2B
499 genes down-regulated by SARS-CoV-2 in Calu-3 cells from GSE148729	3/437	0.7250878920296386	0.9870662610586052	0	0	0.7980167873601053	0.25653239257455884	CDK5;RIPK2;CDK1
Top 500 downregulated genes in human nasal epithelial cells with SARS-CoV-2 infection (Mutant, 8 hpi) from GEO GSE162131	3/437	0.7250878920296386	0.9870662610586052	0	0	0.7980167873601053	0.25653239257455884	CLK1;INSR;ATM
Top 500 downregulated genes in human nasal epithelial cells with SARS-CoV-2 infection (WT, 8 hpi) from GEO GSE162131	3/437	0.7250878920296386	0.9870662610586052	0	0	0.7980167873601053	0.25653239257455884	CLK1;INSR;ATM
Top 500 down genes for SARS-CoV-2 infection in Rhesus macaques at Group 3 dose in Bronchoalveolar Lavage at 2 DPI from GSE156701	3/438	0.7265192991552806	0.9870662610586052	0	0	0.7961412151067323	0.2543593413291505	LCK;MAPKAPK2;PIM2
500 genes up-regulated by SARS-CoV-2 in human intestinal organoids from GSE149312 differentiation 60h	3/440	0.7293647712240994	0.9870662610586052	0	0	0.7924158221641059	0.25007161535324707	GSK3B;SRC;AKT2
500 genes down-regulated by SARS-CoV-2 in human pancreatic organoids from GSE151803	3/441	0.7307788521787449	0.9870662610586052	0	0	0.7905658838878017	0.24795655662226584	RET;SMG1;CDKL5
Top 500 down genes for SARS-CoV-2 infection in Mesocricetus auratus hamster lung Day 5 from GSE162208	3/442	0.7321871739220641	0.9870662610586052	0	0	0.7887243735763098	0.24586044843073762	CAMK2A;ULK1;CAMK2G
SARS Perturbation 320 Up Genes from GEN3VA Mouse Lung; Accession: GSE19137 Platform: GPL1261 Entry 1	2/305	0.7377971534556123	0.9870662610586052	0	0	0.7626301091647626	0.23190540780509944	GSK3A;SGK1
Top 500 up genes for SARS-CoV-2 infection in Rhesus macaques at Group 2 dose in PBMCs at 14 DPI from GSE156701	3/451	0.7446043395083038	0.9870662610586052	0	0	0.7725207270408163	0.2278181311585459	CDK8;PIM1;PDK1
Top 500 upregulated genes for SARS-CoV-2 in human colon organoid from GSE148696	3/452	0.7459555551071936	0.9870662610586052	0	0	0.7707604199809099	0.22590159970936058	NEK7;VRK2;SGK1
500 genes up-regulated by SARS-CoV-2 in A549-ACE2 cells from GSE154613 loperamide	3/454	0.7486410195817431	0.9870662610586052	0	0	0.7672632245802977	0.22211939657561627	NEK7;SGK1;MET
Top 500 down genes for SARS-CoV-2 infection in Rhesus macaques at Group 3 dose in PBMCs at 4 DPI from GSE156701	3/454	0.7486410195817431	0.9870662610586052	0	0	0.7672632245802977	0.22211939657561627	WNK2;MST1;CAMKK2
Top 500 down genes for SARS-CoV-2 infection in Rhesus macaques at Group 1 dose in Bronchoalveolar Lavage at 7 DPI from GSE156701	3/455	0.749975288565584	0.9870662610586052	0	0	0.7655262326169405	0.2202533965327071	CLK1;MAPKAPK2;PIM2
Top 500 upregulated genes in human nasal epithelial cells with SARS-CoV-2 infection (Wild Type, 72 hpi) from GEO GSE162131	3/455	0.749975288565584	0.9870662610586052	0	0	0.7655262326169405	0.2202533965327071	WEE1;ROCK1;DYRK1A
500 down regulated genes in A549 cells infected with COVID-19 extracted from GSE147507	3/456	0.7513039289195715	0.9870662610586052	0	0	0.7637969094922737	0.21840391501876574	IRAK1;CDK4;ULK1
500 genes down-regulated by SARS-CoV-2 (0.2 MOI) in human A549 cells from GSE147507	3/456	0.7513039289195715	0.9870662610586052	0	0	0.7637969094922737	0.21840391501876574	IRAK1;CDK4;ULK1
Top 500 up genes in human lung AT2 cells organoids from GSE160435	3/458	0.7539443653450002	0.9870662610586052	0	0	0.7603610675039246	0.21475387049461092	RIPK3;ILK;MET
500 genes up-regulated by SARS-CoV-2 in human intestinal organoids from GSE149312 differentiantion 24h	3/461	0.7578630681304205	0.9870662610586052	0	0	0.7552635683094199	0.20939875670336078	MAPKAPK3;IRAK1;AKT2
Top 500 up genes for SARS-CoV-2 infection in Rhesus macaques at Group 3 dose in PBMCs at 1 DPI from GSE156701	3/462	0.7591581584630807	0.9870662610586052	0	0	0.7535792094615624	0.2076450931974586	FGR;PIM2;SGK1
500 genes up-regulated by SARS-CoV-2 in A549-ACE2 cells from GSE154613 berbamine	3/463	0.7604476952763124	0.9870662610586052	0	0	0.7519021739130435	0.2059068662235457	IRAK1;SRC;WNK2
500 genes up-regulated by SARS-CoV-2 in human Organoids cells from GSE154613	3/464	0.7617316895441487	0.9870662610586052	0	0	0.7502324140068175	0.20418392807581504	PIK3CD;PRKD2;MASTL
Top 500 up genes for SARS-CoV-2 infection in Rhesus macaques at Group 1 dose in Bronchoalveolar Lavage at 14 DPI from GSE156701	3/464	0.7617316895441487	0.9870662610586052	0	0	0.7502324140068175	0.20418392807581504	CDK6;EEF2K;ATR
Top 500 up genes for SARS-CoV-2 infection in Rhesus macaques at Group 2 dose in PBMCs at 4 DPI from GSE156701	3/465	0.7630101527829733	0.9870662610586052	0	0	0.7485698824984539	0.20247613222141583	RIPK3;CDK1;SGK1
500 genes up-regulated by MERS-CoV in Calu-3 cells from GSE139516 24h	3/466	0.7642830962515247	0.9870662610586052	0	0	0.7469145325516816	0.20078333406884566	CLK1;DYRK1A;RAF1
COVID-19 patients BALF down	2/323	0.7661192245355363	0.9870662610586052	0	0	0.7192021972755258	0.19160803394863105	GSK3A;AKT1
Top 500 down genes for SARS-CoV-2 infection in Rhesus macaques at Group 1 dose in PBMCs at 7 DPI from GSE156701	3/468	0.7668124703193927	0.9870662610586052	0	0	0.7436251920122888	0.19744215942691698	CDK6;RIPK2;AKT2
Top 500 up genes for SARS-CoV-2 infection in Rhesus macaques at Group 2 dose in Bronchoalveolar Lavage at 1 DPI from GSE156701	3/471	0.7705654250475693	0.9870662610586052	0	0	0.738743894993895	0.19253934982787643	GSK3A;IRAK1;RAF1
Top 500 up genes for SARS-CoV-2 infection in Rhesus macaques at Group 3 dose in Bronchoalveolar Lavage at 1 DPI from GSE156701	3/471	0.7705654250475693	0.9870662610586052	0	0	0.738743894993895	0.19253934982787643	IRAK1;PIM1;RAF1
Top 500 up genes for SARS-CoV-2 infection in Rhesus macaques at Group 3 dose in PBMCs at 2 DPI from GSE156701	3/474	0.7742693392689626	0.9870662610586052	0	0	0.733924780103124	0.18776400014318978	RIPK3;RIPK2;PIM2
500 genes down regulated by MERS infection of Calu3 cells	3/475	0.7754931362481536	0.9870662610586052	0	0	0.7323320217917676	0.1861999182942825	PGK1;NEK2;BUB1
500 genes down-regulated by MERS-CoV in Calu-3 cells from GSE139516 24h	3/476	0.7767115333670895	0.9870662610586052	0	0	0.7307459981878587	0.1846494692548439	EEF2K;CDK5;PGK1
500 genes up-regulated by SARS-CoV-2 in human A549 cells from GSE154613	3/476	0.7767115333670895	0.9870662610586052	0	0	0.7307459981878587	0.1846494692548439	RIPK2;JAK2;SGK1
Top 500 upregulated genes for SARS-CoV-2 infection in human limbus from GSE164073	3/476	0.7767115333670895	0.9870662610586052	0	0	0.7307459981878587	0.1846494692548439	MELK;PLK1;BUB1
500 genes down regulated by SARS-COV-2 infection of Calu3 cells	3/479	0.780334450841116	0.9870662610586052	0	0	0.7260279111644657	0.18007863989946973	MAPKAPK3;PLK1;PGK1
500 genes down-regulated by SARS-CoV-2 (2 MOI) in human Calu-3 cells from GSE147507	3/479	0.780334450841116	0.9870662610586052	0	0	0.7260279111644657	0.18007863989946973	MAPKAPK3;PLK1;PGK1
500 genes down-regulated by MERS-CoV in Calu-3 cells from GSE122876	3/480	0.7815313743738086	0.9870662610586052	0	0	0.7244684037136867	0.17858144961589004	PGK1;CDK1;NEK2
Top 500 down genes from SARS-CoV-2 infection in human lung from GSE150316	1/177	0.7827285555374313	0.9870662610586052	0	0	0.6568516042780749	0.16090848786016795	CAMK2B
Top 500 up genes for SARS-CoV-2 infection in Rhesus macaques at Group 3 dose in PBMCs at 7 DPI from GSE156701	3/482	0.7839092249499201	0.9870662610586052	0	0	0.7213689233522219	0.175625956768709	MELK;LCK;BUB1
500 genes down-regulated by SARS-CoV-2 in human Caco2 cells at 4h from GSE148729 mock	3/484	0.786265833589665	0.9870662610586052	0	0	0.7182952182952183	0.17272150742623843	CDK6;LATS2;CDK14
192 negative hits from CRISPR screen of Heaton et al. in A549-ACE2 cells	1/180	0.788303203940313	0.9870662610586052	0	0	0.6457443312520539	0.15360480975551621	CLK2
500 genes down-regulated by SARS-CoV-2 in human Calu3 cells at 4h from GSE148729 mock totalRNA	3/486	0.7886013056513277	0.9870662610586052	0	0	0.7152469683525584	0.16986715094730895	CDK5;RIPK2;CDK1
500 genes down-regulated by SARS-CoV-2 in human H1299 cells at 36h from GSE148729	3/488	0.7909157474857549	0.9870662610586052	0	0	0.7122238586156112	0.16706195667254684	SMG1;CDK6;ATM
500 genes up-regulated by SARS-CoV-2 in human H1299 cells at 4h from GSE148729 untreated	3/489	0.792065115589372	0.9870662610586052	0	0	0.7107216343327455	0.16567750985203367	NUAK1;DAPK3;PIK3CD
500 genes down-regulated by SARS-CoV-2 in human Caco2 cells at 24h from GSE148729	3/490	0.7932092665850319	0.9870662610586052	0	0	0.7092255793487826	0.16430501327085031	PAK1;SRC;PGK1
500 genes down-regulated by SARS-CoV-2 in human Calu3 cells from GSE147507	3/491	0.7943482140990317	0.9870662610586052	0	0	0.7077356557377049	0.1629443559408517	MAPKAPK3;PLK1;PGK1
500 genes up-regulated by SARS-CoV-2 in human Calu3 cells at 4h from GSE148729 untreated totalRNA	3/492	0.7954819718030708	0.9870662610586052	0	0	0.7062518258837277	0.1615954280433648	GSK3A;CAMK4;EGFR
500 genes up-regulated by SARS-CoV-2 in human A549 cells from GSE147507 Series5	3/494	0.7977339728795354	0.9870662610586052	0	0	0.7033022985161478	0.15893232686484995	CDK6;AKT3;VRK2
500 genes down-regulated by SARS-CoV-2 in human Calu3 cells at 12h from GSE148729	3/495	0.79885224399847	0.9870662610586052	0	0	0.7018365272938444	0.15761793950437827	CAMK2A;PGK1;PDK1
500 genes up-regulated by SARS-CoV-2 in human Calu3 cells at 24h from GSE148729 totalRNA	3/495	0.79885224399847	0.9870662610586052	0	0	0.7018365272938444	0.15761793950437827	RIPK2;PRKD2;JAK2
SARS perturbation; 236 Up Genes from GEN3VA; Human airway epithelium (HAE) cells; Accession: GSE47961 Platform: GPL6480; Entry 2	1/203	0.8265744063521735	0.9870662610586052	0	0	0.5715492137449039	0.10886031528761395	PIM3
Top 500 up genes for SARS-CoV-2 infection in Mesocricetus auratus hamster lung Day 3 from GSE162208	2/370	0.8278992871965963	0.9870662610586052	0	0	0.6258361204013378	0.11819776648230065	NEK2;PAK2
392 genes up-regulated by SARS-CoV-2 in ferret nasal wash from GSE147507	2/371	0.8290391191238512	0.9870662610586052	0	0	0.6241080162280913	0.11701272419825136	CAMK2B;SRC
SARS-CoV perturbation; 231 Up Genes from GEN3VA; Human Vero E6 cells; Accession: GSE30589 Platform: GPL570 Entry 6	1/207	0.8324895768805433	0.9870662610586052	0	0	0.5603369503141062	0.10272913802640114	RIPK3
Top 500 up genes for SARS-CoV-2 infection Day 14 in ferret right cranial lung from GSE160824	2/393	0.8524604755408668	0.9870662610586052	0	0	0.5883260945232222	0.09391357309193847	CDK4;PGK1
500 genes up-regulated by MHV-A59 in murine liver cells from GSE146074 5d	2/394	0.853452700289215	0.9870662610586052	0	0	0.5867950730588093	0.09298657326639696	MAPKAPK2;PIM1
Top 500 up genes for SARS-CoV-2 infection Day 21 in ferret right cranial lung from GSE160824	2/398	0.8573614017887291	0.9870662610586052	0	0	0.5807483115175422	0.08937469322961099	CDK4;PGK1
Top 500 up genes for SARS-CoV-2 infection Day 14 in ferret right caudal lung from GSE160824	2/405	0.8639744785107921	0.9870662610586052	0	0	0.5704553129634252	0.0834074403852488	PIM1;AKT1
Top 500 down genes for SARS-CoV-2 infection Day 14 in ferret right cranial lung from GSE160824	2/407	0.8658119857483897	0.9870662610586052	0	0	0.5675798086054497	0.08178115596578812	GSK3B;IGF1R
SARS-CoV perturbation; 311 Down Genes from GEN3VA; Human bronchial epithelial 2B4 cells; Accession: GSE17400 Platform: GPL570; Entry 4	1/233	0.8663393459363617	0.9870662610586052	0	0	0.4968813387423935	0.07129183524382125	SMG1
500 genes up-regulated by SARS-CoV-2 in mouse Kidney cells at 7 dpi from GSE162113	2/412	0.8703071474218254	0.9870662610586052	0	0	0.5605137826526194	0.07786045758896337	ULK1;CLK2
Top 500 upregulated genes in mouse kidney with SARS-CoV-2 infection (Day 7) from GEO GSE162113	2/412	0.8703071474218254	0.9870662610586052	0	0	0.5605137826526194	0.07786045758896337	ULK1;CLK2
Top 500 down genes for SARS-CoV-2 infection in Mesocricetus auratus hamster lung Day 2 from GSE162208	2/417	0.8746643361015343	0.9870662610586052	0	0	0.5536180223853996	0.07413780292414286	DAPK3;PAK4
Top 500 down genes for SARS-CoV-2 infection in Rhesus macaques at Group 2 dose in Bronchoalveolar Lavage at 4 DPI from GSE156701	2/417	0.8746643361015343	0.9870662610586052	0	0	0.5536180223853996	0.07413780292414286	PIM2;CDK15
Top 772 negative hits from genome-wide CRISPR screen for SARS-CoV-2 for 37 deg C from Schneider et al.	4/730	0.8748702111308024	0.9870662610586052	0	0	0.630243644941522	0.08425080266144844	WEE1;CDK2;MST1;ATR
436 genes up-regulated by SARS-CoV-2 in ferret trachea from GSE147507	2/425	0.8813577492966168	0.9870662610586052	0	0	0.5429238882594039	0.06856676106975508	CDK8;NEK2
SARS perturbation; 286 Up Genes from GEN3VA; Human airway epithelium (HAE) cells; Accession: GSE47961 Platform: GPL6480; Entry 3	1/250	0.8846993407385838	0.9870662610586052	0	0	0.4625561067800614	0.05666655509599883	PIM3
Top 500 downregulated genes for SARS-CoV-2 infection in human lung organoids from GSE148697	2/433	0.8877214149252802	0.9870662610586052	0	0	0.5326267521520065	0.06343441189308142	NEK7;CDK1
Top 500 downregulated genes in mouse kidney with SARS-CoV-2 infection (Day 3) from GEO GSE162113	2/434	0.8884943874566863	0.9870662610586052	0	0	0.5313664255971948	0.062821830918	CAMK2B;MET
Top 797 negative hits from genome-wide CRISPR screen for SARS-CoV-2 for 33 deg C from Schneider et al.	4/753	0.8894931059642021	0.9870662610586052	0	0	0.6101548571748359	0.0714512829651858	SMG1;WEE1;CDK1;CDC7
Top 500 down genes for SARS-CoV-2 infection in Rhesus macaques at Group 2 dose in Bronchoalveolar Lavage at 14 DPI from GSE156701	2/441	0.8937692964401606	0.9870662610586052	0	0	0.5227049102990928	0.05870373125770349	MAPKAPK2;PIM2
Top 500 up genes for SARS-CoV-2 infection in Rhesus macaques at Group 2 dose in PBMCs at 10 DPI from GSE156701	2/444	0.8959586222043157	0.9870662610586052	0	0	0.5190768159790088	0.05702632281381442	CDK1;ILK
Top 500 down genes for SARS-CoV-2 infection in Rhesus macaques at Group 2 dose in Bronchoalveolar Lavage at 10 DPI from GSE156701	2/446	0.8973949116252297	0.9870662610586052	0	0	0.516685324377632	0.05593596858956592	CLK1;FGR
Top 500 downregulated genes in human nasal epithelial cells with SARS-CoV-2 infection (Wild Type, 72 hpi) from GEO GSE162131	2/448	0.8988128326239171	0.9870662610586052	0	0	0.5143152811314247	0.05486739142683608	DAPK3;PAK4
Coronavirus Perturbation; 326 Up Genes from GEN3VA Human Calu-3 2B4 cells; Accession: GSE45042 Platform: GPL6480 Entry 2	1/266	0.8996807487915113	0.9870662610586052	0	0	0.43427302996670364	0.045909304579437905	PAK4
Top 500 down genes for SARS-CoV-2 infection in Rhesus macaques at Group 1 dose in PBMCs at 14 DPI from GSE156701	2/452	0.9015943851542654	0.9870662610586052	0	0	0.5096383957922419	0.05279371862369178	DYRK2;CAMK4
Top 500 down genes for SARS-CoV-2 infection in Rhesus macaques at Group 1 dose in PBMCs at 4 DPI from GSE156701	2/454	0.9029584204758496	0.9870662610586052	0	0	0.5073309943970257	0.05178772521504049	GSK3A;AKT2
500 genes down-regulated by SARS-CoV-2 in A549-ACE2 cells from GSE154613 berbamine	2/455	0.9036338405312567	0.9870662610586052	0	0	0.5061849341013885	0.05129224798264301	LATS1;NEK7
500 genes up-regulated by SARS-CoV-2 in mouse lung tissue from GSE150847	1/272	0.904785339493249	0.9870662610586052	0	0	0.4245278923377469	0.04247722393309205	SMG1
Top 500 up genes for SARS-CoV-2 infection in Rhesus macaques at Group 1 dose in PBMCs at 10 DPI from GSE156701	2/458	0.9056340073278362	0.9870662610586052	0	0	0.502776912695941	0.04983525763038796	CDK8;MARK3
500 genes up-regulated by SARS-CoV-2 in human intestinal organoids from GSE149312 expansion 60h	2/459	0.906292113819267	0.9870662610586052	0	0	0.501650848730465	0.04935923469123162	MELK;SGK1
500 genes up-regulated by SARS-CoV-2 in human intestinal organoids from GSE149312 expansion 24h	2/459	0.906292113819267	0.9870662610586052	0	0	0.501650848730465	0.04935923469123162	RIPK2;SGK1
Top 500 down genes for SARS-CoV-2 infection in Rhesus macaques at Group 3 dose in Bronchoalveolar Lavage at 7 DPI from GSE156701	2/459	0.906292113819267	0.9870662610586052	0	0	0.501650848730465	0.04935923469123162	MAPKAPK2;PIM2
500 genes upregulated by SARS-CoV-2 in human lung tissue from GSE147507	2/461	0.9075955495831344	0.9870662610586052	0	0	0.49941344058991116	0.04842134408823872	FGR;PIM2
Healthy human lung biopsy vs. COVID-19 infected human lung series 15 from GSE147507 up genes	2/461	0.9075955495831344	0.9870662610586052	0	0	0.49941344058991116	0.04842134408823872	FGR;PIM2
500 genes down-regulated by SARS-CoV-2 in A549-ACE2 cells from GSE154613 RS504393	2/462	0.90824092737039	0.9870662610586052	0	0	0.4983020324157448	0.047959376627677366	NEK7;ATM
Top 500 up genes for SARS-CoV-2 infection in Rhesus macaques at Group 3 dose in PBMCs at 10 DPI from GSE156701	2/463	0.9088821106931531	0.9870662610586052	0	0	0.49719544596901516	0.04750199544299575	LCK;CDK1
Top 500 up genes for SARS-CoV-2 infection in Rhesus macaques at Group 1 dose in PBMCs at 4 DPI from GSE156701	2/464	0.9095191232737111	0.9870662610586052	0	0	0.49609364993980376	0.04704915222295231	RIPK3;ROCK2
Top 500 down genes for SARS-CoV-2 infection in Rhesus macaques at Group 3 dose in PBMCs at 2 DPI from GSE156701	2/465	0.9101519892735817	0.9870662610586052	0	0	0.4949966132886884	0.0466007989203533	WNK2;MST1
500 genes up-regulated by SARS-CoV-2 in A549-ACE2 cells from GSE154613 RS504393	2/467	0.9114053762303136	0.9870662610586052	0	0	0.49281669529808486	0.045717373421499376	CDK4;PLK1
Top 500 down genes for SARS-CoV-2 infection in Rhesus macaques at Group 3 dose in PBMCs at 10 DPI from GSE156701	2/467	0.9114053762303136	0.9870662610586052	0	0	0.49281669529808486	0.045717373421499376	NEK9;SMG1
Top 500 up genes for SARS-CoV-2 infection in Rhesus macaques at Group 2 dose in PBMCs at 1 DPI from GSE156701	2/467	0.9114053762303136	0.9870662610586052	0	0	0.49281669529808486	0.045717373421499376	LATS2;RIPK3
Top 500 down genes for SARS-CoV-2 infection in Rhesus macaques at Group 1 dose in PBMCs at 10 DPI from GSE156701	2/469	0.9126424606418804	0.9870662610586052	0	0	0.4906554489819191	0.044851346687532094	RIPK2;PIM3
500 genes down-regulated by SARS-CoV-2 in human NHBE cells from GSE147507	2/470	0.9132549480149049	0.9870662610586052	0	0	0.4895817528953624	0.04442474386937431	WEE1;CDK1
500 genes up-regulated by SARS-CoV-2 (2 MOI) in human A549 cells from GSE147507	2/470	0.9132549480149049	0.9870662610586052	0	0	0.4895817528953624	0.04442474386937431	AKT3;VRK2
Top 500 down genes for SARS-CoV-2 infection in Rhesus macaques at Group 2 dose in PBMCs at 10 DPI from GSE156701	2/470	0.9132549480149049	0.9870662610586052	0	0	0.4895817528953624	0.04442474386937431	SMG1;MARK2
Top 500 down genes for SARS-CoV-2 infection in Rhesus macaques at Group 1 dose in Bronchoalveolar Lavage at 14 DPI from GSE156701	2/472	0.9144679296113862	0.9870662610586052	0	0	0.4874480674808007	0.04358413582440645	FGR;PIM2
Top 500 downregulated genes for SARS-CoV-2 infection in human limbus from GSE164073	2/472	0.9144679296113862	0.9870662610586052	0	0	0.4874480674808007	0.04358413582440645	NUAK1;SGK1
Top 500 upregulated genes for SARS-CoV-2 infection in human sclera from GSE164073	2/475	0.9162577655199434	0.9870662610586052	0	0	0.48428137158011936	0.042354062505592406	CLK1;PIM1
500 genes up-regulated by SARS-CoV-2 (0.2 MOI) in human A549 cells from GSE147507	2/480	0.919163315180302	0.9870662610586052	0	0	0.47909187690327054	0.04038335509674723	PGK1;MASTL
500 up regulated genes in A549 cells infected with COVID-19 extracted from GSE147507	2/480	0.919163315180302	0.9870662610586052	0	0	0.47909187690327054	0.04038335509674723	PGK1;MASTL
Top 500 down genes for COVID-19 severe disease in human NK cells from GSE165461	2/485	0.9219744071760281	0.9870662610586052	0	0	0.47400982518039375	0.03850752189574749	ROCK2;CAMK2G
500 genes up-regulated by SARS-CoV-2 in human Calu3 cells at 4h from GSE148729 untreated s1 polyA	2/489	0.9241571197855664	0.9870662610586052	0	0	0.47001931885836484	0.037071917746705305	CDK9;EGFR
500 genes down-regulated by SARS-CoV-2 (0.2 MOI) in human A549 cells transduced with ACE2 vector from GSE147507	2/494	0.9268050701642319	0.9870662610586052	0	0	0.46512243228941164	0.035354893684102474	PGK1;ILK
500 genes up-regulated by SARS-CoV-2 in human A549 cells from GSE147507 Series2	2/495	0.9273241464170019	0.9870662610586052	0	0	0.4641549743749775	0.03502146848298068	PGK1;MASTL
500 genes down-regulated by SARS-CoV-2 in human Calu3 cells at 4h from GSE148729 mock s1 polyA	2/497	0.9283519520989914	0.9870662610586052	0	0	0.4622317853087084	0.03436432595875934	PGK1;CDK1
SARS Perturbation; 348 Up Genes from GEN3VA Mouse Lung; Accession: GSE19137 Platform: GPL1261 Entry 6	1/330	0.942574695005143	0.9870662610586052	0	0	0.3486500983372072	0.02061920544797533	PIM3
SARS Perturbation 357 Up Genes from GEN3VA Mouse Lung; Accession: GSE68820 Platform: GPL7202 Entry 4	1/347	0.9504988616528178	0.9870662610586052	0	0	0.33123087385243116	0.016816033236872918	PIM1
SARS Perturbation; Up Genes from GEN3VA Mouse Lung; Accession: GSE19137 Platform: GPL1261 Entry 3	1/350	0.951779782797779	0.9870662610586052	0	0	0.3283330524186752	0.016226742005741635	PIM3
500 genes down-regulated by SARS-CoV-2 in mouse lung tissue from GSE150847	1/358	0.9550367218092524	0.9870662610586052	0	0	0.3208436315702752	0.014760567548314056	NEK7
Top 389 positive hits from genome-wide CRISPR screen for SARS-CoV-2 for 33 deg C from Schneider et al.	1/377	0.961921743699513	0.9870662610586052	0	0	0.30433354192740925	0.011814891280284305	ILK
500 genes up-regulated by MHV-A59 in murine spleen cells from GSE146074 5d	1/381	0.9632318122548332	0.9870662610586052	0	0	0.30106811145510837	0.011278365902528172	PGK1
Top 500 upregulated genes in mouse fat with SARS-CoV-2 infection from GEO GSE162113	1/383	0.9638699422550842	0.9870662610586052	0	0	0.299461040960887	0.011019839339788078	PDK1
Top 500 up genes for SARS-CoV-2 infection Day 2 in ferret nasal turbinates from GSE160824	1/384	0.9641848657444873	0.9870662610586052	0	0	0.2986637997235448	0.010892935785518493	TTBK1
498 genes down-regulated by SARS-CoV-1 in Calu-3 cells from GSE148729	1/409	0.9712291769268793	0.9870662610586052	0	0	0.2800028835063437	0.00817407293421018	CDK5
500 genes down-regulated by MHV-A59 in murine liver cells from GSE146074 5d	1/409	0.9712291769268793	0.9870662610586052	0	0	0.2800028835063437	0.00817407293421018	PRKD3
Top 437 positive hits from genome-wide CRISPR screen for SARS-CoV-2 for 37 deg C from Schneider et al.	1/416	0.9729418090465212	0.9870662610586052	0	0	0.27518072289156625	0.007548483590755003	ILK
500 genes down-regulated by SARS-CoV-2 in human A549 cells from GSE154613	1/417	0.9731780504330121	0.9870662610586052	0	0	0.2745050904977376	0.0074633054343792495	PLK1
500 genes up-regulated by MHV-A59 in murine liver cells from GSE146074 3d	1/418	0.9734122409378511	0.9870662610586052	0	0	0.27383269854704473	0.00737913572983183	MAPKAPK2
Top 500 down genes for SARS-CoV-2 infection in Rhesus macaques at Group 1 dose in Bronchoalveolar Lavage at 4 DPI from GSE156701	1/418	0.9734122409378511	0.9870662610586052	0	0	0.27383269854704473	0.00737913572983183	PIM2
Top 500 down genes for SARS-CoV-2 infection in Rhesus macaques at Group 3 dose in Bronchoalveolar Lavage at 4 DPI from GSE156701	1/420	0.973874540186507	0.9870662610586052	0	0	0.2724975431700126	0.0072137709115393505	PIM2
Top 500 downregulated genes for SARS-CoV-2 infection in Rhesus macaques at Group 3 dose in Bronchoalveolar Lavage at 1 DPI from GSE156701	1/428	0.9756451701901923	0.9870662610586052	0	0	0.26728199476511916	0.006590188737150233	PIM2
Top 500 down genes for SARS-CoV-2 infection in Mesocricetus auratus hamster lung Day 3 from GSE162208	1/434	0.9768943652324934	0.9870662610586052	0	0	0.26349680749898113	0.006159700140485591	DAPK3
Top 500 down genes in human lung AT2 cells organoids from GSE160435	1/437	0.9774948600834088	0.9870662610586052	0	0	0.26164328116567726	0.005955588563508211	ATM
500 genes up-regulated by SARS-CoV-2 in human pancreatic organoids from GSE151803	1/438	0.977691556426798	0.9870662610586052	0	0	0.26103109435994076	0.005889133135301046	PIM3
Top 500 downregulated genes in human nasal epithelial cells with SARS-CoV-2 infection (Mutant, 72 hpi) from GEO GSE162131	1/441	0.9782714481042115	0.9870662610586052	0	0	0.25921122994652407	0.005694376447480658	PKN1
447 genes down-regulated by SARS-CoV-2 infection in Vero E6 cells from GSE153940	1/444	0.9788363500320059	0.9870662610586052	0	0	0.25741601380958706	0.005506337237866331	NEK9
500 genes down-regulated by SARS-CoV-2 in mouse Heart cells at 7 dpi from GSE162113	1/444	0.9788363500320059	0.9870662610586052	0	0	0.25741601380958706	0.005506337237866331	PGK1
SARS-CoV perturbation; 477 Down Genes from GEN3VA; Human Vero E6 cells; Accession: GSE30589 Platform: GPL570 Entry 4	1/444	0.9788363500320059	0.9870662610586052	0	0	0.25741601380958706	0.005506337237866331	CDK4
Top 500 downregulated genes in mouse heart with SARS-CoV-2 infection (Day 7) from GEO GSE162113	1/444	0.9788363500320059	0.9870662610586052	0	0	0.25741601380958706	0.005506337237866331	PGK1
500 genes down-regulated by SARS-CoV-2 in A549-ACE2 cells from GSE154613 terfenadine	1/448	0.9795668995658567	0.9870662610586052	0	0	0.2550598762995131	0.005265645906975714	FER
Top 500 down genes for SARS-CoV-2 infection in Rhesus macaques at Group 3 dose in PBMCs at 7 DPI from GSE156701	1/451	0.9800983065618	0.9870662610586052	0	0	0.2533202614379085	0.00509234510455768	DYRK3
500 genes up-regulated by SARS-CoV-2 in A549-ACE2 cells from GSE154613 amlodipine	1/454	0.9806159700191626	0.9870662610586052	0	0	0.251603687832749	0.004924982151944028	NEK7
Top 500 down genes for SARS-CoV-2 infection in Rhesus macaques at Group 3 dose in PBMCs at 1 DPI from GSE156701	1/456	0.9809536186299037	0.9870662610586052	0	0	0.25047188106011636	0.004816599374724176	DYRK3
500 genes up-regulated by SARS-CoV-1 in human intestinal organoids from GSE149312 60h	1/457	0.9811202434579194	0.9870662610586052	0	0	0.2499097007223942	0.004763342521758186	SGK1
500 genes up-regulated by SARS-CoV-1 in human intestinal organoids from GSE149312 24h	1/459	0.981449157253713	0.9870662610586052	0	0	0.2487927048548677	0.004658660235043451	SGK1
SARS-CoV perturbation; 493 Down Genes from GEN3VA; Human Vero E6 cells; Accession: GSE30589 Platform: GPL570 Entry 3	1/463	0.9820899888646419	0.9870662610586052	0	0	0.2465877259994907	0.004456416353924999	CDC7
Top 500 up genes for SARS-CoV-2 infection in Rhesus macaques at Group 3 dose in PBMCs at 14 DPI from GSE156701	1/466	0.9825561232263548	0.9870662610586052	0	0	0.24495888678051866	0.004310740925611823	EEF2K
Top 500 up genes for SARS-CoV-2 infection in Rhesus macaques at Group 3 dose in Bronchoalveolar Lavage at 2 DPI from GSE156701	1/469	0.9830101931905416	0.9870662610586052	0	0	0.243350930115636	0.004170010292935207	BUB1
Top 500 upregulated genes for SARS-CoV-2 infection in human cornea from GSE164073	1/470	0.9831589226748596	0.9870662610586052	0	0	0.2428195158660479	0.0041241682661097715	PIM1
500 genes down-regulated by MERS-CoV in Calu-3 cells from GSE139516 6h	1/472	0.9834525088993153	0.9870662610586052	0	0	0.24176345697514676	0.004034048160535304	PAK4
Top 500 up genes for SARS-CoV-2 infection in Rhesus macaques at Group 3 dose in PBMCs at 4 DPI from GSE156701	1/477	0.9841643998779475	0.9870662610586052	0	0	0.23916213544241227	0.0038175832166376703	CDK8
500 genes up-regulated by SARS-CoV-2 in human NHBE cells from GSE147507	1/486	0.9853699172567572	0.9870662610586052	0	0	0.23461491813220134	0.0034577916849667678	RIPK3
500 genes down-regulated by SARS-CoV-2 (2 MOI) in human A549 cells from GSE147507	1/489	0.9857511186500097	0.9870662610586052	0	0	0.23313645130183222	0.0033458278004040755	PLK1
500 genes down-regulated by SARS-CoV-2 in human Calu3 cells at 4h from GSE148729 untreated totalRNA	1/489	0.9857511186500097	0.9870662610586052	0	0	0.23313645130183222	0.0033458278004040755	CDKL5
Top 500 down genes for COVID-19 mild disease in human NK cells from GSE165461	1/491	0.9859997493388999	0.9870662610586052	0	0	0.2321608643457383	0.003273277490275146	FGR
500 genes down-regulated by SARS-CoV-2 (2 MOI) in human A549 cells transduced with ACE2 vector from GSE147507	1/492	0.9861224421519066	0.9870662610586052	0	0	0.2316760512759075	0.003237615223730187	PGK1
500 genes down-regulated by SARS-CoV-2 in human A549 cells from GSE147507 Series5	1/494	0.9863646293450572	0.9870662610586052	0	0	0.23071232549815057	0.0031674924530509688	PLK1
Top 500 down genes for SARS-CoV-2 middle-stage infection in human female blood from GSE161731	1/496	0.9866026134299227	0.9870662610586052	0	0	0.22975638740344623	0.0030989406575184166	DYRK2
Top 500 down genes for SARS-CoV-2 early infection in human female blood from GSE161731	1/498	0.9868364669220063	0.9870662610586052	0	0	0.22880814297550006	0.003031923039376226	DYRK3
COVID-19 patients BALF up	1/500	0.9870662610586052	0.9870662610586052	0	0	0.22786749970529294	0.002966403721776137	EGFR
