Sequence,log2FC
AQFPRFS*PVLGRA,-0.25
DEIEGLS*SDEEH,0.07
EIEGLSS*DEEH,0.07
SLTPPSS*PKTQRA,-0.68
GHRRILS*DVTHSA,-0.46
TTTPSGS*PRTSQQ,-0.05
QPKVQTT*PPPAVQ,-0.5
QKVGSLT*PPSSPK,-0.68
KRSTRRS*VRGSQA,0.25
AQDRKLS*TKEALD,1.24
QFMRQLS*ALSSDG,-0.26
RQLSALS*SDGEGQ,-0.73
QLSALSS*DGEGQG,-0.73
QPPVPGT*PTLRNR,0.93
HSSIQNS*PKLTPK,0.12
QNSPKLT*PKMKKD,0.12
ERLKKLS*VPTSDE,0.98
KLSVPTS*DEEDEV,1.77
GDGESTS*PSDKVV,-0.14
KKAEQGS*EEEGEG,4.12
PTQKPPS*PPMSGR,-0.94
PPSPPMS*GRGTLG,-1.15
RLGSQHS*PGRTAS,-2.19
QISRHNS*TTSSTS,-0.71
MAPSQQS*PVRTAS,-1.28
GGSGFRS*PHLWKK,-0.91
RFLRSCS*ASCVPH,0.71
AQASSGS*PALPRK,-0.42
RKQRDKS*PSSLLE,-0.89
ESPRTLS*PTPSAE,-0.81
PSSKTAS*LPGYGR,0.42
RMDRGVS*MPNMLE,-0.28
FTSRDMS*LKRTPS,0.24
SLKRTPS*KKQTGV,0.31
GGGDGVS*PTPPEG,-1.61
PLCPGAS*PARQAR,-0.33
HIRSSMS*GLHLVK,-0.25
KYSISLS*PPEQQK,0.37
SEEKRLS*ISKFGP,-0.32
LRSGARS*RSPLLR,1.39
SGARSRS*PLLRRL,1.39
RTAQVPS*PPRGKI,1.15
SRSRSRS*TPVRDR,-1.23
SEEKGDS*DDEKPR,2.02
ARAAKLS*EGSQPA,-1.11
AKLSEGS*QPAEEE,-1.11
LKEKSKS*PSPPRL,2.26
EKSKSPS*PPRLTE,2.26
KEGRRAS*HTLLPS,1.42
SSNSRKS*LSPGVS,-1.61
NSRKSLS*PGVSRD,0.55
VQARRLS*QPESAE,0.0
GVPAGNS*DTEGGQ,0.15
RSRSRST*PVRDRG,-1.23
APSRTAS*FSESRA,1.71
PQDSVPS*PRSLQG,0.87
ERVRSGS*GSRGQE,0.24
ELGMGDS*TSQSPP,1.14
GDSTSQS*PPIKRS,0.81
AGGRARS*WSPPPE,0.5
GRARSWS*PPPEVS,0.5
ITALAPS*TMKIKI,0.41
PRAVFPS*IVGRPR,0.95
GMGQKDS*YVGDEA,0.47
TALAPST*MKIKII,0.1
EAVREGS*PANWKR,0.4
QTKLRLS*NRPAFM,0.66
MRVHKIS*NVNKAL,0.39
TRRIPVS*PEQARS,-0.49
QRTRANS*MEGLMP,-0.31
KSRSPGS*PVGEGT,1.08
IRERNMS*PDLRQD,-1.61
KKFRTPS*FLKKNK,-2.12
GGLPTES*PHSSVK,0.1
SQSAAVT*PSSTTS,-0.18
WVGVGKS*RESMIQ,-0.37
WIGVGKS*RESMIQ,-0.37
SGGRRGS*LEMSSD,-1.05
SPLPPGS*PGSAAR,-1.16
GTSSPQS*PVFRHR,-0.03
KVKRHAS*SANQYK,0.23
RADHRSS*PNVANQ,-1.36
VANQPPS*PGGKSA,-1.36
IQRVTRS*QEELRE,0.62
SFTRTIS*NPEVVM,-1.53
SRKRTIS*QSSSLK,0.04
KGTPSQS*PVVGRS,-1.42
SSQLKGS*PQAISR,-0.28
LVAGLLS*PRFVDV,-0.7
PQRLKET*RISFVE,1.09
PEMHFKA*PKISMP,-1.89
PEMHLKA*PKISMP,-0.01
VEFDIKS*PKFKAE,-1.19
KGGVTGS*PEASIS,-1.02
LKSSKAS*LGSLEG,-0.31
SKASLGS*LEGEAE,-1.11
AEAEASS*PKGKFS,-1.84
SPKGKFS*LFKSKK,0.6
PRHRSNS*FSDERE,0.24
HYEVTGS*DDETGK,0.67
GKLKFGT*FGGLGS,-0.49
CDSSPDS*AEDVRK,-1.57
GTPRSLS*AIDRAG,0.41
AQPGRHS*VTGYGD,-1.11
PCRRSES*SGILPN,-1.2
SRNSPAS*PLKELS,-1.61
TLKKQPS*HMEAAH,1.2
QEPKVKN*PCLNVQ,-0.55
QSQRSVS*PTFLNP,-1.17
TYAEKLS*PLTGQA,0.42
VSSLEGS*PPPCLG,0.92
RMKVQGS*PLKKLF,-1.29
GGGDEES*GEHTQV,1.94
AEEGATS*DGEKKR,2.08
GVTPWAS*FKKMVT,-0.95
SFKKMVT*PKKRVR,-0.95
SSMRSLS*PFRRHS,-0.43
SPFRRHS*WGPGKN,0.14
IHRRSFS*LEGLTG,0.35
QAHDTSS*LPTVIM,-1.85
PKERPRS*AVLLVD,-0.76
WKFLSHS*TDSLNK,0.69
PLPEDCS*PTHSPR,0.9
ALTRSLS*RPSSLI,0.47
DSELSVS*PKRNSI,-1.57
LPRRAET*FGGFDS,1.65
GLGTWKS*PPGQVT,1.18
GLGTWKS*PLGKVK,0.36
MSRQLS*RARPAT,3.49
MDFRSGS*PSDNSG,1.12
GSPSDNS*GAEEME,1.24
PRPRLNT*SDFQKL,-1.62
TGDVKTS*PPRTAP,0.36
KKVPQVS*TPTLVE,-2.43
PTLVEVS*RNLGKV,-2.08
QIMKFKS*LDDVIK,1.24
ADESTGS*IAKRLQ,0.51
IAKRLQS*IGTENT,0.36
THRRRGS*FSSENY,-0.29
LLRRSTS*LPSRLV,0.5
NSKQQLS*AEELDA,0.33
GRGRAGS*QGGRGG,-1.64
GAAHTSS*PQPSTS,-0.91
LAERGLS*PRTASW,-1.74
RHGHVRS*LSERLL,-0.71
GHVRSLS*ERLLQL,-0.71
HMSSSHS*FPQLAR,-0.72
EREFQRV*TISGEE,0.85
NFDFEGS*LSPVIA,-0.37
DFEGSLS*PVIAPK,0.35
QARITHS*PTVSQV,0.04
RPKKSDS*NASFLR,-0.84
GVAPADS*PEAPRR,0.78
VSRYGGS*PRDPVL,-3.68
AFAGPLS*PAKAED,-1.36
NAARNNS*PPTVGA,-1.89
EQIQQHS*LPRSRS,-0.63
ASGGAQS*PLRYLH,0.46
LPKTPIS*PLKTGV,-1.36
EKRKRET*DDEGED,1.56
LRNRTPS*DVKELF,4.17
LELRNRT*PSDVKE,1.32
GPGSAVS*PYPTFN,-0.57
GSAVSPY*PTFNPS,0.78
EILCKLS*LEGDHS,1.55
LEGDHST*PPSAYG,-1.09
STPPSAY*GSVKAY,1.3
GTVKAAS*GFNAME,0.57
RPKHRPS*EADEEE,0.87
NTETSKS*PEKDVP,-0.62
LKMVKGS*IDRMFD,0.42
DDDDSCS*INSDPE,-0.68
DSCSINS*DPEAKC,-0.68
FIKEAPS*PTLRRK,-0.51
DIARSHS*ESPSRL,-0.21
ARSHSES*PSRLPI,-0.21
DNIDNLS*PKASHR,0.31
PPSRSKT*PPPPPQ,1.63
VLVRQST*FIKEAP,-0.51
EDTTSGS*PPKKSS,0.07
LEAVTPS*PSFQQR,-0.2
SAVPNHS*PEKKDS,-0.07
QTIEQES*PIMAKP,-0.92
IQSKPQS*PVIQAA,1.12
IQAAAVS*PKFVRL,1.12
DRERASS*PPDRID,-1.57
DDSKSSS*PELVTH,1.98
IRQRSVS*QERLED,0.61
LIRRQLS*HDHESV,0.15
GKRVGGS*IRPWKQ,0.37
RLRRPLS*PETRRR,0.97
GWHRARS*DDYLSR,-0.09
LSRATRS*AEALGP,1.21
GPGALVS*PRFERC,-0.29
IGYRSYS*PSFQRR,0.12
KAGRRSS*YLLAIT,1.07
TTERSKS*CDDGLN,1.74
LPNRIPS*LRMLRS,1.24
TKIRPVS*LPVDRL,-0.31
DRLLLAS*PPNERN,-2.74
LDSESIS*PGDFHR,0.0
KSLFFSS*KEDIHT,-0.43
IFERATS*FEESER,1.01
LTGRRNS*APVSVS,-0.43
KVVYAFS*PKIGRK,-0.13
PVVRAFS*EDEALA,0.64
YYRRTHS*DASDDE,-1.16
RTHSDAS*DDEAFT,-1.16
DDPRRPS*RSPPSL,0.99
PRRPSRS*PPSLAL,0.99
PRYRTAS*QGPQTD,-0.51
DKHSDKS*,-0.31
TLRRAKS*FTCSEK,0.28
TSRNRRS*LSPILP,-0.81
RNRRSLS*PILPGR,-0.81
SLAKSVS*TTNIAG,-0.88
GHFNDES*PLGLRR,-0.88
RRILSQS*TDSLNM,0.37
GLFRSES*LESPRG,1.56
RSESLES*PRGERL,2.87
KLCRANS*RDGEAG,1.85
ERQELGS*PEERLQ,0.26
LKKRSSS*LDALDA,1.09
DALDADS*EGEGHS,1.09
VHPLSRS*VPGTTL,-0.15
HVGEEAS*PRGYRR,0.41
SASPRMS*GFIYQG,0.61
SHHAPMS*PGSSGG,-1.43
KKARAVS*PLDPSK,-0.36
PPDGNGS*PVLPDK,0.81
KERFARS*DDEQSS,0.55
HAALRNS*PVNTKN,0.15
GQKYFDS*GDYNMA,-0.21
SQTGDVS*PKAQQP,0.27
SHPLDLS*PNVQSR,0.85
GHKRTLS*DPPSPL,0.77
TLSDPPS*PLPHGP,0.14
FYSGPAS*PARPRY,-2.88
RRKRSKS*EDMDNV,-0.1
LPSRSVS*VDESRP,1.58
SALRSFS*PLQPGQ,-1.31
NRRDRNS*WGGFSE,0.02
MLS*PQRVAA,-3.73
RSRGRAS*PGGVST,0.46
RRRPRDS*PTLSNS,-1.09
FDELNPS*AQRDAC,0.18
PSVSHVS*PRKNPS,-1.17
SGAPGDS*PTHSSC,0.67
ETNPVTS*NSDEEC,1.46
NPVTSNS*DEECNE,1.46
NTKDFDS*SEDEKH,0.92
TKDFDSS*EDEKHS,0.92
TETNPVT*SNSDEE,1.46
TRKRRWS*APESRK,0.53
LENDDRS*EEEKYT,0.17
EGPPRMS*PKAQRH,-1.23
ASNRAVT*PSSEAK,1.16
AREIESS*PQYRLR,-3.46
QGSGRES*PSLASR,-0.42
RMYPPRS*PKSAAP,-0.08
PRPRTRS*NPEGAE,-0.07
FRGRSRS*APPNLW,-0.62
RFCRSSS*MADRSS,0.65
QDMRQIS*DGEREE,1.18
APQRSQS*PLRGMP,-1.4
RPLRAAS*PFRSSV,-0.85
YRSSGNS*PTPVSR,-1.82
AQPKSLS*PPQSQS,-3.72
TLPRSSS*MAAGLE,0.14
SDSYSNT*LPVRKS,-0.03
ATTENKT*LPRSSS,0.67
IPLPAES*PKKGPK,-0.59
KRRGRKS*ANNTPE,-0.63
RCRKRQS*PEPSPV,-2.86
RQSPEPS*PVTLGR,-2.86
RKSANNT*PENSPN,-0.63
NVDQVST*PPAAKK,-1.41
RSSRRQS*LELQKC,2.4
AEDEGDS*EPEAVG,2.3
KKSLSGS*PLKVKN,-2.24
NSKNSKS*PEEHLE,0.59
RIMEETS*GMEEEE,0.44
LLRGRES*PAAGPR,0.67
YSEEGLS*PSKRRR,-0.35
SRIMEET*SGMEEE,-0.08
TNKPVKS*PTPTVN,-0.33
YRIGHHS*TSDDSS,0.75
DSSAYRS*VDEVNY,0.24
LALRARS*TSATDT,0.78
NLSRSNS*DESNFS,2.41
GILAVSP*VDLNLP,0.62
EGKSRLS*PAGEMK,1.54
KRDRSVS*VDSGEQ,0.62
RREAPGS*PPLSPR,0.74
GEPQEES*PLKSKS,1.65
PSQHSHS*IQHSPE,-0.02
SHSIQHS*PERSGS,1.53
YSPSQNS*PIHHIP,-0.52
PIHHIPS*RRSPAK,-0.52
HIPSRRS*PAKTIA,1.92
KQKFNDS*EGDDTE,2.45
VKKETQS*PEQVKS,1.79
KDLFDYS*PPLHKN,3.0
STFREES*PLRIKM,0.51
HSTRQKS*PEIHRR,0.83
HRRIDIS*PSTLRK,0.88
KKLRCDS*ADLRHD,1.02
PRWKHRS*LSPVPR,0.05
WKHRSLS*PVPRNA,0.05
GLGFSKS*MPAETI,0.48
SLSRSNS*REHLGG,0.26
EARGRRS*PILLPK,-0.57
GATLPKS*PSQLRK,-0.69
MGAGNLP*PITQEE,2.94
EAAETDS*EPEPEP,0.22
AGEAAET*DSEPEP,0.22
KRNRYLS*FHFKSG,0.06
LPKRPTS*LPLNTK,0.86
IKKRVKT*PYSLKR,1.22
GSKAGLS*PANCQS,0.03
DKDVTLS*PVKAGP,1.1
RKQHYLS*SEDEPD,1.05
KQHYLSS*EDEPDD,1.05
SDDAESS*EPERKR,0.56
RSKTQLS*PSIKRK,-0.81
KRKREVS*PPGART,0.04
EHKRRTS*TPVIME,2.28
KPKRSLT*VSDDAE,1.56
EQVQAST*PCPRTE,1.49
SKNLSES*PVITKA,0.09
ARSNPKS*PQKPIV,2.48
VKALQKS*PGPQRE,-1.22
TLGRRDS*SDDWEI,1.24
VHGEPTS*DLSDID,-0.01
EPTSDLS*DID,-0.01
AILAPGS*PASPPG,-1.29
APGSPAS*PPGSLE,-1.29
KEEKIHS*PIIRSE,-0.94
VISRSTS*PTFNKQ,-0.53
RRLPALS*HSEGEE,1.34
LPALSHS*EGEEDE,1.34
IPELVGS*PTQSTS,-1.6
NKIKLMS*DVEDVS,0.22
QALNGDS*DSEDML,0.32
LNGDSDS*EDMLNS,0.32
RGFRRLS*LDIQSP,0.57
GGEATLS*QPPPRG,-0.33
HDTPDPS*PLRGAR,1.09
RRVRHDS*PDPSPP,0.23
HDSPDPS*PPRRAR,0.23
RRARHGS*SDISSP,0.58
RRARHDS*PDLAPN,-1.6
RRARHDT*PDPSPL,1.09
RMPQDGS*DDEDEE,2.82
KNAEEES*ESEAEE,1.14
AEEESES*EAEEGD,1.14
KIEVLDS*PASKKK,-1.21
KSRRSRS*ESETST,-0.56
PSPLPGS*LIRGQR,-1.27
GALETRS*LKDHKV,-1.38
FAMLAES*PHTRRK,-0.31
TGMGSGS*AGKEGG,1.1
RRRRGDS*ESEEDE,1.03
RRGDSES*EEDEQD,1.03
KPEPERS*PPNRKR,2.35
PRIHRAS*DPGLPA,-1.02
MMHRQET*VECLRK,-0.24
QRHRSNS*LTRVDG,-0.41
PEFPRAS*PRALGL,-1.27
PRLRRFS*PSQVPI,0.18
GITRSIS*NEGLTL,0.07
DGQRSKS*LADIKE,1.14
PHLRKFS*PSQVPV,0.44
RGNVVPS*PLPTRR,0.95
RVQPQWS*PPAGTQ,0.04
RLHLYNS*LTRNKE,0.61
AMADELS*EKQVYD,1.09
RLRRHAS*LDGASP,-0.1
APARPRS*PRAWPR,0.28
CTDRQNS*PVTSPG,-0.37
QNSPVTS*PGSSPL,-0.37
VTSPGSS*PLAQRR,-0.37
TKRKSLS*DSESDD,0.55
VDDKPSS*PGDSSK,0.66
TRVRHGS*GPPSSG,-1.83
PPRKSAS*LSNLHS,-0.17
KEEPAPS*N,1.28
EQKTCDS*D,2.23
LPSGQRS*RSPLLK,1.19
SGQRSRS*PLLKFV,1.19
KLDQPVS*APPSPR,0.33
PVSAPPS*PRDISM,0.94
ALCRQLS*ESESSL,1.27
SPRRSNS*PDKFKR,0.03
SGGIVIS*PFRLEE,0.39
GRPARPS*PSPTGG,-0.39
PARPSPS*PTGGRA,-0.39
QRNRLGS*GGSGDG,-0.11
RLGSGGS*GDGPSV,-1.58
VCVPQAS*PRRWRP,-1.95
PKINWAS*FRRRRK,-0.17
GGLRPES*PESLTS,-2.12
TPRAPGS*PRGQHE,-1.74
VQIKSSS*QENLLD,0.01
GTTRRTS*IHDFLT,0.5
RGRGRGS*PHLSGA,-1.12
ETPQPTS*PETSPK,0.89
HEEEEWT*DDDLVE,1.56
PSPQPSS*PRQVKR,1.03
VKAEEKS*PISINV,0.9
RDRRERS*RSFERS,0.33
RRERSRS*FERSHK,0.33
ARKRSAS*ADNLTL,0.42
VREKRKS*LFINHH,0.18
VREKRKS*NHLNHV,-0.56
AMRRSFS*ADNFIG,0.53
TIFLSKS*QTDVRE,0.76
KIKIFGS*RVRVDS,-0.09
KITGCAS*PGKTVT,-0.12
ELAGRDS*PIRAEM,1.2
QFTRTFS*PSKPAK,-1.07
ELAGRDS*PIRAEM,1.2
QFTRTFS*PSKPAK,-1.07
DIFKEGS*VKLRTR,-2.18
LPLRPKS*VDFDSL,0.8
GPGQPSS*PQRLDR,1.94
LEDTVLS*PTKKRK,-1.19
TRALRAS*ESGI,-0.66
SSKVQTT*PSKPGG,-3.15
TPTRRVS*PLNLSS,-1.07
LNLSSVT*P,-2.29
VEVVGGS*DGEGAI,2.11
GDEKDVS*V,-0.42
NRDRPWS*NSRGL,-1.35
RRRIDRS*MIGEPT,-0.39
RRPRRRT*FPGVAS,-2.6
SRSRRSS*IGLRVA,-0.13
MYGGVDS*DKDS,1.45
STSRRQS*VSPPYK,-0.08
SRRQSVS*PPYKEP,-0.08
YSRRQRS*VSPYSR,-0.36
RRQRSVS*PYSRRR,-0.36
LSKRSLS*RSPLPS,-0.66
KRSLSRS*PLPSRK,-0.66
MKSRSRS*PAYSRH,-0.1
SRSRHSS*ISPVRL,0.88
SRHSSIS*PVRLPL,1.21
GKESKGS*PVFLPR,0.08
AYRRRRS*LSPLGG,0.14
RRRRSLS*PLGGRD,-0.59
LGGRDDS*PVSHRA,-0.59
SLRSRKS*PSPAGG,-0.79
RSRKSPS*PAGGGS,-2.09
SPAGGGS*SPYSRR,-2.09
PAGGGSS*PYSRRL,-0.39
SRRLPRS*PSPYSR,1.21
RLPRSPS*PYSRRR,0.7
SWRRSRS*PYSPVL,-0.73
RSRSPYS*PVLRRS,-0.73
RSRSRHS*SISPST,0.57
SRSRHSS*ISPSTL,0.62
SRHSSIS*PSTLTL,0.62
MRILELT*PEPDRP,0.43
SSTGKES*PKVRRH,-0.41
KLRRTLS*ESFSRI,-1.38
SSDEVQS*PTGVCL,-0.22
RIHRRIS*MEDLNK,-0.49
DLNKRLS*LPADIR,-0.19
RRSRRAS*LSEIGF,-0.16
GKNRRQS*MLF,-0.79
QNQRRFS*MEDVSK,0.85
DVSKRLS*LPMDIR,0.63
DKLGEGT*YATVFK,-1.53
GEGTYAT*VFKGRS,-1.48
KLGEGTY*ATVFKG,-1.53
EKIGEGT*YGVVYK,-1.24
KIGEGTY*GVVYKA,-1.21
NKFRDLS*PPRYDS,-0.03
AHPGTCS*PSRPGS,-1.01
LAKSFGS*PNRAYT,0.66
SPNRAYT*HQVVTR,0.29
IPQSSRS*PSYRTK,-0.29
KILVPKS*PVKSRT,-0.65
RWKGYDS*EDDTWE,2.58
EAPRRRS*PSPTPT,-0.02
PRRRSPS*PTPTPG,-0.02
VKVAQRS*PVDSGT,-2.82
SLRKSSS*FHDDHF,0.21
IKRRDRS*PSRLDT,0.07
SLPRNVS*PEFVPC,-0.17
VPSDKFS*PRIRAN,-3.26
PRIRANS*ISRLSD,-0.49
DSKSIKS*DVPVYL,0.93
HDDGTQS*DSENAG,0.59
TVRSTGS*ATSLAS,-1.8
SLVRQGS*FTIEKP,-0.64
DRCSTGS*PSKDVT,-0.68
QDSRRRS*PQEGPT,-1.11
SKLDWES*FKEEEG,1.77
PFRRQDS*AGPVLD,0.95
GDSQECS*PRSCPE,-0.8
QECSPRS*CPELTS,0.93
LSNHTGS*PRSPST,-0.34
HTGSPRS*PSTTYL,-0.34
KATLTAS*PLGAS,0.21
QTHRGSS*PGPRPV,-0.72
RTQDPSS*PGTTPP,-2.95
PSSPGTT*PPQARQ,-2.95
PRKPSPS*ESPEPW,1.35
KPSPSES*PEPWKP,1.35
KTAPTLS*PEHWKA,-0.85
PDQRKTS*PASLDF,1.0
KSSRGGS*PDLWKS,0.48
KTAPPAS*PEARKR,0.16
SKSQRYS*GAYGAS,-0.39
SSSGPRS*PLDQRS,-1.02
QRSPYGS*RSPFEH,-0.57
KKRQIDS*SEEDDD,1.12
KRQIDSS*EEDDDE,1.12
TEADAPS*PAPSLG,1.56
APSPAPS*LGERLE,1.19
GDGPPSS*PTNDPT,0.94
KMSQPGS*PSPKTP,0.58
PGRRRRS*RSRSPT,-0.19
RRRRSRS*RSPTPP,-0.19
RRSRSRS*PTPPSS,-0.19
SRSRSPT*PPSSAG,-0.19
SCCRRKT*SDFNTF,-0.06
SCCKRRT*TDFSDF,-0.62
LKNKQPT*PVNIRA,0.1
SITKKSS*PSVKPA,-0.83
PSGIRKK*FNGKQW,0.02
STRRERS*PGRLFE,-1.82
VVSGLDS*PAKTSS,-0.71
SNTSVGS*PSNTIG,-0.83
EKFSFRS*QEDLNE,0.05
SLQRSRS*DIDVNA,-0.95
RSKIPRS*QGCSRE,0.26
SLQRSRS*DIDVNA,-1.23
PRSQGCS*REASPS,-1.77
GCSREAS*PSRLSV,-1.77
LRGRKIS*PPSYAR,0.33
FQTGNKS*PEVLRA,-0.41
YTGDKAS*PDQNAS,-0.02
ESISNLS*EAGSIK,-0.82
NLSEAGS*IKKGER,-0.82
IGFPSTT*PAKAKA,-1.53
IGFPSTS*PAKAKK,-0.71
LEANRHS*PGPERD,1.08
SDQRRYS*LIDRSS,0.45
GFRRSFS*TTSASS,0.18
WLQERYE*IVGNLG,-0.18
DVSRMRS*VLISLK,0.56
PKGILRT*PDTIRR,0.58
ALCRYFS*NERIPP,1.77
GVPVEGS*PGRNPG,-0.29
SSSGLGS*PNRSSP,-1.34
STIRPAS*PVAGSP,2.0
TVMRQSS*LTFQSS,-0.22
KRDQTAS*APATPL,-1.16
CIVKSMS*VDETDK,2.28
VVKRSQS*FSKERT,0.22
TASAPAT*PLVNKH,-1.16
TFTRSNT*ISKPYI,-0.24
LEEGEET*EPDCKY,1.74
LRKKNLS*PGAVES,0.91
HEFQDET*DTEEET,-2.55
FQDETDT*EEETLY,-2.55
KEADIDS*SDESDI,1.87
EADIDSS*DESDIE,1.87
IDSSDES*DIEEDI,1.87
RLYEALT*PVH,-0.33
SADGRAT*PSENLV,0.46
GPSRASS*VTTFTG,0.38
EKYRPAS*ASVSAL,0.01
SWRRTNS*DSALHQ,-0.1
TQYHGGS*LPNVSQ,-2.11
EGSLGPR*NARSQP,1.08
VRDSQEF*PLHCGE,-2.21
PPRDLPS*PLPTKR,0.07
KRTRTYS*ATARAS,-0.35
VIPKVPS*KNQNDP,0.86
AGALVHS*E,-3.22
SQELAGA*PEPQGS,1.34
PEELDDS*DFETED,4.21
EKYGYLS*LPKPMK,-0.42
RHAIMRS*PQMVSA,0.45
DYKKRLS*VELTSS,0.17
GSDNYGS*LSRVTR,-1.5
QVRVGGS*SVDLHR,-1.25
VRVGGSS*VDLHRF,0.27
PRRRLRS*YEDMIG,-0.21
ERGSLAS*LDSLRK,0.36
SLASLDS*LRKGGP,0.46
GSLSRVT*RIEERY,-1.22
HSYDDST*LPLIDR,0.65
SQSSHSY*DDSTLP,0.26
QKGCRLS*PRDTYS,0.66
SDRSGSS*SPDSEI,-0.03
DRSGSSS*PDSEIT,0.3
EFVNDDT*DDDLPI,2.08
TQTPPVS*PAPQPT,0.15
ARAKTQT*PPVSPA,-0.54
DGNTSTT*PPTSAK,-0.56
QESAIHS*PGTVEK,-0.07
HSRRGRS*YDSSME,0.22
RGERRNS*FSENEK,0.55
LGRRSRS*PRPSKL,1.39
SSLGSMS*PSNMEG,-2.06
EVAKRNS*LKELWL,0.62
GNNMDKS*DSELNS,1.72
EAGQRST*M,0.0
ANEGSKT*LQRNRK,0.38
VRVRDLT*IQKADE,0.69
GLARLSS*PVLHRL,-0.81
DSSTAST*PVAEQI,1.66
EQGGEAS*PQRTWE,-1.04
QKERAMS*TTSISS,-0.72
STTSISS*PQPGKL,-0.79
QPGKLRS*PFLQKQ,-0.22
LDRHLPS*PPTLDS,2.92
PVTAAAS*PVSLPR,-2.6
KRKAPAS*PGAGSD,-0.59
PARSSGS*PEPSPA,-0.42
KISGQLS*PRLFRK,-1.65
RLEGDRS*EGSGQE,0.81
GDRSEGS*GQENEN,0.81
ETPVRYS*SSEVNH,0.39
NVKLKNS*QETIPN,0.29
RRSTTKS*PGPSRR,0.72
PSRRSKS*PASTSS,0.19
RVNGLPS*PTHSAH,-0.66
TPRSGKS*PSPSPT,-1.78
RSGKSPS*PSPTSP,-1.78
GKSPSPS*PTSPGS,0.27
PSPSPTS*PGSLRK,1.7
LPSPTHS*AHCSFY,-0.66
AARDKQS*PSQANG,0.39
RKASSPS*PLTIGT,0.31
VYRRSAS*PYHGFT,0.37
GVVRSLS*YEEPRR,-0.31
EEPRRHS*PPIEKQ,-0.31
VYTRSAS*PKHGFT,0.33
KVARTDS*PDMHED,-0.9
RNKRSRS*PLELEP,-0.08
RKRSSLS*PGRGKD,0.85
RKAQAVS*EEEEEE,2.12
PHVVVGT*PGRILA,-0.79
PHIVVGT*PGRILA,-0.36
EVPAGGS*RSEAED,0.52
PAGGSRS*EAEDED,0.52
MEES*EPERKR,-0.27
AQQGHNS*PDSPVT,0.58
LVEDRGS*GRSRGR,0.07
DRGSGRS*RGRGGM,0.27
KIDDRDS*DEEGAS,1.48
RKREEGS*DIEDED,2.7
TVDLGIS*DLEDDC,0.82
LVQRINS*IYNAKR,-0.32
RLVHIQS*MLKRAP,0.32
PMARSIS*TSGPLD,0.44
HKERSTS*LSALVR,-0.41
GNSITKS*PPLMAK,-0.05
AKHSQPS*PEPHSP,0.63
PSPEPHS*PTEPPA,0.63
MWYKRHS*IAIGEV,-1.04
QRRRRNS*TSSTNQ,-0.02
SCDVSSS*PSLPSR,0.43
GRFHVGS*AESMLH,0.65
LLRRNYS*REQHGV,2.13
ISASKAS*PPGDLQ,-0.51
EKYGGDS*DHPSDG,0.38
GDSDHPS*DGETSV,0.38
YRLLEDS*EESSEE,-0.39
LEDSEES*SEETVS,-0.39
KQSMDMS*PIKIVK,0.65
ADVRRNS*VERPAE,1.35
IPDLEDS*PPVSDS,-0.11
EDSPPVS*DSEEQQ,-0.11
AKRKRES*ESESDE,1.31
RKRESES*ESDETP,1.31
RESESES*DETPPA,1.31
EPGDGDS*DTTKKK,1.87
KEVELVS*E,0.46
ESESDET*PPAAPQ,2.21
RVGPCSS*PPAARD,0.92
ATHGSNS*LPSSAR,0.69
SSARLGS*SSNLQF,-0.8
EFSRRLS*MSEVKD,0.62
RNLLQQS*WEDMKR,0.89
KRAGPLT*PPKPPR,0.81
GTSKSSS*LPAYGR,0.58
RSLPDRT*PFHTSL,0.02
SLSRSNS*LPHPAG,1.21
EHKRYHS*LGNISR,0.94
IAEQNES*SDEESL,-0.27
AEQNESS*DEESLR,-0.27
QAQAQES*EEEEES,0.59
ALILGVS*PTANKG,-0.54
QRQRSLS*TSGESL,0.85
IPIMPAS*PQKGHA,-0.69
TPRRSKS*DGEAKP,1.06
KPEPSPS*PRITRK,-1.39
NIPEMPS*PKKMHQ,2.2
ECAHRGS*PLPKKR,0.92
YTEEIVS*EAESHV,-0.03
EAESHVS*GISRIV,-0.03
STDGETS*EAESNY,-0.51
QSLIPRT*PKARKR,0.21
KAQRPKS*LQLMDN,0.24
VFERMNS*LTFKKS,0.8
ASPPERS*PSGSAF,-1.43
PPERSPS*GSAFGS,-1.11
SGSAFGS*QENLRW,-0.41
DDLKRRS*MSIDDT,0.84
VTCHRDS*FSRMSL,-1.69
SGQYSGS*PQLLKN,-1.52
SERRNSS*IVGRRS,0.19
SIVGRRS*LERTTS,-0.46
SAVRPAS*LNLNRS,-0.17
SRGAAAS*PPRELT,-2.4
VLRRHLS*QDHTVP,0.03
PRVDDDS*LGEFPV,3.73
ASSAKTS*PAKQQA,1.41
VTPKTVT*PASSAK,-1.03
GRFIPCS*PFSDYV,0.58
GGTPAGS*ARGSPT,0.99
AGSARGS*PTRPNP,1.56
VFDLTTT*PKGGTP,0.37
TTPKGGT*PAGSAR,0.99
HVPKRAS*ARILAP,-0.52
HRDNRRS*PSLERS,0.06
DNRRSPS*LERSYK,0.06
MQQLDPS*PARKLL,-0.88
VDSQQKS*PVKRRR,0.34
KLKRQKS*FSEDVI,0.82
ASSRRGS*DASDFD,1.25
RRGSDAS*DFDISE,0.78
SETKIMS*PRKALI,-2.56
SGRYRHS*MTNLPA,-0.34
PHAGGGS*QENLDN,1.66
WVPPPMS*PSSKSV,-1.3
GEDFPAS*PQRRNT,-0.05
PRVPGGS*PRTPNR,0.13
RKPVTVS*PTTPTS,-0.59
SPTTPTS*PTEGEA,0.05
EEGCQGS*PQRRGP,0.46
PTRASES*PARGPS,-0.11
GQRIYQY*IQSRFY,0.51
DDIYFDS*DSEDED,0.92
IYFDSDS*EDEDRA,0.92
GRGRKLS*GDQITL,0.36
LYEKANT*PELKKS,-1.69
SQDVAVS*PQQQQC,-0.72
FRRRHNS*WSSSSR,0.97
GSAAHGS*QPDLRR,0.61
SPSRTRS*PDVISS,1.28
GPGASSG*TSGDHG,-0.31
NVLEKSS*PGHRAT,0.41
PQTQHVS*PMRQVE,-0.08
FGQTNRT*PEFLRK,0.22
AGETRFT*DTRKDE,1.91
TEEKCGS*PQVRTL,0.84
LLQSAKT*ILRGTE,0.63
EHGPFRS*VEDLVR,0.82
GIGEPQS*PSRRVF,-0.96
TDEDRLS*RRKSIV,2.61
KPFRKLS*RFGNAF,-1.14
KRRKLNS*GGGLSE,-1.05
KKWRKDS*PWVKPS,-2.62
AQRRAQS*IERKQE,0.52
EARSDKS*PDLAPT,0.83
RPAGPGT*PPPDSG,1.23
AGGNEGR*AAEAEP,0.27
RDERSDS*RAQAVS,0.66
KQPLLLS*EDEEDT,0.74
KQPLLLS*EDEEDT,0.74
IMKTCFS*PNRVIG,-0.39
PRERHPS*WRSEET,-1.63
RHPSWRS*EETQER,-1.63
ERSRTGS*ESSQTG,-1.06
RTGSESS*QTGTST,-1.3
PARSQSS*DTEQQS,1.4
SDTEQQS*PTSGGG,0.86
TATKSGS*TTKNRF,-0.32
ASGTLPS*QPKVSR,0.85
PSQRSSS*PVGLAK,-1.91
RVVQRSS*LSRERG,-1.15
VQRSSLS*RERGEK,-1.15
TPATKRS*FSKEVE,0.02
ATKRSFS*KEVEER,0.42
GLRKAAS*LTEDRD,0.38
AALPPVS*PLKAAL,-0.31
REAEEES*DHN,1.68
YFARMCS*LMLSKE,0.66
TFMRGGS*SKDLLD,-0.88
NLNSRRS*PVPAQI,-0.19
NVNRSVS*DQFYRY,2.1
SFDDNDS*EELEDK,2.9
VEMYSGS*DDDDDF,3.67
NKKWDGS*EEDEDN,0.67
ERSRINS*SGESGD,-0.68
RSRINSS*GESGDE,1.36
INSSGES*GDESDE,-0.68
GESGDES*DEFLQS,1.68
PGPNIES*GNEDDD,1.28
LHLKRGN*FLVLKA,0.77
LSPERSS*DSESNE,1.53
PERSSDS*ESNENE,1.43
KPPRPDS*PATTPN,0.96
KGNRSTS*PVTDPS,0.94
PLQRQLS*ADAAVT,-0.61
RHYYSGY*SSSPEY,0.04
VSHGHER*RDERKR,-0.17
TQRRRLS*PPSSSA,-0.62
NIKRTSS*SERVSP,-0.28
SSSERVS*PGGRRE,-0.28
QIRASPS*PQPSSQ,-2.33
IEEELGS*KAKFAG,0.56
GQKYFDS*GDYNMA,-0.21
LLKHQAS*INELKR,0.14
ELDRDKS*DSDTEG,2.16
DRDKSDS*DTEGLL,2.16
TEIRSLS*PIIGKD,-0.76
WLKKQKS*YTLVVA,-0.02
GSKFRYS*GRTQAQ,0.19
AQTRRAS*ALIDRP,-0.81
MTTES*GSDSES,0.43
MTTESGS*DSESKP,0.43
GSRFRYS*GKTEYQ,-0.27
LPSTSGS*EGVPFR,-0.53
GEVPARS*PGAFDM,0.34
YGKAGGS*PASYHG,-0.05
AGGSPAS*YHGSPE,-0.05
VPVLPAS*PPPKDS,-0.72
NSTGSLS*PKHSLK,-1.34
NITRQNS*SSSDSG,-0.25
RQNSSSS*DSGGSI,0.22
PVDRRKS*QMEEVQ,-0.19
PGEGVLT*LRAKPP,1.32
TIQRQSS*VSSTAS,0.3
VEPSSQS*PGRSPR,1.14
SIKTFWS*PELKKE,-0.54
GHRRTNS*TGGSSG,0.08
PDATPPS*PRTLLA,2.94
VDEGSIS*PRTLSA,0.77
VYNYHLS*PRAFLH,-3.02
RLRRSHS*GPAGSF,-1.91
EPIGPES*PSSTEC,-0.16
KIDSNIS*PKKDSK,-0.24
ALAEEAS*EEELPS,0.93
SEEELPS*DVDLND,0.93
GLSPAMS*PALQRL,-0.87
LKLAGRS*FRSHVV,0.49
SGVVPQS*APPVPT,-1.38
NMIRRLS*PAERAQ,0.55
SLKRGSS*FQSGRD,0.1
SSGVPYS*PAIPNK,0.04
LRRQLES*GGFEAR,0.1
GELRRRS*AEDELA,0.81
ENGTGSS*PRGPGC,0.44
ANSRCQT*PIKMKP,-0.74
PAEDVDT*PPRKKK,1.37
GLQRSKS*DLSERF,-1.11
AHKRSAS*WGSTDH,0.76
SHKRSAS*WGSTDQ,0.33
IDFIPVS*PAPSPT,-0.17
PVSPAPS*PTRGIG,-0.17
TTRRSQS*PINCIR,-1.57
GLRRSNS*APLIHG,-2.02
PSARRNS*TTFPSR,0.19
GLLLPAS*PVRMHS,-0.48
TLRRSSS*APLIHG,2.09
LRTRRNS*TTIMSR,-0.1
CRHHAPS*PPRPEH,-0.45
TMQRSSS*FSLPSR,-0.06
RHCRSLS*VPVDLS,-0.57
PPQRRFS*LSPSLG,0.58
QRRFSLS*PSLGPQ,-1.22
ARSSPAS*SPELPW,-1.27
RSSPASS*PELPWR,-1.27
NLPRSRS*QPCDLD,-0.24
HKISNLS*PEEEQG,-1.3
PPRRQLS*APHITR,1.0
REVRHGS*DPAFAP,-1.19
YPERKGS*PTPGFS,0.22
FSTRRGS*PTTGFI,-0.61
FIEQKGS*PTSAYP,0.16
YPERRGS*PVPPVP,0.97
ENSGIST*LERGQK,0.17
LRLGMLS*PEGTCK,0.4
AYFAPVT*PPPSVG,1.32
SGQNEES*PRKRKK,-0.27
LAPRRGS*LPDQKD,-0.67
GCAYPGS*PGPGAR,-1.05
QMNRNLS*NEELTK,0.13
ARARSSS*EDKITV,0.27
TKPRAKS*LSAMDV,0.17
VHSPPKS*PEGKTS,0.78
VTERMPT*PVIKAF,0.38
GKRSRRS*LEGGGC,-0.05
HAIFRVS*PDRQSS,-1.29
RYGRAES*PDLRRL,-0.52
ERERDHS*PTPSVF,1.18
NRERPES*PMVPSE,0.83
SRMRAHS*PAEGAS,0.79
AEAVLQS*PGLSGK,0.43
QGGSAGS*PARFTI,-2.21
CSGPGLS*PGMVRA,-0.08
GDEIPFS*PYRVRA,0.14
DQHVPGS*PFSVKV,0.03
PYHIGGS*PFKAKV,-0.28
GVHGPRT*PCEEIL,-0.18
DEEIPRS*PFKVKV,0.21
VYGRGLS*EGRTFE,1.18
DQEVPRS*PFKIKV,0.55
GEHIPNS*PFHVLA,-0.6
DKHVPGS*PFTVKV,0.45
GRERLGS*FGSITR,-1.06
VTGPRLS*GGHSLH,-2.13
IDARVHT*PSGAVE,1.22
GVHGPKT*PCEEVY,1.71
NRSYRDS*GIPDSD,-0.59
RTAKRGS*RFFCDA,-2.33
PMKRTVS*DNSLSN,1.03
RTVSDNS*LSNSRG,-0.2
HIYRTIS*DGTISA,1.76
RQNRLNS*PPSSIY,-1.59
SPEERRS*PPAPGL,-0.56
EPLEEDS*PSSSSA,-1.52
KEEAPAS*PLRPLY,1.69
PLYPQIS*PLKIHI,-0.36
GPLSSRS*APASPT,0.38
SRSAPAS*PTHPGL,-0.69
THPGLMS*PRSGGL,-0.12
QTPECLS*REGSPI,0.23
CLSREGS*PIPHDP,-0.96
SAPASPT*HPGLMS,-0.12
RSGGLQT*PECLSR,0.23
GYDSDFS*DDERCG,1.06
GHGGYDS*DFSDDE,1.06
RNDYDKS*PIKPKM,0.11
TRSVDIS*PTRLHS,-1.47
GSASSGS*MPNLAA,-1.16
TSTDRHS*LSLDDI,0.3
ERSHRSS*VSSVGA,-0.39
HRSSVSS*VGARAA,-0.39
KPKRTTS*FFSRQL,-0.69
SNARSNS*LRLSLI,-0.24
SLARTRS*LSSLRE,0.51
DRRRSNT*LDIMDG,-0.1
AYYAQTS*PQGMPQ,-0.07
SCMLTGT*PESVQS,1.01
GNRTDGS*ISGDRQ,-0.09
RTDGSIS*GDRQPV,-0.09
DAQKSSS*PAPADI,-0.6
LEEKSTT*PPPAEP,1.58
NLPRSYS*HDVLPK,-0.04
QNIIPAS*TGAAKA,0.47
QTPRARS*PAAPRL,0.29
RGRLTPS*PDIIVL,-0.11
PERGRLT*PSPDII,-0.11
HASRGGQ*SDDDED,3.44
ELPVPGS*AEEEPP,0.85
RFKIPGS*PPESMG,0.57
PQQQRWS*IPADGR,-2.2
FKLKSKS*CHDLSV,-2.51
GPGTRLS*LARMPP,0.04
NLSRVDS*TTCLFP,1.14
DRWRSAS*PDGGPR,-0.52
VPPAPSS*PPPLWA,-1.66
EMHRSQS*WEERGD,0.5
ERWRPHS*PDGPRS,-0.51
QGKSLSS*PTDNLE,1.63
DQHDYDS*VASDED,0.35
DYDSVAS*DEDTDQ,0.35
RSNRARS*MDSSDL,1.1
KLSRHGS*GADSDY,-0.78
HGSGADS*DYENTQ,-0.78
RKGRQRS*MVWPGD,0.05
SHQRSAS*WGSADQ,0.07
STLKSRS*EVDLTR,-0.2
TLNMTTS*PEEKRK,0.9
APQLLPS*SSLEVV,0.02
SLFRSSS*KESLVR,-0.15
QYQRQAS*PETSAS,2.13
RSWGHES*PEERHS,0.74
PGGSHGS*ETEDTG,-0.25
EPPGSGS*PAPPRR,1.72
SKRSHDS*DDSDYA,0.64
SHDSDDS*DYASSK,0.76
RSTTAHS*WQRSRS,-0.73
ARERMFN*GEKINY,0.32
WYREHRS*ELNLRR,0.19
NGHRRQP*PARPPG,-0.95
VGFRSTS*PFGIPE,-0.77
GPGRSGS*VRTAPP,-0.59
VATGPMT*PQAAAP,-0.78
NQIHVKS*PPREGS,0.02
SPPREGS*QGELTP,0.38
GSQGELT*PANSQS,-0.52
EEVLESS*QEALHV,-0.03
KQRGSLS*PVTKPR,1.14
QLGRQAS*FQERSS,-0.52
GRARTSS*FAEPGG,-0.53
GEPNVSY*ICSRYY,0.04
GRPRTTS*FAESCK,-2.14
YQGEEKS*D,0.55
TQPRTNT*PVKEDW,-0.38
SSTDQGS*DEEGSL,1.09
AMFQPSS*PTRRPG,-0.52
FQPSSPT*RRPGFS,-0.52
FAPEPSS*PGAARA,-0.07
LQTTNNS*PMNSKP,0.2
KRKREDS*APPSSV,-1.05
RTPRDVS*GLRDVK,-1.13
AGKRKAS*GPPVSE,-0.92
PAPAEKT*PVKKKA,-1.53
MSET*APAAPA,-1.53
PAPVEKS*PAKKKA,-0.26
GGSAALS*PSKKRK,-0.09
KKATQAS*QEY,-1.19
SGGKKAT*QASQEY,-1.19
MPEPAKS*APAPKK,1.55
GGVKRIS*GLIYEE,1.06
VAQRPDS*PGGGLQ,-2.54
MKNKRDS*TEITSI,1.22
KGTRDLS*PQHMVV,0.48
IKRRLIS*PYKKKQ,-0.49
RNQIPRT*PENLIT,0.39
VQQLSVS*FSSLQI,0.08
PEELQVS*PGPRQQ,-2.05
MAS*AVSPAN,1.31
MASAVS*PANLPA,1.31
TITLVKS*PISVPG,-0.19
DAIPEES*GDEDED,3.55
ACEEEFS*DSEEEG,-0.02
EEEFSDS*EEEGEG,-0.02
DAVHEDS*GDEDGE,3.85
ACDEEFS*DSEDEG,0.12
DEEFSDS*EDEGEG,0.12
KVAERRS*SPLLRR,-1.79
VAERRSS*PLLRRK,-1.79
PLSRAQS*SPASAT,-1.09
PLRKTVS*EPNLKL,-0.06
PLLRKES*APPSLR,0.51
GDLLEDS*PKRPKE,-0.05
GIRDHES*L,1.8
RGRGPPS*SSDSEP,0.24
GRGPPSS*SDSEPE,0.24
RGPPSSS*DSEPEA,0.24
PPSSSDS*EPEAEL,0.24
ERTRKRS*EGFSMD,-1.44
FALKVDS*PDVKRC,-0.03
KDCDPGS*PRRCDI,0.59
NLSRSSS*DNNTNT,1.75
VLKRQFS*ALVPAF,0.64
GLRRLDS*SGERSH,0.63
AVPFLAS*DNEEEE,2.97
PALTSMT*PTAVER,-0.68
GVAAEVS*PAKEEN,0.87
SKAVEES*SDEERQ,0.64
KAVEESS*DEERQR,0.64
REESEES*EAEPVQ,1.42
YRRTLDS*DEERPR,1.68
MRGIISS*DGESN,-0.28
ISSDGES*N,-0.28
RPPTPCS*DPERKR,0.37
KGKRPPT*PCSDPE,0.37
MPDPAKS*APAPKK,1.5
KRSTITS*REIQTA,0.49
IRRYQKS*TELLIR,-0.09
ISVGRLS*PQQESS,0.06
SPRRPVS*PGKDIT,0.92
TLKWLIS*PVKIVS,-1.98
HREYCLS*PRNQPR,-1.6
YRGGPAS*PGGLQG,-1.93
RMSELSS*SRPKRR,-0.44
DSNAPKS*PLTGYV,0.03
EGISQES*SEEEQ,2.05
GISQESS*EEEQ,3.19
GTALVGS*QKEPSE,-0.41
EEEEGIS*QESSEE,0.21
MPKRKVS*SAEGAA,4.06
KKKKKSS*PQSTDT,0.18
SSVGVLS*PQKKSP,-0.08
CLQRGVS*PSKAHG,-0.55
HAKGRLS*GDEGSE,1.19
LSGDEGS*EDGDDY,1.19
MSKSES*PKEPEQ,1.34
EVRKALS*RQEMQE,0.09
GGNFGGS*PGYGGG,-0.84
PGGSGGS*GGYGGR,-1.0
MAARPHS*IDGRVV,1.25
GGRSSGS*PYGGGY,-1.64
KHTGPNS*PDTAND,1.68
KHTGPNS*PDTAND,1.3
LDLISES*PIKGRA,-0.19
RDYDDMS*PRRGPP,-0.35
FKRSRNT*DEMVEL,2.08
VMDRMGS*VERMGS,-0.16
SVERMGS*GIERMG,0.93
TIERMGS*GVERMG,0.46
IERMGLS*MERMVP,-0.22
ERMGANS*LERMGL,0.27
ERMGANS*LERMGP,-0.76
LKKRRLS*DKGLKA,0.84
KYSRAKS*PQPPVE,0.43
DEHFDDT*VVCLDT,1.04
EDRRGRS*PQPPAE,2.19
QTNVYGS*AQRRKM,0.12
YHSRSKS*PLPPEE,0.93
KLFRSQS*ADAPGP,2.71
IGTLHTS*PDLKVR,-0.44
TEGRPPS*PPPTST,3.56
KIEDVGS*DEEDDS,1.94
DAEVSKS*DIGEVI,1.36
SLLRGPS*WDPFRD,2.36
AYSRALS*RQLSSG,4.54
ALSRQLS*SGVSEI,4.54
LQTCFSS*PADDSM,1.93
IEQSWGS*PKVTKD,0.23
LQCAILS*PAFKVR,0.1
PKPKIES*PKLERT,0.8
GLRRSDS*VSASER,0.89
GRSRSGS*IVELIA,-0.17
LIAGGGS*SCSPVL,-0.02
GGGSSCS*PVLSRK,-1.81
RGSGTAS*DDEFEN,1.57
TTKGSKS*PAKVSD,1.27
AAVKSIS*PEVSAS,0.24
KEVDATS*PAPSTS,0.85
PDEEVSS*PSPPQR,0.7
EEVSSPS*PPQRAQ,1.46
LGQRGSS*RQGSPG,0.24
GSSRQGS*PGSVSK,0.24
VSFHDDS*DEDLLH,0.69
RGPVSGS*PDSMNA,0.69
TRPRNGT*LNKHSG,-0.37
KYRGMGS*LDAMDK,0.92
RKKRRIS*YVQDEN,0.14
GPEGPGS*PLLAT,-0.17
DTSDLMS*PSKRSS,0.02
GREKTMS*SDDEDC,-1.21
REKTMSS*DDEDCS,-1.21
KKSKKIS*LKYTAA,-0.34
HKEARNS*WDSPAF,0.94
RSALSSS*LRDLSE,0.16
PRRRKAS*PEPEGE,0.81
AEALGHS*PKDPGG,-0.54
VRAGGAS*PAASST,-0.54
VLPEGRS*PGPPAL,1.16
STTRRNS*NSPPSP,-2.2
TRRNSNS*PPSPSS,-2.0
NSNSPPS*PSSMNQ,-2.0
LRKRKAS*PEPPDS,-0.89
CFQDGRS*PGPPPP,-0.66
EAARVAS*PTSGVK,-0.6
KRHNSAS*VENVSL,0.24
LRKRTYS*LTTPAR,-0.27
PQPSSAS*LDEYTL,0.44
RLRRAAS*ALLLRS,-0.14
LPARELS*APARLY,0.45
EMKSQPS*ETERLT,1.65
SETERLT*DDY,1.02
TKGRVAS*FSIPGS,1.21
DVQNCIS*R,0.92
PLRRSQS*LPTTLL,-1.15
NYVKLLS*PGTSKI,0.88
DSGSSES*PASLKR,0.01
KLSKSLS*FEMQQD,-0.06
RKAAVLS*DSEDEE,1.19
AAVLSDS*EDEEKA,1.19
KKSRVVS*DADDSD,0.2
VSDADDS*DSDAVS,-1.03
DADDSDS*DAVSDK,-1.03
QRRRMNS*TGGQTP,0.6
NKNRGLS*APDLRS,0.05
KGHRSLS*PSSNSA,-0.83
VGFRGNS*PEMRVE,-0.37
RMWVPES*PVCRSG,-0.86
SPKHSHS*PASSPK,-0.08
SHSPASS*PKPLKK,-0.08
TSDIFGS*PVTATS,-3.1
DATPPVS*PINMED,-1.16
ARSRDAT*PPVSPI,-1.16
AWPPPDS*PVRVDT,1.26
MPGRPES*PPVFRS,-0.5
TFPLAHS*PQAECE,-0.32
LGTDEDS*QDSSDG,1.41
DEDSQDS*SDGIPS,1.41
PVERRPS*PGPRKR,-1.6
EEPAAPS*PEPRVW,1.51
GVPAQQS*PSM,0.73
VRPAAAS*PIVSGA,-0.24
KRKMEES*DEEAVQ,0.92
EAVKRFS*LDERSL,3.11
KEELSHS*PEPCTK,0.08
RLRRNHS*NAQFIE,0.58
SSGRSGS*MDPSGA,0.43
GCKVQIS*PDSGGL,1.35
LFIIRGS*PQQIDH,0.78
VSTGDTS*PCGTEE,1.9
NRPAFFS*PSLKRK,0.39
EMKKSHS*ANDSEE,0.68
TNLRSRS*LSGTGR,-0.04
LRSRSLS*GTGRSL,0.07
GRSLVGS*WLKLNR,-0.01
DEDGDHS*DKEDEQ,4.03
GSRTRAS*LPVVRS,-0.69
RRERRST*VLGLPQ,1.23
EAQERRS*PTVEPS,1.28
DIPTGTT*PQRKSY,-0.08
LSRRSIS*SPNVNR,-0.52
NKGRWES*QQDVSQ,-0.48
SATLSGS*ATNLAS,-1.72
QLRRRLS*PEKQNC,-0.45
DRFSFHS*PSAQQR,-2.5
KNQQGFS*PKAQKE,0.27
KKRRRPS*ALEADS,-0.36
HVADAGS*PGMQRR,0.54
WRPRSDS*LILDHQ,1.02
RTPQPCS*RPASPE,-0.87
PCSRPAS*PEPELL,-0.87
KMSDTGS*PGMQRR,0.14
HHPRRNS*LDGGGR,0.09
QRLYADS*DSGDDS,1.14
LYADSDS*GDDSDK,1.14
PTVKKGS*QTNLKD,0.5
THQELAS*DGEIET,2.85
PKSGRKS*GSSSSS,-1.9
GQHPAAS*PTHPSA,-0.4
KIIRLKS*LNANTD,2.13
KACKVDS*PTVTTT,-0.49
GVSGRAS*FCGKRQ,0.41
KACKVDS*PTVNTT,-1.44
SLRRSGS*FGKLRD,-1.3
RMKRASS*LNFLNK,-1.31
SRTLSSS*SMDLSR,-0.15
TLQRSGS*LGKIRD,0.57
NMKRAAS*LNYLNQ,-1.28
GLQVPVS*PTVPIQ,-0.25
SGQRSAS*PSVPGP,0.4
RRSRRPS*PLAPRP,-0.07
QPRGQGT*PPSGPG,-0.98
LRNLTMS*PLHKRR,-1.42
QEDRALS*PVIPLI,-0.12
METMAS*PGKDNY,-1.12
DSEDEDG*AGEGGS,-0.35
RAFVEDS*EDEDGA,-0.35
GSRISVS*RSTSFR,1.0
PVTKQPT*PPSEAA,1.26
TVMRIAS*ISKSLT,-0.45
TLTRSAS*MKLPDN,0.95
YQKETES*APGSPR,2.1
TESAPGS*PRAVTP,-0.43
TLPKGLS*ASLPDL,1.62
PKGLSAS*LPDLDS,0.67
PSTIARS*LPTTVP,0.25
PTTVPES*PNYRNT,-1.61
RKTRHSS*NPPLES,-0.81
MISQPPT*PPTGQP,0.15
GSPRAVT*PVPTKT,0.19
ILIVTQT*PHYMRR,0.69
NTRTPRT*PRTPQL,0.83
TPRTPRT*PQLKDS,0.88
KAIDVKS*PRKRKT,-0.76
SRASTAS*PCNNNI,-2.77
QYVPPRS*PK,-0.82
GRGRKNS*FGYRKK,-0.53
QSTPPKS*PQ,-2.87
LSREQST*PPKSPQ,-2.87
TGKRKRS*SSEDAE,1.11
GKRKRSS*SEDAES,1.11
KRKRSSS*EDAESL,0.97
NRDIEIS*TEEEKD,1.46
RDIEIST*EEEKDT,1.46
FSVVADT*PELQRI,-1.3
NVIRKQS*EADLAE,0.54
SARRSAS*ASHQAD,0.78
RRQRPNS*CDRGSG,-2.32
RRQRSNS*CDRGSG,-2.32
RASVRGS*SEEDED,-0.18
ASVRGSS*EEDEDA,-0.18
TKPSSFS*DSER,1.02
HKKYVIS*DEEEED,2.51
AARVLGS*EGEEED,1.77
EEDEALS*PAKGQK,1.05
NQQGEDS*GSDPED,-0.24
QGEDSGS*DPEDTY,-0.24
KLATKSS*PVKVGE,-1.92
SSLSESS*PPKAMK,-0.09
ARETPHS*PGVEDA,-0.07
KSPKTVS*PPIRKG,-0.49
SWSTATS*PLGGER,0.24
MSAGSGS*PSKTVT,-1.04
INHQIES*PSERRK,2.23
PVLRSCS*IDRSPG,1.33
CRSRIPS*PLQPEM,-0.1
PMRRSVS*EAALAQ,-0.33
PSRARNS*GTQSDG,-0.41
RNSGTQS*DGEEKQ,-0.28
ASSTPLS*PTRITR,-1.8
EERLRLS*PSPTSQ,-0.96
RLRLSPS*PTSQRS,-0.96
SRGRASS*HSSQTQ,0.3
GRASSHS*SQTQGG,0.3
RASSHSS*QTQGGG,-0.25
QTQGGGS*VTKKRK,-2.44
KKRKLES*TESRSS,0.25
VRLRNKS*NEDQSM,1.08
GAQASST*PLSPTR,-4.41
GPTTPLS*PTRLSR,-2.92
VTVSRAS*SSRSVR,-1.09
TVSRASS*SRSVRT,-1.09
RAGGPTT*PLSPTR,-2.92
ARMRLES*LSYQLS,-0.1
GPATPLS*PTRLSR,-3.82
EERLKLS*PSPSSR,-2.62
RLKLSPS*PSSRVT,-2.62
VSRATSS*SSGSLS,-0.55
RAGGPAT*PLSPTR,-3.82
IRQRSAS*VNKEPV,-0.35
IMRRGES*LDNLDS,0.58
GVATTQS*PTPRSH,-0.51
IEQRRIS*HEGSPV,0.11
RPQRSCS*LDLGDA,-0.56
KQKKRQS*VSGLHR,-1.35
REIDCLS*PEAQKL,-2.56
SATTPLS*GNSSRR,0.01
QVQKANS*PEKPPE,2.37
SKRACAS*PSAQVE,0.5
AAVGRRS*PVSTRP,0.0
KLARQAS*IELPSM,-1.11
RDQDLAS*CDRDRS,0.18
HTARELS*PQHKRE,0.71
ASSRRSS*SEGLSK,0.11
GREKPDS*DDDLDI,1.49
SRRDLKS*LEDPPT,0.69
SSRRTQS*SLTVSE,-0.21
KKQRKDS*ASEEEA,0.55
HMLRSRS*LPAFPT,-0.65
AAGVGGS*LRAQVE,-0.17
VESQQKS*PGKRRR,1.05
LLKRQGS*FSEDVI,0.9
SMDAMSS*PTKTET,0.51
PSSRAAS*PTRSSS,-1.51
ASSRRGS*DASDFD,1.18
RGLNKPS*KIPTMS,-0.38
SKIPTMS*KKTTTA,-0.38
INARWNT*LNKKVA,-0.19
KPSKIPT*MSKKTT,-0.38
KLEAIIT*PPPAKK,-0.53
LTPAEYS*PQLTRR,0.09
DGEEDGS*SDQSQA,0.44
GEEDGSS*DQSQAS,-0.59
DGSSDQS*QASGTT,-0.59
SDQSQAS*GTTGGR,-0.59
TGGRRVS*KALMAS,-0.05
SMARRAS*RGPIAF,-0.03
ALLSLRS*PKARRG,-0.94
SIIRSGS*PKLDPS,-1.08
SLGRSQS*FSHQQP,0.15
VLSPLRS*PPLIGS,-0.08
SGRGAES*PFEEKS,0.42
RKLGDVS*PTQIDV,2.3
IEFGQES*PEQSLA,0.73
LEGEKLS*PKSDIS,0.55
SPKSDIS*PLTPRE,1.1
LTPRESS*PLYSPT,-0.23
ESSPLYS*PTFSDS,0.26
PEETTRS*PDEEDY,2.49
IERTTKS*PSDSGY,0.17
ISEKTTS*PPEVSG,0.28
YTAEKKS*PSEARQ,1.23
IEKTTRT*PEEGGY,2.27
STKTTRT*PDTSTY,-0.76
GPGRAES*KESVGS,1.46
VANGPRS*PPSLRC,-1.69
GPRARRS*ASPHDV,-1.71
RARRSAS*PHDVDL,1.74
VDLCLVS*PCEFEH,1.74
MAPAPAS*PGSSND,0.68
TIAEGPS*PTSEGA,2.67
RLNQPGT*PTRTAV,0.23
MES*PASSQP,-2.68
SGKLKIS*PEQHWD,2.17
SGRLVDS*KAKTRS,1.26
ASKGRRS*PSPGNS,-0.49
KGRRSPS*PGNSPS,-0.49
ERKKRLS*IIGPTS,-0.52
RMPRAQS*YPDNHQ,1.7
GQPRRRS*IQDLTV,-1.05
RPPRRSS*QPSPTA,0.68
GSRCSVS*AVNLPK,0.11
NKRLSKS*SATLWN,0.04
VCPRSAS*ASPLTP,-0.06
KPNAGGS*PAPVRR,-0.54
AKSRGPT*PPAMGP,0.77
YQQKRWS*WGGSAM,0.15
ANKRSAS*TEKLEQ,-0.49
HDILPKS*SDTFRQ,0.06
TGFLTEY*VATRWY,0.43
TGFLTEY*VATRWY,0.16
NFMMTPY*VVTRYY,0.78
KLNRRTS*FSFQKE,-1.6
GYSSPGS*PGTPGS,0.22
PGSRSRT*PSLPTP,-0.84
RFSFKKS*FKLSGF,-2.34
FKLSGFS*FKKNKK,0.15
PSPSNET*PKKKKK,1.51
FKLSGLS*FKRNRK,0.83
WLLRSKS*PVGNPQ,0.3
MIRGRNS*ATSADE,-0.63
KVQRSVS*ANPKQR,-1.12
PKQRRFS*DQAAGP,-1.08
TAKVPAS*PLPGLE,-0.18
TNRSRNS*PLLERA,-1.32
GVSSRST*FHAGQL,-1.04
QKQRRYS*DHAGPA,-1.3
KGIAPAS*PMLGNA,-1.2
GMTRRNT*YVCSER,-0.41
PRDPYGS*LDRHTQ,0.24
NQSLGQS*APSLTA,-0.43
RSWVIGS*PEILRK,-0.45
DLELALS*PIHNSS,-1.29
FELVDSS*PCKKII,-2.65
RHFRRDS*FDDRGP,3.67
SRKRSYS*PDGKES,0.57
SPDGKES*PSDKKS,-0.08
PPPPSQS*PEPTEP,0.65
EMDNNCS*PTRKDF,-1.56
RIRIQES*PGKVAA,-0.08
QRPDLGS*AQKGLQ,-2.61
LQVDLQS*DGAAAE,1.21
SEDARSS*PSQRRR,-0.82
GRIAEPS*VCGRCH,0.84
RSGVRGT*PVRQRP,-1.25
AEPGAGS*QHLEVR,0.57
DPGMVRS*PQNQYP,0.08
REVRADS*VGKLVT,0.95
NVKPPGS*PVAKLA,0.5
ANQARVS*PSTSYT,0.45
SPSTSYT*PSRHKR,-0.62
VGAQGGP*PVAQVE,0.4
LLLAEDS*EEEVDF,1.01
SLATMDS*PPHQKQ,-1.78
QPPGEDS*DTDVDD,-0.51
QESQAGS*DTDVEE,0.06
TTTERDS*DTDVEE,0.3
ALVRAHS*EKDQPP,2.29
QPPFGDS*DDSVEA,1.58
FGDSDDS*VEADKS,1.58
SVEADKS*SPGIHL,0.4
VEADKSS*PGIHLE,0.64
GDQHPES*PVHTEP,0.52
NRSSVKT*PETVVP,0.19
NRSSVKT*PESIVP,-0.55
NRSSVKT*PEPVVP,0.34
AARRGAT*VEAKQS,2.17
PGEDSDT*DVDDDS,-0.51
SQAGSDT*DVEEGK,0.06
TERDSDT*DVEEEE,0.3
IKARKLS*SAMSAA,0.03
PSSKAKS*PISSGS,1.68
SAGRSQT*PPGVAT,-0.19
NAKRKLS*DDPCPV,0.75
KKKNRHS*PDHPGM,0.34
KVMPTKS*PPPPGG,-2.67
EDRESPS*VKRMRM,-0.42
GAKVFGS*LERGLD,-0.43
GGKRRNS*CNVGGG,1.93
AETPKSS*PLPAKG,0.96
GHVVLAS*PLKTGR,-1.9
RTLNAET*PKSSPL,0.96
PPTAPLT*PLLHGE,-0.34
YDARVHT*PHLDRL,-1.39
PVLQAVT*SQTSLP,2.36
PEVVGES*DSEVEG,-0.16
VVGESDS*EVEGDA,-0.16
RMEREDS*SEEEEE,1.8
MEREDSS*EEEEEE,1.8
DYAPMES*SDEEDE,-0.03
YAPMESS*DEEDEE,-0.03
ALDALNT*DDENDE,2.61
KRERSMS*ENAVRQ,-1.57
AGATSGS*PPAGRN,-1.84
SSSRGSS*PTRVLD,-0.23
GDVRVQF*NHETRW,1.06
DLKAVHS*PIRSQP,0.16
KERRPDS*PTRPTL,1.3
AKRLRGT*PERIEL,-2.36
PRAPSAS*PLALHA,-1.87
EQMPQAS*PGLAPR,0.0
TSVHVRS*PARPSE,0.1
PSLPARS*PSPPRR,0.9
LPARSPS*PPRRRR,0.9
FQKASVS*GPNSPS,-1.96
SVSGPNS*PSETRR,-1.96
PLPRRES*PSEERL,1.27
MYDRAIS*APTSPT,-1.34
AISAPTS*PTRLSH,-1.34
HIHRRKS*FDASDT,0.22
QYGVSGS*PTKSKV,-0.18
PSTGLCS*PDLVNR,-0.97
QPKRSLR*KADTEE,1.37
IRTFKES*PKQILD,-2.45
TKIACKS*PPPESV,-0.86
TKIPCDS*PQSDPV,0.53
KMPCESS*PPESAD,-2.36
TKIACRS*QPDPVD,0.36
MKAFMES*PKQILD,-3.64
KPQPKRS*LRKADT,-2.27
KKILCKS*PQSDPA,-0.67
TKIACKS*PPPESM,-0.45
TKIACRS*PQPDPV,-1.79
IKAFKES*PKQILD,-3.56
TKIPCES*PPLEVV,-2.39
PRARGKS*SEPVVI,-1.65
AVAEPAS*PEQELD,-0.27
AQSLVIS*PPAPSP,-2.51
ISPPAPS*PRKTPV,-3.93
SDKCSAS*PPLRRQ,-0.28
QMIRSFS*EPFGRD,-1.04
IQGPEDS*PSRQSR,-1.77
RPATADS*PKPSAK,0.72
LKHAEAT*LGSGNL,0.9
PFVRTDS*IGEKLG,0.04
ESPIKLS*PATPSR,-1.3
MVPQSGS*PEPESI,-0.24
SLPQLVS*PIVSRS,-0.97
KSDLRKS*PVFSDE,1.81
RKSPVFS*DEDSDL,1.62
VFSDEDS*DLDFDI,1.62
MMPIRRS*AQLERI,-0.78
TTRARRS*QESDGV,0.17
RNIRSKS*VIEQVS,0.11
ASASPLS*PHRRAK,-2.03
DIMKSKS*NPDFLK,1.07
REGRSKT*FDWAEF,0.55
KGVDFES*SEDDDD,0.21
GVDFESS*EDDDDD,0.21
FDEGYDN*YPGQEK,0.58
DEGYDNY*PGQEKT,0.58
CIERPLS*PHMEQS,0.66
VQFFDDS*PTRGWV,0.65
AAAPGAS*PSPGGD,-0.67
PLARSAS*PPKAKN,-0.5
NGGLRRS*VAPAAP,-1.44
KIHNVGS*PLKSQN,0.36
QPKEVMS*PTGSAR,1.41
WKSMRKS*PLGGGG,-0.33
LSESSAS*PQPKRR,0.07
RIDEFES*M,0.68
PNRSNMS*PHGLPA,0.31
PARSSGS*PKFAMK,-0.25
LPEASQS*PLVLKQ,0.64
PEAQSLS*PYTTSA,-1.74
LPKAAKT*PLKIHP,-1.59
PVRNTGS*PKSAVK,-1.35
HAELSGS*PLKSKS,-0.57
QLQKENS*PRRGGS,-0.03
NLQRAVS*VSSMSE,-0.82
GLRVLHS*PPAVRR,-0.31
KLSSQIS*AGEEKW,0.63
SETSWES*PKQIKK,-0.8
LLPQRAS*PRLLSV,-0.61
SSERGSS*PSHSAT,0.25
GNLCRRS*ILGTPL,-0.04
GAKIWLS*TETLAN,-0.15
KHQRQLS*LPLTQS,-0.29
LLQRHSS*KPVLPT,-1.49
SSERASS*PAQCVT,-1.1
LASRRCS*DPSLNE,0.57
EDGMQES*P,0.35
SRTRTDS*YSAGQS,0.28
FPSPSIS*PR,-2.31
LLERTAS*RLGSRA,-0.59
TLRRNDS*IYEASS,1.55
NLPRHIS*LTLPAT,-0.36
RVASGPS*PGEGIS,0.6
SPGEGIS*PQSAQA,0.16
IPSATQS*PISKKR,-0.18
PRERSKS*DSYTLD,-0.54
VFQRSYS*VVASEY,1.04
GASLELS*DDDTES,3.72
KGAGDGS*DEEVDG,1.46
GLLRVIS*GVLQLG,0.99
PGLGVLS*PSGEER,-1.03
SLMLQNS*SARALP,-1.28
NKLEGDS*DVDSEL,1.81
GDSDVDS*ELEDRV,1.81
TLQRSTS*FRQGPE,0.22
KYCRSIS*PEWKQQ,-0.12
VQEKPDS*PGGSTQ,0.65
VSKLLPS*LAKAQP,0.28
LPDAGLS*PGSQVD,0.84
ATGAALT*PTEERR,0.35
GPVGTVS*EAQLAR,0.74
RMPRQPS*ATRLPK,0.72
GGGPGKS*PTQGST,-0.49
RMPRQPS*ATRLPK,0.72
GGGPGKS*PTRGST,-0.49
CQKRRFS*DSEERH,0.62
HTKKQFS*LENVQE,1.52
ARNKAGT*PVSELT,0.34
CCSRRQS*SSSAGD,1.52
SRRQSSS*SAGDSD,-0.91
SSSAGDS*DGERED,1.52
GSARSFS*PKSPLE,-1.41
RSFSPKS*PLELGE,-1.1
ELGEKLS*PLPGGP,-0.31
AKSRSLS*ASPALG,-1.04
EFRRTRS*LHGPCP,-0.7
VERALGS*PTKQLL,0.05
LDGLVET*PTGYIE,1.66
AESEWHS*ENEEEE,3.4
SLCAGQS*P,0.39
RFVQRCT*P,-0.03
SLSNRSS*PLSWRY,-0.37
SNIQYRS*LPRPAK,0.08
KPWRSKS*MNVKHS,-0.85
DEGEEDS*DSDYEI,0.49
GEEDSDS*DYEISA,0.49
IPNYQLS*PTKLPS,-1.88
PLASTAS*DNDFVT,0.14
AMSPAVS*QPCTPR,0.18
RCQTAEA*DSESDH,0.75
QTAEADS*ESDHEV,0.75
AEADSES*DHEVPE,0.75
SPRLLAS*PSSRSI,-1.72
LEPEGMS*PMEPAG,0.94
EPKESRS*PQQSAA,-0.31
HKRRKTS*DANETE,0.85
PHKRRKT*SDANET,0.08
KMISTPS*PKKSMK,-2.08
LGKRPHS*PEKAFS,-0.5
ELKMIST*PSPKKS,-2.08
YVERKNS*ARKASI,0.58
RRAAPTT*PPPPVK,1.12
LQGPRGS*PNARSQ,-0.28
SPRHRMS*PGVAGS,-0.47
LEDINAS*PEMRQR,0.88
MYRREGS*YDRYLR,1.01
DSRRDRS*PIRGSP,1.21
RSPIRGS*PRREPR,0.29
AREGTRS*PRTAHE,-1.96
KQIKRES*PPIRAF,-0.55
EPEKPVS*PPPVEQ,0.81
VKQEQLS*PRGQAG,-0.55
RIIGEDS*PSRLDR,-0.75
VRSLIGS*PGRTFP,-2.44
DPRANAS*PQKPLD,-3.02
LLKREGT*PPPPPP,-0.79
IGSPGRT*FPPVHP,-3.15
NLVYDQS*PNRTGG,-1.73
MRSRTAS*GSSVTS,-0.99
RRPRSLS*SPTVTL,-1.29
KMLRTCS*LPDLSK,-2.18
RRAWGKS*PTDSVL,1.6
KTTAAHS*LVGTPY,0.79
KRPRSST*VTEAPI,-1.02
PPEEPSA*PSPTLP,-0.73
EEPSAPS*PTLPAQ,-0.73
PFQRSIS*ADDDLQ,1.55
SLAVQNS*PKGCHR,-2.76
GVKRSLS*EQPVMD,2.18
IHQRRNS*YRGHES,-1.28
GRTRHGS*ASQVQK,-1.63
KQRSAGS*FKRNSI,-0.26
SGLATYS*PPMGPV,-0.34
MESGITT*PPKMRR,0.03
SPLSPPS*PRTKSR,1.18
CVVLTSS*PEATET,2.46
PIHDSKS*PGASNL,1.99
VQQEIDS*DESPVA,-0.75
EIDSDES*PVARER,-0.75
AASLSHS*AGNISA,-0.12
PITASGS*LKALRK,1.98
ESVSSLT*DLKPPT,0.89
QLKRHLS*MQSFDE,0.32
SRKRVDS*DSDSDS,1.01
KRVDSDS*DSDSED,1.01
VDSDSDS*DSEDDI,1.01
SLLGGGS*PKNNTA,0.29
PDILLDS*PERKQK,1.28
RSRSQRS*DSYHRG,0.32
RSQRSDS*YHRGRS,0.32
SAIPVES*DTDDEG,2.57
IPVESDT*DDEGAP,2.57
RVMLGET*NPADSK,1.32
RVMLGET*NPADSK,1.32
YNRGGLS*PANDTG,-0.33
DPRLQDS*SSEEED,1.11
PRLQDSS*SEEEDV,1.11
RLQDSSS*EEEDVT,1.11
QDRKAVS*PSSSEK,-1.77
KAQTKAP*PKPARA,-1.67
PAVTTKS*PAVKPA,-1.26
GEKRASS*PFRRVR,-1.16
NSIKFDS*E,0.04
KKIKLQT*PNTFPK,-3.85
KLQTPNT*FPKRKK,-3.85
DGTLGLT*PPTTER,-1.29
IGAIGGT*PPAFNR,-3.14
EYNSNMS*PEEKMM,-0.92
SKEELMS*SDLEET,-0.03
KEELMSS*DLEETA,1.76
KKKRKFS*KEEPVS,3.71
SKEEPVS*SGPEEA,4.05
KEEPVSS*GPEEAV,4.05
PKRKKST*PKEETV,2.17
NLSCIHS*PVVNEL,-0.63
TAKAPGS*PAAPRI,-0.48
VEEDAES*EDEEEE,2.72
TPKGPSS*VEDIKA,0.6
KAKMQAS*IEKGGS,-3.27
SIEKGGS*LPKVEA,1.76
AMNYEGS*PIKVTL,0.48
KKSIRDT*PAKNAQ,-2.7
KSLAFDS*EHSADE,-0.76
AFDSEHS*ADEKEK,-0.81
DAEAEDT*PRKRLR,-1.19
GPPRKKS*PNELVD,1.05
HTDIRKS*DLIQDE,-0.06
TRSRSRS*RSPLSP,-1.27
SRSRSRS*PLSPRS,-1.27
HRSQNHS*RSPSEE,0.48
SQNHSRS*PSEERG,0.48
NHSRSPS*EERGHS,0.48
DINEMES*PLATRN,0.16
KATVTPS*PVKGKG,-4.74
YSQFQES*DDADED,4.06
EDEEPES*PPEKKT,1.32
KTKKDDS*HSAEDS,0.25
KKDDSHS*AEDSED,1.16
SHSAEDS*EDEKED,2.42
RLKATVT*PSPVKG,-4.74
KTKIVDS*PEKLKN,0.17
GADNDGS*GSESGY,-1.37
DNDGSGS*ESGYTT,-1.37
RKARRNS*AKGCEN,-1.09
GLERNDS*WGSFDL,0.0
TFPEELS*PPSHQA,1.49
VPGEPAS*PISQRL,0.95
QLARQGS*FRGFPA,-0.21
PFKRQLS*LRINEL,-0.07
LGTGGKS*PRLTQS,-1.42
CQAAKLS*PRDTAK,-0.8
RRGAPSS*PATGVL,0.54
ATGVLPS*PQGKST,-0.42
PSMVQKS*PRITPP,-0.91
PAAKPGS*PQAKSL,1.08
KVPAKLS*PMKQAQ,0.36
QKSPRIT*PPAAKP,-0.14
PQPRSIS*GPSVGV,0.67
PLLAGGS*PPQPVV,-2.52
PIKTLGT*PTQPGS,1.91
SKDRRLS*PATENK,0.26
TSGAFLS*PSVSVQ,-0.18
VKPLTES*PFKVHL,0.0
KYGLQDS*DEEEEE,1.5
SGQARRS*SPPGHY,-1.6
KVEEEGS*PGDPDH,1.37
EGPQPRS*VEPQDA,0.33
DRPEPLS*PKESKK,3.4
VKEIKHS*PGPTRT,0.12
RHGARTS*DSDQQA,-0.93
VKMLAES*DESGDE,0.19
LAESDES*GDEESV,0.19
ALQRSLS*ELESLK,0.44
PSSRSRS*LTLLPH,-0.01
ISQRRPS*QNAISF,-0.19
VLHRTYS*APAINA,1.71
QGGSFES*PKKEKR,-0.8
EQDASSS*PSAQVI,0.55
ILERTAS*SSTEPS,0.73
YLDDEDS*D,1.33
TAADVVS*PGANSV,0.47
QRPKEES*SEDENE,0.21
RPKEESS*EDENEV,0.21
DGGWEWS*DDEFDE,4.74
MS*GEDEQQ,0.58
DEQQEQT*IAEDLV,0.58
SSLSTSS*PESARK,-0.6
DLQGSAS*PSKVEG,-0.78
SERTNSS*DSERSP,0.13
RTNSSDS*ERSPDL,0.13
SSDSERS*PDLGHS,1.16
VKQKYLS*FTPPEK,-0.89
NSLRRDS*PPPPAR,0.99
RDKRPLS*GPDVGT,0.27
GPPGPRS*PQREPQ,0.33
EVPRRKS*LVGTPY,0.52
SVTRSNS*LRRDSP,-1.44
VNQRGRS*PRSPSG,-1.71
RGRSPRS*PSGHPH,-1.71
RSRSRDS*GDENEP,-0.36
RTARIAS*DEEIQG,-0.36
KITPHTS*PAPRRR,0.71
RRDRLGS*YSGPTS,-1.34
TPKRSHS*PSIDGT,0.65
AQRQYSS*LPRQSR,0.61
LHVRRSS*DPALIG,0.09
DRERRIS*HSLYSG,-0.18
EGFGRQS*MSEKRT,0.28
HRHGAGS*GCLGTM,-0.62
MNRS*HRHGAG,1.12
MNRS*FHKSQT,0.58
NRSFHKS*QTLRFY,0.58
YVPPHLS*PDKKWL,0.18
EKAGPVS*PGCVKL,0.9
PLFKKVS*PWETST,-0.11
PTARAHS*PASLSF,-1.59
LPRRSTS*PIIGSP,-1.37
NRDANVS*GTLVSS,-0.66
DHLEGLS*SDDEET,0.76
HLEGLSS*DDEETS,0.76
AEETAVS*PRKSPR,0.7
KRRRATS*PSSSVS,-1.04
RRATSPS*SSVSGD,-0.82
QQQPSAS*PRAGTP,0.33
GKAHRLS*AEERDQ,2.29
LETLSQS*PQGRVM,1.53
QPMPASS*PVICAG,-0.21
QGQHTIS*PLDLAK,-1.32
AGIDSSS*PEVKGY,-0.5
EKGMGCS*,-0.62
ETGGMGS*S,0.05
SKSKSKS*PSPLKN,-0.64
SKSKSPS*PLKNKL,-0.64
RSPIIHS*PKRRDR,2.5
PKRRQRS*MSPTST,-1.26
RRQRSMS*PTSTPK,-1.26
STKGILS*PRAPKQ,-0.88
SLESFSS*MPDPVD,0.94
RVTNDIS*PESSPG,-0.66
GLAETAS*PVAVSL,-0.26
RYMSQMS*VPEQAE,-0.84
TRQQNIS*MQRQEN,-1.46
IEDEEGS*,0.02
RMLQALS*PKQSPV,-0.43
GRECRES*GSEQER,-0.12
GRKRFVS*EGDGGR,0.9
GLTVPTS*PKGRLL,1.39
RRKVMDS*DEDDDY,1.87
NSATCHS*EDSDLE,0.0
TCHSEDS*DLEID,0.68
KELEEEA*EEEQRI,2.46
SMARIHS*MTIEAP,-0.24
DGLRRLS*GNEYVL,1.67
YRYHGHS*MSDPGV,0.35
MSDPGVS*YRTREE,0.35
VLVLPPS*PGPRSS,-1.2
ASRALAT*PPKLHT,0.06
PEIQDGS*PTTSRR,0.14
PLVPDAS*KQRLME,-0.16
ACGERLS*LGLSRA,-0.79
TCAACKT*PIRNRA,-0.28
KQARANS*FVGTAQ,0.97
AAVGQES*PGGLEA,-0.69
SSSNPSS*PGRIKG,0.02
SSEMDHS*ENEDYT,1.11
KRGHTAS*ESDEQQ,0.7
AQQRAES*PESSAI,1.91
RPSKTPS*PSQPKK,-0.63
EMKSFFT*PGKPKT,-1.92
IESTQST*PQKGRG,-0.75
RGRPSKT*PSPSQP,-0.63
AQGAGVT*LPPTPS,0.01
AQSLSHS*PKRVPT,0.79
KLTRIPS*AKKYKD,1.1
DIIRQPS*EEEIIK,2.39
FRANTLS*PVRFFV,-0.18
GCDKAFT*PFSGPK,0.15
IKGRYRS*QSGEDE,0.04
RRQFPPS*PSAPKI,0.48
VRMRRNS*FTPLSS,0.29
RRPRNYS*VGSRPL,0.12
VTRRTLS*MDKGF,2.32
HMQQGGS*PTPFDR,0.42
VRLRGRS*FAGNLN,-0.1
RKRNVES*GEEELA,0.0
PFEKHST*L,1.26
EEPTVYS*DEEEPK,3.94
PAASGDS*DDDEPP,3.01
KLTRRLS*QRPTAE,0.8
LVPGTHT*PPIRRR,0.21
KLVRRLS*QRPTTE,0.83
RLSRKLS*LRPTVA,-0.47
TLIRRLS*QRPTPE,0.95
RLTRKLS*QRPTVA,0.44
HRGRRPS*GPDGAA,-0.16
PPRRRAS*APHGPL,-0.24
MAQAS*PPRPER,-0.36
SKKRKGS*DDAPYS,0.83
SDDAPYS*PTARVG,-0.56
PPVDDLS*PKKVKV,-0.37
DRQRFYS*DSHHLK,0.23
KAKPVGS*PLFKFS,0.26
RSSKSFS*LDEPPL,-0.17
EADLEES*FNEHEL,0.26
HELEPSS*PKSKKK,1.75
SSYRDRS*PHRSSP,2.4
SDDAPWS*PKARVT,-0.74
MKKKVLS*DSEDEE,0.77
KKVLSDS*EDEEKD,0.77
LRNRAQS*YDIQAW,2.53
MRSRSNS*GVRLDG,0.43
GHERPPS*PGLRGL,1.44
LVGRTFS*DGLATR,-0.64
TLQPPES*PRLGRR,-1.42
RELPPLS*PSLSRR,-2.16
LSRRALS*PLPTRT,-0.84
LAPHKGS*FSGRLS,-0.5
CVQRKLS*SGDLRV,-0.09
TRERKNS*ITEISD,1.11
NSITEIS*DNEDDL,0.43
MDGEATS*PLPRTR,-1.23
YSSRHKS*HDNVYS,-2.69
AASMPSS*PKQARK,0.19
TLSVPAS*PRVARK,-2.64
LRERKSS*ISSISG,-0.95
RKSSISS*ISGRDD,-0.94
RCHRKDS*LPDADL,-2.71
PAKRSPS*PLGTSV,-1.34
PRGRECS*PTSSLE,-0.76
RECSPTS*SLERLC,-0.58
ECSPTSS*LERLCR,-0.58
RTISINS*PKAQTV,-1.8
EPEAPPS*PDVLQA,0.66
LDHALNS*PTSPCE,0.16
SHQRSSS*ESYTQS,0.02
LPPKIGS*FQLFVE,-0.67
EGVRRRS*FNDFRS,0.6
TLKRKTS*SVSSIS,0.71
KTSSVSS*ISQVSP,-0.3
TVCQEGT*LKRKTS,-0.98
YHTRSGS*EEAVTD,0.97
GLMRTAS*ELLLDR,0.54
NRPFMGS*ISQQNI,-0.03
WLAHNVS*KDNRQ,-0.02
SHLHDSS*QKGVID,0.92
ARNRSAS*ITNLSL,-0.35
TMRKRGS*VRGTSA,0.23
GSSRRGS*MNNELL,-0.4
PRSLDDS*EEDDDE,0.9
SSRRRGS*ISSGVS,0.38
CRLDIDS*PPITAR,1.78
AVKRSMS*PFRGPK,-1.5
RQKKIFS*KQQGKA,-0.79
RQKKIFS*KQQGKT,0.03
SEAPILT*PPREPR,0.59
QYSSQKS*VEERSL,0.06
RAMRRVS*SVPSRA,0.19
AMRRVSS*VPSRAQ,0.1
YSQRPAS*PTAIRR,-1.26
TTARVGS*PLTLTD,-1.14
FITPVST*LERDRF,1.38
DRKRHNS*ISEAKM,0.47
KKRHRPS*AGGPDS,0.1
RIPRAPS*QHIFFV,0.91
IREAGNS*FVRHNA,0.58
QLEPVAS*PAKKPK,0.77
LQSKRAS*FAEKTA,0.59
KDRRPRS*LHPHVP,-0.82
FRSRSSS*VGSSSS,-0.57
RSSSVGS*SSSYPI,-0.57
SSSYPIS*PAVSRT,-1.56
STKGYYS*PYSVSG,-0.85
SVSGSGS*TAGSRT,-0.72
SDEGQLS*PATRGA,1.45
VRNRRLT*VNEAVK,1.46
GLRKQIT*MEELVR,1.44
KGYYSPY*SVSGSG,-0.15
ILRRSQS*YIPTSG,2.09
SFSRSIS*LTRPGS,1.27
FGKRSNS*IKRNPN,1.61
VIQRTNS*MQQLEQ,0.42
VPPRAKS*PTPESS,-1.45
GVISYQT*LPRNMP,0.67
YPEGYRT*LPRNSK,0.68
DISLGDS*PRRARG,-0.85
SHVDRRS*MPSMGY,-0.81
PESRYQT*LPGRGL,-0.52
ANTRRIS*IVENCF,0.21
LTPPLGS*PRPRDA,-0.67
PVLEPLT*PPLGSP,-0.67
SSAGEMS*PQRFFF,-0.46
GRPSARS*PLSPTE,0.39
SARSPLS*PTETFS,0.39
PVNRSHS*VPENMV,0.42
PNRYRCS*PERLKK,-1.19
SVRRRES*LSYIPK,-1.29
NVKGPLS*PFNSRA,-0.82
PLRKAYS*FDRNLG,-0.49
FLSRARS*PPQVVK,0.37
LAKRHLS*QPQLSS,-1.04
GHARSRS*DITQVD,0.43
STSKAVS*PPHLDG,0.68
FRDRQRS*PIALPV,-1.41
LLRRGFS*DSGGGP,2.08
RSDRKRS*ISESSR,0.61
DRKRSIS*ESSRSG,-0.9
RSISESS*RSGKRS,-0.9
RAVRKMS*VMGRQT,2.24
QKRAIST*PETPLT,-2.01
IFSLSGT*LETVRG,0.0
SPTSPKY*SPTSPT,0.65
ANEAGDS*SQDEAE,1.16
NEAGDSS*QDEAED,1.16
NSRMVCS*PVTVRI,-0.19
SSGSGHS*AFEPLV,-1.61
RNGPSSS*PFSSPA,0.39
NSRMVCS*PVTVRI,-0.19
SSGSGHS*AFEPLV,-1.61
RNGPSSS*PFSSPA,0.39
EPSVASS*PNGKES,2.28
VESVSSS*PNKESN,1.14
SRVGSGS*LDNLGR,-0.15
GALHTVS*HEDIRD,0.35
SLQKSSS*LGNLKK,0.6
KLRRSQS*TTFNPD,-0.92
NTFFRES*PVGRKD,0.28
VSSRSYS*PERSKS,-1.02
KTSRDTS*PSSGSA,-0.2
AMERFGS*RNGKTS,0.27
GFGYKGS*CFHRII,2.29
SRERRTP*PGRSRS,0.68
RFLMRKS*PPKADE,0.89
RDRFRRS*ETPPHW,1.55
KDRRAQS*RSRECD,1.08
RRAQSRS*RECDIT,0.46
RTPPGRS*RSKDRR,0.68
KADRDQS*PFSKIK,1.03
KKFDHES*SPGTDE,-0.52
KFDHESS*PGTDED,-0.52
RFRRSET*PPHWRQ,1.55
HESSPGT*DEDKSG,-0.52
KKTHHCS*EEKEDE,1.32
LNPHRES*DGASDE,2.59
NSGRPVT*PPRTAN,-0.05
KKKKVLS*PTAAKP,1.17
PRAFGES*STESDE,0.04
RAFGESS*TESDEE,0.04
GESSTES*DEEEEE,0.04
AFGESST*ESDEEE,0.04
EKRDKKS*PLIEST,1.57
GLRKTGS*YGALAE,0.37
GVTRSAS*SPRLSS,-0.01
RQSRRST*QGVTLT,-1.23
GLLKTGS*SGALGP,-1.0
GLQRSAS*SSWLEG,-0.8
ARGPGGS*PGGLQK,-2.03
GMQKLST*PQKK,0.23
GEMRDQS*PKGRES,1.48
SREERLS*PRETRE,1.42
AWKWRLS*PGETPE,1.29
AESREQS*PRRKEV,-0.87
SCLAKGS*PERHHK,0.17
GLDLSLS*PRPDSP,-0.62
ILRRARS*LPSSPE,-0.4
ARSLPSS*PERRQK,-0.4
PERALNS*ALAEEI,0.33
IFERRTS*LGEVSK,1.2
QKRSQGS*SQFRSQ,-0.08
VLLRRKS*ELPQDV,0.61
KKERRQS*SSRFNL,-0.39
KERRQSS*SRFNLS,-0.39
ERRQSSS*RFNLSK,-0.26
QFDDGGS*DEEDIW,2.12
MRRS*EVLAEE,-2.62
CPKKPLS*PPKKKV,-0.04
KKRRTAS*PPALPK,0.69
RSRKSRS*DNALNL,-0.64
RSRRSRS*DNALHL,-0.21
ESMGHGS*RRDLYG,-0.22
PPLIADS*PKARCP,0.07
VSELSSS*PPGPYH,1.0
VKGRTWT*LCGTPE,2.1
VKGRTWT*LCGTPE,2.1
VKGRTWT*LCGTPE,2.1
AATPRQS*LGHPPP,0.74
ADAKGDS*ESEEDE,0.6
AKGDSES*EEDEDL,0.6
RFNRRVS*VCAETY,0.81
RFTRRAS*VCAEAY,0.84
AEEPMQS*DSEDGE,0.08
EPMQSDS*EDGEEE,0.08
NPQWNES*FTFKLK,0.47
ARKRRLS*STSLAS,0.2
FVETQAS*QGTLQT,0.09
PLVDHTS*PSSDSL,0.04
TPMFVET*QASQGT,-1.09
AGQIRAT*QQQHDF,-0.54
QHDFTLT*QTADGR,0.66
RELRAPS*PPVEHP,0.8
AFSRGGS*LESRSS,-0.34
NEALSPT*SPFREG,0.72
VVYGGKS*TIRDRS,0.11
RSSGTAS*SVAFTP,-0.33
VYGGKST*IRDRSS,0.16
KSGLMST*,-1.02
EKERRRS*RSIDRG,-0.41
ERRRSRS*IDRGLE,-0.41
SNKRSRS*GSQGRT,-0.44
KRSRSGS*QGRTDS,0.41
DRRRSQS*IEQESQ,0.16
MWTEHKS*PDGRTY,-0.31
AELPNRS*PGFGIK,1.0
QDQARKS*KSPTLR,0.3
QARKSKS*PTLRRR,1.05
SKDRKKS*PIINES,0.76
RSPKRRS*LSPKPR,0.71
PKRRSLS*PKPRDK,0.71
RDKSRRS*RSPLLN,-0.98
KSRRSRS*PLLNDR,-0.98
PGRRAKS*RSLERK,-0.3
RRAKSRS*LERKRR,-0.3
ERSKDAS*PINRWS,1.83
SPINRWS*PTRRRS,1.83
SSTRTRS*PSPDDI,0.73
TRTRSPS*PDDILE,0.73
KEIIDAS*DKEGMS,0.61
SDKEGMS*PAKRTK,1.58
DNDITPY*LVSRFY,1.56
DSVSGQT*VVDPKG,0.07
MDDGRHS*PPMVKN,1.14
ETLPSFS*SDEEDS,0.4
TLPSFSS*DEEDSV,0.4
PRPRRHT*VGGGEM,2.16
CRRGSTT*PRPHAP,0.69
PVVRSKS*YNTPLL,0.09
TSIRRHS*VSEMTS,-0.02
GLKKSHS*SPSLNP,-0.25
TGVTSTS*DSEEEG,-1.77
VTSTSDS*EEEGDD,-1.77
KTGVTST*SDSEEE,-1.97
LKEEDES*DDDNM,2.52
VEKRITS*PLMEPS,0.78
EKYSGST*P,1.11
EFQRAQS*LLSTDR,3.6
KYRLVGS*QEELAS,1.17
EKANVSS*PHREFP,1.64
RDRPPCS*PSRVLH,-1.51
TKGSEDS*PPKHAG,0.17
GGPRPES*PVPAGR,0.92
ERRRLMS*MEMD,-0.55
SRPGYPS*PRSSEG,0.11
YMEDSTY*YKASKG,0.44
ATNKRHS*TSDKMH,0.16
NRYRDVS*PFDHSR,-0.72
EPEKQDS*PPPKPP,1.17
KLERNLS*FEIKKV,-0.71
NSKSVAS*LNRSPE,-0.53
VASLNRS*PERRKH,0.61
NMGRAIS*TGSLAS,-1.01
CTEQSNS*PPPIRR,1.02
PTWSRSS*LPRQQP,1.05
IPSHRHS*AIIVPS,0.28
HKYVSGS*SPDLVT,-0.61
KYVSGSS*PDLVTR,-0.83
TVNKRHS*LEVMNS,-1.0
PMARRNT*LREQGP,-0.42
RAVSVGS*QPSVFT,-1.15
AMRRSLS*VEHLET,-0.16
LCEGTES*PYQTGQ,0.21
PCGRKGS*PYHTGQ,-0.88
SKHRWPT*GDNIHA,-0.88
PGSRQAS*PTEVVE,1.49
SEGDGDT*D,1.16
QQQTRIS*ASSATR,-0.13
QQPQSSS*PVYGSS,-0.78
EKRRQIS*IRGIVG,2.59
AGLQMKS*PEKKRR,1.0
DDRRSKS*IEEREE,1.88
RNNMTAS*MFDLSM,1.02
RNNMTAS*MFDLSM,0.69
RNNLSAS*MFDLSM,0.85
THKRTYS*DEANQM,-0.29
KFARKHS*MLFIEA,0.26
SLSRLRS*PSVLEV,-1.91
GHTRNKS*TSSAMS,0.46
SINRQTS*IETDRV,0.64
EKRRSTS*RQFVDG,-0.65
PVKKTRS*IGSAVD,-0.28
WQVTIGT*R,1.4
LESPAKS*PASSSS,-1.2
CQRVFQT*EAELQE,2.91
HKRKLAT*PPAAQE,1.01
QRQRSTS*TPNVHM,-0.71
KINRSAS*EPSLHR,-0.11
SQHRYST*PHAFTF,-1.18
RQRSTST*PNVHMV,-0.91
PLPRSSS*TSDILE,-0.62
TVGRSFS*LSWRSH,-1.52
LVRRSSS*PAELDL,-0.33
SAAVSTT*PPHNRR,-2.47
TPRSAAS*REDLVG,0.67
GPEVGAS*PQSGRK,-0.47
GHRKCHS*LGYNFI,0.61
RNRLYHS*LGPVTR,0.11
AEFKSAT*FPNAGP,0.65
DYRGRLS*PVPVPR,-0.68
EGLLTHS*EEELEH,1.1
EEELEHS*QDTDAD,1.44
DEEGLLT*HSEEEL,1.1
LEHSQDT*DADDGA,1.41
RKVKAKS*IVFHRK,-0.52
KLFRFAS*ENDLPE,1.75
RSLSSRS*PKSQDS,0.96
QDSYPGS*PSLSPR,-0.48
PGSPSLS*PRHGPS,-0.13
SFKSALS*PSKSPA,0.46
TPKAVVS*PPKFVF,-2.02
SKSYKYS*PKTPPR,1.09
LDIPLQT*PHKLVD,-1.55
EKDSLIT*PHVSRS,1.65
HVSRSST*PRESPC,1.11
YKYSPKT*PPRWAE,0.02
GRSAGGS*SPEGGE,0.42
RSAGGSS*PEGGED,2.04
PEGGEDS*DREDGN,2.04
KRERTSS*LTQFPP,-1.75
KRQSAPS*PTRVAV,-2.17
QHRRTAS*AGTVSD,0.81
KTSKTSS*PGGKKP,-0.26
ALPRQNS*TGQAQI,-0.04
KSLTNPT*PIQQQL,-0.51
IIPRPRS*PNMQDL,1.28
RTLYRQS*LPPLAK,-0.99
REPKRKS*LTFTGG,-0.99
PKRKSLT*FTGGAK,0.16
NQMVCNS*DRVLKR,-1.18
SFETQRT*PRKSNL,-0.5
NVIPPHT*PVRTVM,0.34
TEIVKPS*PKRKME,0.22
LQPLMRS*PISRQQ,-1.97
PYRRYHS*RSRSPQ,1.34
RRYHSRS*RSPQAF,1.34
YHSRSRS*PQAFRG,1.34
ANRENFS*PERFLP,1.18
DEKITGT*PRKAHS,-0.04
RSFAPST*PLTGRR,-2.82
EKEAVIT*PVASAT,-2.77
RYIKENS*PCVTPV,0.11
KALRIST*PLTGVR,-0.58
ENSPCVT*PVSTAT,0.11
HRRAHLS*ENELEA,0.51
RRRHRHS*PTGPPG,-0.01
RRTRSRS*PLGFYV,1.06
EKKRSGS*LERDRP,0.95
GGQRSLS*PGGAAL,-1.45
KRHCAPS*PDRSPE,0.28
APSPDRS*PELSSS,0.28
LLLERPS*PIRDRR,-0.61
ASSKLKS*PSQKQD,1.13
RGARDRT*PPLLYR,-0.64
PGASGMS*PRASPL,1.07
GMSPRAS*PLPPPP,-0.13
YQYKQRS*LSPVAA,0.66
YKQRSLS*PVAAPP,-0.67
RGRTTHS*PYEERS,0.73
RRPDPDS*DEDEDY,3.45
AIPPPVY*EEQDRP,-0.96
KLGASNS*PGQPNS,-2.52
DEVKAAS*PGRCLP,1.16
KRKRKRS*VQEGEN,2.61
FRGRYRS*PYSGPK,0.21
IIQRSFS*SPENFQ,2.52
RKVRMNS*YPYLAD,3.11
KGRGFGS*EEGSRA,0.54
MREDYDS*VEQDGD,3.25
SPSLSES*SEDEKP,1.41
PSLSESS*EDEKPT,1.41
HKRARRS*RERESS,0.23
RIAKRRS*PPADAI,1.31
SSSGGGS*SGDEDG,-1.22
SSGGGSS*GDEDGL,-1.22
VSIRVGS*PQPSSS,-0.56
ERLRSFS*MHDLTT,0.18
GLRRSQS*MKSVKT,-0.72
KEVRYGS*LKYKVK,-0.33
GRLRSFS*MQDLRS,-0.1
AGGLQDS*DTEDEC,1.24
TEDECWS*DTEAVP,1.24
PLIRSQS*LRVVKR,-0.69
GLQDSDT*EDECWS,1.24
QLNRAGS*ISTLDS,0.93
DHTNPTS*PLLVKP,-1.35
SHSRSSS*LDMNRT,0.42
VRRRLKS*EDELRP,0.4
SRQALDS*EEEEED,1.74
RAMDNHS*DSEEEL,0.91
MDNHSDS*EEELAA,0.91
EDLDGHS*DPEESF,2.26
DPVTYIS*ETDEED,0.77
TKNKPLS*PIKLTP,0.24
DERKSYS*PRKQSK,-1.81
KIGEVSS*PKASSK,-0.68
KRIIYDS*DSESEE,-0.41
IIYDSDS*ESEETL,-0.41
VTYISET*DEEDDF,0.77
EWMNNGY*SGVGNS,-0.52
MNNGYSG*VGNSSV,-0.52
SSVSGHG*ILPSYQ,0.12
LRRRTHS*EGSLLQ,0.57
RTHSEGS*LLQEPR,0.57
GFRRQAS*LSQSIR,2.47
AYLKSVS*LQEPRS,2.97
GMQKTYS*MICLAI,1.09
KISKKLS*FLSWGT,0.77
NRQKSAS*TLCLPS,0.23
MHNKSAT*YSVGMQ,1.67
RQKSAST*LCLPSV,0.18
SLSKSNS*VSLVPP,0.01
LPRRAQS*LKAPSI,-0.02
RFMKALS*YASLDK,-2.11
KALSYAS*LDKEDL,-2.11
RLHKRDS*FDNCSL,0.13
QTRCVWS*PLASPS,-1.95
SAKGFLS*PGSRSP,-2.99
LSPGSRS*PKFKSS,-2.99
YQPKVKS*PQRPSD,-0.18
TPEEAES*SEDEAG,1.24
PEEAESS*EDEAGP,1.24
RHERRHS*DVSLAN,-0.3
RGSPATS*PHLGRR,0.99
PLLRSMS*AAFCSL,0.06
GTEIAVS*PRSLHS,1.07
WRMMSLS*QSRSSK,0.08
RVNRSQS*FAGVLG,-1.37
RAERSRS*PLHPMS,-0.86
MLLRAVP*GGAGDA,3.01
RHGRSQS*LPNSLD,0.89
YFLNEGS*QARPRS,-0.54
SSLSSAA*ARPRRR,0.16
PDGRVLS*PLIIKS,0.7
IFVSRGS*PNETEL,-0.34
FCQHPRS*PGAPCQ,0.04
KERVRAS*LSDLSS,0.06
VLQGLQT*PSCKIQ,0.73
EQDRVHS*PCPTSG,1.02
PPPRRFS*PPRRML,1.13
PPMWRRS*PPRMRR,-0.1
DPFARSS*PRTSMK,0.2
PRRRNKS*TESLQA,0.0
HRARAHS*IQIMKV,-0.09
GQVFEKS*PLRVKN,0.34
SQDEDES*ESED,0.98
KFQRAIT*GASLAD,-1.09
AAIRRAS*AILRSQ,-0.63
VVIKRRS*GQRKPA,0.26
RSQRYES*LKGVDP,0.78
MFAPTKT*WRRWHR,-0.22
MPS*KGPLQS,0.56
KLLDFGS*LSNLQV,1.67
MDTS*RVQPIK,0.44
DEILPTT*PISEQK,0.72
EPPVQES*V,-0.3
SRTPKDS*PGIPPS,0.16
HEKKAYS*FCGTVE,1.48
AKTPKDS*PGIPPS,1.35
SPGIPPS*ANAHQL,-0.04
ALNRNQS*PVLEPV,-0.96
AYSFCGT*VEYMAP,-0.06
SPRTPVS*PVKFSP,-1.27
KNAKISS*LLEEQF,0.36
IHQAGGS*PPASST,-0.02
EQECPPS*PEPTRK,2.18
TATAPPS*PLKRRR,1.33
MVS*RVQLPP,1.33
VGDGDLS*AEEIPE,-0.58
GAEATSS*TGEESG,-0.69
SSTGEES*GSEHPP,0.99
DKSILVS*PTGPSR,-1.15
AEATSST*GEESGS,-0.69
KQGPPCS*DSEEEV,0.28
GPPCSDS*EEEVER,0.28
KMNEEIS*SDSESE,1.21
MNEEISS*DSESES,1.21
EEISSDS*ESESLA,1.21
TADMPKS*PFKRRR,-0.55
INYKEDS*ESDGSQ,0.52
YKEDSES*DGSQKS,0.52
DSESDGS*QKSLRR,0.52
VRKRGRS*TDEYSE,1.15
RSTDEYS*EADEEE,1.15
ETDEEES*CDNAHG,0.89
LSDDFDS*PVKGPL,-0.27
RKRGRST*DEYSEA,1.15
RLHRIET*DEEESC,2.12
HATGKKS*PAKSPN,0.33
TGTSTST*PAAPTA,-2.88
ALPASET*PKAAES,-4.06
KAAESET*PGKSPE,-4.06
QERLMGS*PVA,0.18
PRRFSRS*LSRTPS,-1.99
RFSRSLS*RTPSPP,-0.57
SLSRTPS*PPPFRG,-1.99
QSEVSVS*PRASKH,0.73
SRSLSRT*PSPPPF,-1.99
SHIRSHS*DTSIAS,-0.09
RTAMRVS*PHHPAP,-2.18
ATPRSTT*PGTPST,-0.18
RSTTPGT*PSTIET,-0.06
GTDRPGS*PA,2.01
ALERYAS*NVCFTT,0.27
EAGGGIS*EEEAAQ,1.9
TGTRRLS*DLRVID,1.27
GADQKMS*SPEDDS,1.2
ADQKMSS*PEDDSD,1.2
SVKTSGS*KERASK,-1.46
EKRSVVS*FDKVKE,1.7
GSDKRMS*EGRGLP,0.09
TGTRRLS*ELRVID,1.7
APTEAPS*PEARDS,1.72
RSRVTKS*GSRGME,0.32
RVTKSGS*RGMERT,0.32
GSDKRLS*EGRGLP,0.55
NRGRSDS*VDYGQT,0.42
PLKRSVS*LTPPMN,-0.04
LGHGWMS*HEDLRA,-0.04
GFGQSNS*LPTAGS,-1.5
DSTSVQN*PTRLRE,0.18
DMMETNS*TDDEKS,0.24
MMETNST*DDEKST,0.24
ERVRNMS*PDEIKI,0.11
QRLGLGT*LSSSLS,-0.81
QRLGLGT*ISGSSS,0.08
PTDEAYS*PPPAPE,1.74
ERYRQRS*PSPAPA,0.0
YRQRSPS*PAPAPA,1.3
RRRRRRS*ASPPPA,0.32
RRRRSAS*PPPATS,0.32
AEETSWS*GEERAA,1.84
RRSRFHS*PSTTWS,0.57
EKKRPQS*PSPRRE,-0.14
KRPQSPS*PRRETG,-0.14
ESRKSQS*PSPKNE,0.25
KSSRSYS*SERRAR,0.65
QPSRKLS*PTEPKN,-1.14
GRFSRIS*MKLPRI,0.74
IGGLSLS*PSPERR,0.32
GLSLSPS*PERRKP,0.32
AAGRAPS*PPPPGS,-0.98
GSEAAPS*PSKRKR,-0.98
HTVEHGS*PRTRDP,-0.15
SSGVENS*PAGARP,0.08
SQHSMQS*PQKTTL,-2.17
PYVVPLS*PKLPKT,-1.16
ERLRVQS*PEPPAP,0.46
RAARMKS*LEQDAL,-0.18
EEIYRYS*RSLEEL,1.09
RPEDDYS*PRERRG,-0.02
PLLPPES*PGPLRQ,0.09
VPAGTHT*PGSRLQ,0.74
PKKDDVS*PVMQFS,0.26
SARSLHS*AHSLAS,0.37
ELSRCSS*MSSLSR,0.01
ARRNLGS*INTELQ,0.66
LREQTLS*PTITSG,0.08
PVAGHES*PKIPYE,-0.19
SAGRTTS*AGTGGM,0.52
RSYPTNS*LTRSHQ,-1.09
HPKNHLS*PQQGGA,0.81
ATPQVPS*PCCRFD,0.54
CMSSQGS*DDEQIK,1.05
HLPDAES*DEDEDF,3.37
QQNSSRT*LEKNKK,0.45
DSLSQRS*PKASLR,-0.73
EVLGHKT*PEPAPR,0.31
VLHKSKS*EEAHAE,3.86
KFSFLAS*DTEEEE,0.9
SFLASDT*EEEEEN,0.9
EGIFLGS*ESDEDS,1.04
IFLGSES*DEDSVR,1.04
AIKRCCS*PPNELG,0.16
NYGYNPS*PVKPEG,-0.15
PNPEDRS*PSPEPI,1.07
PEDRSPS*PEPIYN,1.07
RRTMIIS*PERLDP,-0.4
FADGGKT*PDPKMN,-0.4
TPAGAAT*PGRGDT,0.65
TPGRGDT*PGHATP,0.27
DTPGHAT*PGHGGA,0.01
RSSLGQS*ASETEE,0.48
SLGQSAS*ETEEDT,0.48
AMDGSET*PQLFTV,-1.11
PTAYRVS*RSPGAS,0.59
AYRVSRS*PGASRK,0.59
GALRRNS*LTGEEG,0.8
LRSQIRS*RTPSAS,-2.0
IRSRTPS*ASNDDQ,-1.23
SQIRSRT*PSASND,-0.74
IRSRSFS*SSAEEH,-1.02
GGERLQS*PLRVPQ,-1.6
GVVRTLS*SSAQED,2.42
HGQADHS*PSMTAT,0.89
RSKRSYS*LSELSV,-0.8
HRKLARS*CHDLDL,-0.43
GLSDHVS*LDGQEL,1.18
PFNRSSS*DMDLQK,-0.3
KIAASSS*FRSSDK,0.25
IKLRPRS*IEVEND,1.14
NTKKRHS*FTSLTM,-1.64
AAKVIPS*PFKHAD,0.81
LGPRAQS*PGSPLH,0.41
RAQSPGS*PLHARG,1.25
EKDRCTS*PPGLSY,0.39
KKKAPSS*PPPPPP,0.65
QKLKSYS*EPEKMN,0.0
SSGRCHS*ADDILD,0.56
HGRSRSS*PSTDHY,-0.01
PLGRRAS*DGGANI,0.63
LSMRRHT*VGVADP,0.27
MNSDTTS*PELREH,0.33
KRDKSDS*PAIQLR,-0.06
PLLRSGS*DAGEAR,0.4
PRARAHS*HEEASR,-0.17
DRRREVS*PAPAVA,0.1
QDGWPRS*PGRAFL,-1.31
LRHRSSS*EITLSE,-0.38
GPGLERS*PGEPGG,0.15
NMIKGKT*PEEIRK,1.69
PMQKSVS*PLVWCR,-3.88
RNSPRPS*PKQSPR,-0.63
RPSPKQS*PRNSPR,-0.63
NSPRSRS*PARGIE,-0.13
EEKLRRS*LPNLSR,-1.61
PDKVQMT*WTREKL,-0.41
VTKAAES*PDQKDT,2.12
GPKEEES*PV,3.23
EREIKCS*PSESPL,0.51
KCSPSES*PLMEKK,0.17
LGHWVTT*PPDIPG,0.52
PRPVPDS*PVSVTR,0.96
VPDSPVS*VTRL,0.36
KAVPVES*PVQKV,-0.19
STKEKQS*SEEEEK,0.25
TKEKQSS*EEEEKE,0.25
QEREAFY*IKDPKK,3.44
RRRPGAS*PTGETP,1.69
ERTSPSS*PAPLPH,0.35
DIGKTVS*SASRMF,-0.86
TNPDNGS*PAMTHR,-0.66
RNLTSSS*LNDISD,1.59
RISENYS*DKSDIE,-0.04
ENYSDKS*DIENAD,-0.04
MTHRNLT*SSSLND,1.04
RIPLVRS*FADIGK,0.55
DIGKKHS*DPHLLE,-2.25
VPFSKES*RRRHRH,0.06
PAHKLDS*PTMSRA,-0.09
AEAALES*PRPALV,0.07
PKLPQTS*DDEKKD,1.42
RPKLPQT*SDDEKK,1.67
KTKDSGS*ISLQET,-1.56
VVTNARS*PGAKCY,0.15
KRISSKS*PGHMVI,-0.07
GVKRSAS*PDDDLG,1.85
QLPRKSS*PKSTAP,-0.82
QPSAQKS*PTSPLN,-0.05
AQKSPTS*PLNMKL,-0.96
RKRKRDS*DAGSST,0.29
PPAEKLS*PNPPNL,0.3
AQKTPTS*PLKMKP,-0.26
PRKRKLS*SSSEPY,0.27
RKRKLSS*SSEPYE,0.27
RKLSSSS*EPYEED,0.27
NEEPVRS*PERRDR,0.21
ARKRKHS*PSPPPP,-0.77
KRKHSPS*PPPPTP,-0.77
LTDEVNS*PDSDRR,0.51
YKKRKRS*PSPSPT,0.4
KRKRSPS*PSPTPE,0.4
KRSPSPS*PTPEAK,-0.01
EGPPPPS*PDGASS,-0.25
PSPDGAS*SDAEPE,-0.25
SPDGASS*DAEPEP,2.02
HEEFDLS*PDQWRK,0.1
FVDRQAS*TVEYLP,2.06
ASRHLLS*PVGRRQ,-1.41
TITRVNS*PGTLAR,-2.42
AVQRSTS*FGVPNA,-0.86
RLKRSQS*FGVASA,0.79
GIYPPGS*PGK,-1.69
SHQRRTS*NERPGS,1.35
VKQERLS*PEVAPP,1.53
PDHSGGS*PSPPTS,0.57
HSGGSPS*PPTSEP,0.57
RSKRNRS*PHHSTV,-0.58
IQTRSAS*PSNIKA,-1.22
LKMNIAS*PGTVHK,-1.81
SGPGKGS*PQAGVD,0.55
RLVHSGS*GCRSPS,-0.49
SGSGCRS*PSLGSD,-0.84
IPRGPPS*PPAPVM,0.35
PAPVMHS*PSRKMT,-0.34
IESKSMS*APVIFD,0.46
SVKRRFS*DFLGLH,-0.28
RIVKSES*GYGFNV,0.43
TVRRRYS*DFEWLR,-0.02
LTRRAGS*PPGPPG,-1.58
VCAAGTS*PVGEIG,1.62
SVVRRRS*FSISPV,0.76
VRRRSFS*ISPVRL,0.76
RRSFSIS*PVRLRR,0.76
PVRLRRS*RTPLRR,-0.96
PLRRRFS*RSPIRR,-1.32
RRRFSRS*PIRRKR,-1.32
RLRRSRT*PLRRRF,-0.96
EQQKRLS*SLSDPV,-0.07
VVKRSAT*LPLPAR,-0.38
GPQLPTS*PRLTAA,0.07
GQDHDFS*ESSEEE,0.24
DHDFSES*SEEEAP,-0.48
HDFSESS*EEEAPA,-0.48
AHLRWHS*GERPFV,-2.94
TKLHQLS*GSDQLE,-2.65
LHQLSGS*DQLEST,-2.82
SKQRSAS*QSSLDK,0.84
RSASQSS*LDKLDQ,0.84
PFTFSQS*TPIGLD,-0.23
RMSKSKS*DNQISD,2.04
ERSRKGS*SGNASE,0.31
RLVRAGS*RILDKL,0.4
FQQKAAS*LDERTR,0.0
DEDPIGS*PRLLSV,0.14
LLSVKGS*PKVDEK,-0.28
EPGEVPS*DSDEDG,-0.26
GEVPSDS*DEDGEH,-0.26
PIERSQS*PVHLRR,0.72
SLPRAKS*ELTLTP,0.15
ATQSQIT*PPGTPS,-0.9
PDPEPPS*PDSPTE,0.77
EPPSPDS*PTETFA,0.77
RKLRPVS*PEEIRR,-0.43
PPQRRHS*IEKETP,1.85
TLKRDRS*FSEHDL,1.25
RKANDES*NEHSDV,-1.74
HELDSAS*SEVN,-2.97
TDSKTAS*PWKSAR,-0.47
LNERWRS*LQQLAE,1.32
LNQAWSS*LGKRAD,1.32
RKRRPPS*PEPSTK,1.3
ASSRAQT*LPTSVV,0.36
ALQRKLT*GMERDL,-0.52
IQYSKHP*PPL,0.59
GPPGNWS*PRPPRA,-0.16
SRLTPVS*PESSST,1.12
GKRSRLT*PVSPES,-0.24
TSASPGS*PSVRSM,-0.51
CLNSPDS*PPRSDP,1.31
QIRRSTS*SSSDTM,-0.87
SISRHSS*LKNRLD,-0.8
PIPKKGT*VEGFEP,0.89
PPRHRRS*RSPVRR,0.22
RHRRSRS*PVRRRR,0.22
RKTRRLS*PSASPP,1.17
TRRLSPS*ASPPRR,-0.82
RLSPSAS*PPRRRH,1.17
RRRHRPS*PPATPP,1.68
PPKTRHS*PTPQQS,0.95
TRKSRVS*VSPGRT,-0.69
KSRVSVS*PGRTSG,-0.69
GTEKRES*PSPAPK,1.44
EKRESPS*PAPKPR,-0.65
PRKVELS*ESEEDK,0.45
KVELSES*EEDKGG,0.36
GRRRRHS*PSRSAS,1.7
RRRHSPS*RSASPS,1.7
RHSPSRS*ASPSPR,1.7
SPSRSAS*PSPRKR,1.7
RGRRRRS*PSPPPT,0.14
RRRRSPS*PPPTRR,0.14
PTRRRRS*PSPAPP,0.7
RRRRSPS*PAPPPR,-0.46
PRRRTPS*PPPRRR,0.62
PSPRRYS*PPIQRR,0.62
PIQRRYS*PSPPPK,-0.64
QRRYSPS*PPPKRR,-0.64
PKRRTAS*PPPPPK,0.99
PPKRRAS*PSPPPK,1.03
KRRASPS*PPPKRR,1.03
PPKRRVS*HSPPPK,1.02
KRRVSHS*PPPKQR,1.02
PPPKQRS*SPVTKR,-2.99
PVTKRRS*PSLSSK,0.11
TKRRSPS*LSSKHR,0.11
QPNKRHS*PSPRPR,0.8
NKRHSPS*PRPRAP,0.8
APQTSSS*PPPVRR,1.3
SPQRRQS*PSPSTR,3.18
QRRQSPS*PSTRPI,0.69
RPIRRVS*RTPEPK,0.38
KIKKAAS*PSPQSV,-1.99
KKAASPS*PQSVRR,-1.99
QSVRRVS*SSRSVS,-0.01
SVRRVSS*SRSVSG,-0.01
SSSRSVS*GSPEPA,-0.23
SRSVSGS*PEPAAK,0.58
KPPAPPS*PVQSQS,0.58
SPVQSQS*PSTNWS,0.58
PKKETES*EAEDNL,2.26
RPSPPAT*PPPKTR,-0.44
KTRHSPT*PQQSNR,0.26
PPRRRRT*PTPPPR,0.55
RRRRTPT*PPPRRR,0.55
PPPRRRT*PSPPPR,0.62
PPPKRRT*ASPPPP,0.99
IRRVSRT*PEPKKI,0.38
QSQSPST*NWSPAV,0.45
PEPKKET*ESEAED,0.92
SLSGSKS*PCPQEK,0.17
KGQSQTS*PDHRSD,1.12
TSPDHRS*DTSSPE,1.12
DHRSDTS*SPEVRQ,1.12
HRSDTSS*PEVRQS,1.12
RQSHSES*PSLQSK,1.12
GRSRSSS*PVTELA,-0.4
TELASRS*PIRQDR,-0.01
MLKSGMS*PEQSRF,0.01
QEDATAS*PPRQKD,-0.58
RQKDKFS*PFPVQD,0.94
HKELSNS*PLRENS,0.05
TRSSGHS*SSELSP,0.38
RSSGHSS*SELSPD,0.3
SNQSISS*PVLDAV,0.2
SRERSSS*ASSPEM,0.9
AFGISDS*YVDGSS,-1.94
RRSRSGS*SPGLRD,-0.27
RSRSGSS*PGLRDG,0.61
QTPRPRS*RSPSSP,-2.37
QRERSGS*ESSVDQ,-1.54
ERSGSES*SVDQKT,-2.2
RSGSESS*VDQKTV,-1.48
TPLGQRS*RSGSSQ,-1.81
LGQRSRS*GSSQEL,-0.5
QRSRSGS*SQELDV,-0.55
LRQRSRS*GSSPEV,-0.94
QRSRSGS*SPEVDS,-0.94
PEVDSKS*RLSPRR,-2.11
DSKSRLS*PRRSRS,-2.11
RRSRSGS*SPEVKD,-1.19
RSRSGSS*PEVKDK,-0.71
RRSRSGS*SSKGRG,-0.89
RSRSGSS*SKGRGP,-0.89
SRSGSSS*KGRGPS,-0.89
RTARRGS*RSSPEP,-0.85
ARRGSRS*SPEPKT,-0.85
RRGSRSS*PEPKTK,0.08
PPRRRSS*RSSPEL,-0.05
RRRSSRS*SPELTR,-0.05
RRSSRSS*PELTRK,-0.38
PPRHRRS*PSVSSP,2.35
RHRRSPS*VSSPEP,2.35
RRSPSVS*SPEPAE,2.35
RSPSVSS*PEPAEK,2.35
RRRRSAS*SPRTKT,-2.37
RRRSASS*PRTKTT,-2.37
TSRRGRS*PSPKPR,0.51
RRGRSPS*PKPRGL,0.51
PRGLQRS*RSRSRR,-0.84
GLQRSRS*RSRREK,-0.84
RRRRGGS*GYHSRS,-0.16
GGSGYHS*RSPARQ,-0.46
SGYHSRS*PARQES,-0.46
RRRRGRS*RTPPTS,-0.16
RSRSRTS*PAPWKR,0.73
PAPWKRS*RSRASP,-1.3
PATHRRS*RSRTPL,-1.23
THRRSRS*RTPLIS,-1.23
LISRRRS*RSRTSP,-0.25
SRRRSRS*RTSPVS,-0.25
RSRSRTS*PVSRRR,0.22
RSRSRTS*VTRRRS,0.11
SVTRRRS*RSRASP,0.26
TRRRSRS*RASPVS,0.26
RSRSRAS*PVSRRR,0.26
PVSRRRS*RSRTPP,-0.25
SRRRSRS*RTPPVT,-1.38
RSRSRTS*PITRRR,0.83
PITRRRS*RSRTSP,0.33
TRRRSRS*RTSPVT,0.33
RSRSRTS*PVTRRR,0.33
PVTRRRS*RSRTPP,-0.64
TRRRSRS*RTPPAI,-1.11
PAIRRRS*RSRTPL,0.85
IRRRSRS*RTPLLP,-0.39
LLPRKRS*RSRSPL,0.51
PRKRSRS*RSPLAI,0.75
KRSRSRS*PLAIRR,-1.7
TARGKRS*LTRSPP,1.22
KRSLTRS*PPAIRR,-1.71
PATRNHS*GSRTPP,-1.38
TRNHSGS*RTPPVA,-1.96
SCFSRPS*MSPTPL,-0.48
FSRPSMS*PTPLDR,-0.66
PLDRCRS*PGMLEP,-0.82
AAMNLAS*PRTAVA,-0.54
SGANLTS*PRVPLS,-2.32
RVSGRTS*PPLLDR,-0.34
LLDRARS*RTPPSA,-0.87
TSERAPS*PSSRMG,0.21
AQDQPRS*PVPSAF,-0.45
DKKRKRS*RSTTPA,0.0
KRKRSRS*TTPAPK,0.0
ALKRVPS*PTPAPK,1.42
RDSRSLS*YSPVER,-0.29
SRSLSYS*PVERRR,-0.47
RRRETPS*PRPMRH,-0.51
KSATRPS*PSPERS,-0.27
ATRPSPS*PERSST,-2.78
KVSRHAS*SSPESP,0.99
VSRHASS*SPESPK,0.99
SRHASSS*PESPKP,0.99
ASSSPES*PKPAPA,0.99
GSHREIS*SSPTSK,0.59
HREISSS*PTSKNR,0.59
SRRMGRS*RSPATA,0.52
RMGRSRS*PATAKR,0.52
PTKRGHS*RSRSPQ,0.83
KRGHSRS*RSPQWR,0.83
GHSRSRS*PQWRRS,0.83
AQRWGRS*RSPQRR,0.07
RWGRSRS*PQRRGR,0.07
PQRRGRS*RSPQRP,-0.62
RRGRSRS*PQRPGW,-0.62
PATRGRS*RSRTPA,1.11
TRGRSRS*RTPARR,1.11
TPRRGRS*RSRSLV,0.05
RRGRSRS*RSLVRR,0.05
GRSRSRS*LVRRGR,0.05
RRSRSNS*SPEMKK,-1.27
RSRSNSS*PEMKKS,-1.27
RRSRSLS*SPRSKA,-1.57
RSRSLSS*PRSKAK,-1.57
RLSLRRS*LSGSSP,0.49
SLRRSLS*GSSPCP,-1.48
RRSLSGS*SPCPKQ,-1.48
RSLSGSS*PCPKQK,-0.47
PCPKQKS*QTPPRR,0.89
QTPPRRS*RSGSSQ,-0.13
SQPKAKS*RTPPRR,-0.09
PRRSRSS*SSPPPK,-0.58
RSRSSSS*PPPKQK,-0.58
RQGSITS*PQANEQ,0.31
RRSCFES*SPDPEL,0.96
RSCFESS*PDPELK,1.42
PDPELKS*RTPSRH,0.77
RTPSRHS*CSGSSP,-0.05
HSCSGSS*PPRVKS,1.83
STPPRQS*PSRSSS,-0.07
SPSRSSS*PQPKVK,-0.6
KVKAIIS*PRQRSH,0.21
RTTPRRS*RSVSPC,-0.02
TPRRSRS*VSPCSN,-0.83
RRSRSVS*PCSNVE,-1.42
RSVSPCS*NVESRL,-1.88
LPRYSHS*GSSSPD,0.26
SHSGSSS*PDTKVK,0.26
RQSHSGS*ISPYPK,-0.91
SHSGSIS*PYPKVK,-0.91
PKVKAQT*PPGPSL,0.17
AGVKSST*PPGESY,-0.59
LDAVPRT*PSRERS,-1.36
KDGLPRT*PSRRSR,-0.9
PKALPQT*PRPRSR,-2.37
QKTVART*PLGQRS,-1.67
RRGRSRT*PPTSRK,-0.16
RRSRSRT*PLISRR,-1.23
RRSRSRT*PPVTRR,-1.38
RRSRSRT*SPITRR,-0.09
RRSRSRT*SPVTRR,-0.22
RRSRSRT*PPAIRR,-1.11
RRSRSRT*PLLPRK,-0.39
RGKRSLT*RSPPAI,-1.71
NHSGSRT*PPVALN,-1.96
DRARSRT*PPSAPS,-0.87
HKRRRET*PSPRPM,-0.51
PKQKSQT*PPRRSR,0.89
PKAKSRT*PPRRSR,-0.09
PKVKSGT*PPRQGS,0.87
ANEQSVT*PQRRSC,0.21
PRVKSST*PPRQSP,-0.07
TKVKPET*PPRQSH,-0.91
LRECELS*PGVNRD,0.44
NRRERFS*PPRHEL,0.56
PPRHELS*PPQKRM,0.56
WASEPGT*PPLPTS,1.17
KVDGPRS*PSYGRS,0.57
DGPRSPS*YGRSRS,-0.95
SRSRSYS*PRRSRG,-0.64
SYSPRRS*RGSPRY,-0.64
PRRSRGS*PRYSPR,0.66
RGSPRYS*PRHSRS,0.66
RYSPRHS*RSRSRT,-1.48
SPRHSRS*RSRT,-1.48
RRSRSRS*FDYNYR,0.28
DYNYRRS*YSPRNS,0.91
NYRRSYS*PRNSRP,0.91
RSRSWTS*PKSSGH,0.83
SPKRKLS*RSPSPR,0.88
KRKLSRS*PSPRRH,0.88
KLSRSPS*PRRHKK,0.88
DDYRRRS*PPPRRR,-0.57
DRRRERS*LSRERN,0.41
RRERSLS*RERNHK,0.41
ERNHKPS*RSFSRS,0.52
NHKPSRS*FSRSRS,0.52
MHRDS*CPLDCK,1.68
RTSHRRS*YSGSRS,1.23
SHRRSYS*GSRSRS,1.23
SKSRSRS*QSRSNS,0.85
SRSRSQS*RSNSPL,0.85
SRSQSRS*NSPLPV,-2.1
SQSRSNS*PLPVPP,-2.1
PPSKARS*VSPPPK,1.75
SKARSVS*PPPKRA,1.75
RRSRSIS*LRRSRS,-1.68
SISLRRS*RSASLR,-1.68
RRSRSAS*LRRSRS,-0.83
SASLRRS*RSGSIK,-0.83
SLRRSRS*GSIKGS,-0.56
RRSRSGS*IKGSRY,-0.56
SPRRSAS*PERMD,-0.65
SYGYSRS*RSGSRG,-0.62
SRSRSGS*RGRDSP,0.03
GSRGRDS*PYQSRG,-0.22
PYQSRGS*PHYFSP,-0.01
GSPHYFS*PFRPY,-0.73
KKTKFAS*DDEHDE,1.14
TNPFYNT*M,-0.73
EVTRKLS*EADNRK,0.34
YDEYADS*DEDQHD,3.77
FVSSDES*SSGENK,-0.25
VSSDESS*SGENKS,-0.25
NPSYDEY*ADSDED,0.51
MPSS*PLRVAV,-1.48
RKKGDDS*DEEDLC,1.86
RGDRNGS*PGGTGM,-0.12
NGDLQNS*PPPACR,-0.4
RMHEFHS*QENLVV,1.04
TFPKALS*IESLSP,-0.02
DNLLPMS*PEEFDE,2.7
TIDLPMS*PRTLDS,-0.82
QRDLTHS*DSESSL,0.34
RKSRPVS*MDARIQ,1.88
EQGGDLS*PAANRS,0.13
VRVRRAS*ISEPSD,0.16
VRRASIS*EPSDTD,-0.08
ASISEPS*DTDPEP,-0.08
RAGRGLS*GPCRPP,-1.92
EEEEENS*DEDELD,3.41
EKLLTRT*PDIAQR,0.84
QDDEENS*EEDEMD,2.44
ELEKRAS*GQAFEL,-1.79
AFELILS*PRSKES,-2.06
VPEFPLS*PPKKKD,-1.18
RNMRAAS*PPASAS,-2.06
RCTVDGS*PHELES,-1.31
GGGGGGS*PGPTAG,3.35
NPPVEDS*SDEDDK,1.48
PPVEDSS*DEDDKR,1.48
LGAGGGS*PEKSPS,0.38
GGSPEKS*PSAQEL,0.19
ADENYNS*VNTRMR,0.95
LRQGDDS*SDEEDK,0.26
RQGDDSS*DEEDKE,0.26
RASSRVS*GSFPED,1.66
ETSRALS*SSKQSS,-0.57
HQHGYDS*DEEVDS,3.43
SNMKRLS*PAPQLG,-1.05
GGFAPMS*PRISSP,0.35
DPVPGIT*PSSSSR,0.42
MDGDGPR*PREAFW,1.74
GSAKELS*PAALEK,0.56
MSEFLES*EDGEVE,1.62
VMKRKFS*LRAAEF,0.2
RQAHDLS*PAAESS,1.39
MNARYQT*QPVTLG,-0.52
EAVRPKT*PPVVIK,0.54
QESRRLS*AQFENL,0.38
PSEDEEG*QDDKDF,0.94
MSRALPS*EDEEGQ,0.94
NIIRSKT*PTGPEL,0.39
EDEKEAS*ENETDM,3.39
LLGQRES*PGELIS,0.46
MES*GAYGAA,1.17
MVKKSAS*DASISS,-0.55
TNVRTFS*PTYGLL,-2.18
RHIMSRS*PMVERR,-0.74
APRDRAS*PAAAEE,0.53
ELARCPS*PTMSLP,-0.33
VSPRAAS*PAKPSS,-0.64
SHKRSLS*LGDKEI,-0.1
KETSFGS*SENITM,-0.69
RKRILGS*ASPEEE,1.51
RILGSAS*PEEEQE,1.51
ESRKSKS*PPKVPI,-0.77
GAGGRLS*PENNQV,1.96
RSIRSPS*LSD,-0.15
IRSPSLS*D,-0.15
KKKYIES*PDVEKE,0.86
GTNRGAS*QAGMTG,-0.94
AKGVSMS*LPSSPL,-2.09
SMSLPSS*PLLPRQ,-2.09
EKASSPS*GKMGGE,-0.16
KSVGGDS*DTEDMR,0.26
GFRRQQS*KSNNVE,1.28
TGGNARS*PEDQLG,0.82
PAPRSRS*PLLVTV,-1.14
KRVFPLS*PASNLR,-1.96
LRRRSAE*PSDREP,0.55
PMRKSFS*QPGLRS,-0.52
KLMRYHS*VSTETP,1.06
GAPAAPS*PPPRGS,2.06
AAGGAPS*PPPPVR,0.48
REMEKGS*PSLRH,1.6
LYARKDS*SSVVEW,1.09
VSEGCAS*EDEVEG,0.92
PRRRHAS*APSHVQ,0.0
MRGRLGS*VDSFER,-0.58
KVERQFS*TASDHE,1.07
RQFSTAS*DHEQPG,1.24
QPASPAS*PLSSRQ,-1.22
KLFQKNS*PMEDLG,0.95
VERQFST*ASDHEQ,1.07
AEKLKMS*PGRSRG,-0.46
KGQRSLT*PPPSST,1.04
PAAARAP*SAKGTI,-1.3
SRKRKLS*GDQPAA,-0.24
GGEASVS*PEKTST,-2.38
SVSTKES*PARKAA,-1.32
SAPAKES*PRKGAA,0.15
LAPAKES*PRKGAA,-1.15
EAASGTT*PQKSRK,-0.79
GKVGDVT*PQVKGG,-1.93
RVQRPHS*SPPRFV,0.43
QELSMGS*PGPVTN,-1.07
TQALPAS*PALKNK,-0.17
LGDAPVS*PSSQKL,-0.85
PAKRRLS*TLILHG,0.38
QELSGSS*PKRRRA,-1.49
APPEPGS*PAPGEG,1.07
GIGLDES*ELDSEA,0.03
DESELDS*EAELMR,0.03
VSGSLKS*PVPRSD,0.16
DSQDDES*DSDAEE,1.04
QDDESDS*DAEEEQ,1.04
SAVSELS*PRERSP,1.06
LSPRERS*PALKSP,-2.05
RSPALKS*PLQSVV,-2.05
KEKGSFS*DTGLGD,2.25
PFRGSQS*PKRYKL,1.62
SRSRSRS*YSPAHN,0.74
VQEKSSS*PPPRKT,0.28
SRSRSYS*PAHNRE,0.74
VNVRMDS*FDEDLA,1.36
HRRIDIS*PSTFRK,0.7
AHDEMKS*PREPGY,2.1
KEKQRKT*EELEEE,1.21
EWDPEYT*PKSKKY,-1.12
FRERSMS*TLTPRQ,-0.17
DKDQQPS*GSEGED,1.35
DQQPSGS*EGEDDD,1.35
VPGEQGS*DEEHCK,1.8
KKAGLAS*PEEEDA,0.06
KRQLLDS*DEEQEE,2.97
KPVFSES*LSD,0.47
PDPEPVS*DNEEDS,2.78
SDNEEDS*YDEEIH,2.78
PKAIPVS*PSAVEE,1.46
SASRERS*LSPRSD,0.24
SRERSLS*PRSDRR,0.24
DRRSVAS*SQPAKP,-0.42
RRSVASS*QPAKPT,-0.44
PPRRSRS*RSPDQR,-0.23
RRSRSRS*PDQRSE,0.48
KRNLRKS*REDLSA,0.51
PIHRIDS*PGFKPA,0.05
TRGSYGS*DAEEEE,0.28
HGGRSRS*WEDSPE,0.85
SRSWEDS*PERGRP,-0.01
DRSRGRS*LERGLD,0.06
DYERAYS*PEYRRG,0.62
ESIRKPS*PEPRAQ,-0.02
KKKILAT*PPQEDA,1.29
ALNRCVS*CLPGQR,3.39
ASKRLLS*DSLPPS,-1.26
TELVQAS*RGTPQD,0.42
GHSRTVS*DSIKKL,0.98
VQNAAGS*QEKLAQ,-0.28
MLEDSVS*PKKSTV,-0.63
VQASRGT*PQDLAR,0.41
EKTLLLS*SDDEF,-2.31
KTLLLSS*DDEF,-2.31
GLRRRGS*DPASGE,0.38
ELQAAKK*VHTSKG,-1.41
REQGTES*RSSTPL,0.28
TESRSST*PLPTIS,0.62
NAIRQRS*LGPSLA,1.1
RSQASPS*EDEETF,1.29
CHQRSKS*DPSRLV,-0.94
PSRLVRS*PSPHSC,-2.55
RLVRSPS*PHSCHR,-2.55
LEGNADS*AMS,-0.33
PGQQDWS*RDFCIE,3.92
VSGAGFS*PSSKME,-0.01
RASRVPS*SDEEVV,0.45
ASRVPSS*DEEVVE,0.16
LRPRNRS*AEEGEL,1.31
TLFRGWS*QEGPVK,2.04
QDLCRAS*PEPPGP,1.71
LDDLLAS*PPPSGG,-0.69
QLGTQRS*QEADVQ,1.66
EFGKRDS*LGTYSS,1.43
DHHGRYS*SQDADE,0.9
HHGRYSS*QDADEQ,0.07
KPAQLGT*QRSQEA,1.42
NSDINGK*GSTGWE,1.07
GGSFVSP*SPLSTS,-3.27
ILSADST*SVGSFP,-3.0
SDQGPRT*PTQPLL,-1.88
SLGRHPG*AHQGNL,-0.14
LASGLHS*NAIASP,-1.56
GALASER*ETDILD,-1.01
SSPILSA*DSTSVG,-3.0
DGASPRS*PVPTTL,-0.9
TLPRSFS*LDPLME,0.67
SKVMIGS*PKKV,-0.55
AKVRKKS*SSDPGI,-0.44
TGRQGSS*AEQPLG,-0.06
GRLRKLS*LGQYDN,-1.23
AVGMSES*PIGPKS,-2.62
TDLDMLS*PIHTPQ,0.81
RLPNLSS*PSAEGP,1.22
LLDLSPS*PRMPRA,0.27
TKNRVPS*AGDVEK,0.77
TPEGRAS*PAPGSG,0.31
QAHVRVS*PGQAAP,-0.55
MAEVLPS*PRGQRV,-3.06
KKSKGES*DDFHMD,-0.17
IKYLEES*DEDDLF,1.43
AKKRKAS*GSENEG,-0.91
KRKASGS*ENEGDY,-0.91
RGDRVYS*PYNHRH,0.73
GLRDSHS*SEEDEA,0.3
LRDSHSS*EEDEAS,0.3
QPMKPIS*PVKDPV,0.84
PVKDPVS*PASQKM,0.56
VIQGPSS*PQGEAM,0.21
PGDDTES*LHSQGE,1.28
DTESLHS*QGEEEF,1.28
GGPGKLS*PRKGVS,-0.46
LGIEDIS*PNLSPD,-2.71
DISPNLS*PDDKSF,-2.71
ALRRSDS*PEIPFQ,0.42
SEDMPFS*PKASVA,0.41
SDLVAPS*PDAFRS,0.01
EIEPKNS*PEDLGL,2.0
EDTEPMS*PVLNSK,3.03
TLRKNQS*SEDILR,-0.47
PLMKKHS*QTDLVS,-2.01
NSATFKS*FEDRVG,-0.15
APRAPQS*PRRPPH,0.92
EELAAMS*PTAAAV,0.54
PLTVPVS*PKFSTR,-2.8
RRSRSHS*PMSNRR,0.82
EYRRRRS*RSHSPM,0.82
RRRRSRS*HSPMSN,0.82
ITKRAHT*PTPGIY,-0.13
SRSRSYT*PEYRRR,-0.07
QIYRRRS*PSPYYS,0.57
YRRRSPS*PYYSRG,-0.95
SRSRSRS*YSPRRY,-0.36
SRSRSYS*PRRY,-0.45
RRSRSRS*YSRDYR,-0.76
SRSRSYS*RDYRRR,-0.76
DYRRRHS*HSHSPM,-1.25
RRRHSHS*HSPMST,-1.59
RHSHSHS*PMSTRR,-1.59
ITKRPHT*PTPGIY,1.02
RVKRQDS*MEALQM,0.44
SQPQETS*PELPRR,-2.24
RPGCQPS*SPCVPK,-2.35
RRLHPPS*PVPQGV,0.66
SEDNKFS*DDSDDD,1.03
NKFSDDS*DDDFVQ,1.03
RKKRLKS*IEERQL,0.78
QDHPLQP*PVRDLL,0.77
ARASAPS*PNAQVA,0.98
GVKRSRS*GEGEVS,1.35
ASAAASS*PAGGGA,0.7
EGPRLAS*PSGSTS,0.16
RRKRLKS*DERPVH,0.81
RGGIPAS*PIDPFQ,1.87
LREVKLS*PEGQKV,1.48
SPVRRLS*SGKADG,-0.66
PVRRLSS*GKADGH,-0.66
TLKKSTS*WHTALR,1.05
LSNRGDS*LSRHAR,0.72
AEDERES*TDDESN,2.64
TAPTKTS*PRNAKK,-2.45
RRSRSAS*SPSPRR,-1.13
RSRSASS*PSPRRS,-2.43
RSASSPS*PRRSSR,-2.43
KSTKKRS*ESPPAE,0.0
TKKRSES*PPAELP,0.16
GVKRSAS*PDYNRT,0.53
EDEREST*DDESNP,0.8
KRGRAQT*APTKTS,-2.45
IPNMLLS*EEETES,0.5
SEEETES*,0.52
LRRRRGS*GVFCAN,0.44
VFGRSQS*LPGADS,3.22
PRGGFDS*PFYRDS,-0.52
DRVRSMS*GGHGLR,-1.06
FRARSTS*LNERPK,-0.47
GGSGART*PPLSRR,1.13
KDVNSSS*PVMLAF,0.53
AHRSPAS*PRVPPV,-1.73
FRNKSSS*PEDPGA,-0.79
LERLPNS*IASRFR,1.11
LTMKKQS*GMHLTL,0.84
TIKTKRS*IQFVDW,0.86
PLTSRGS*QQYRAL,0.24
VFTRRGS*MFYDED,0.54
DSSGYQS*DHKKKK,0.45
KKKRKHS*EEAEFT,-0.41
TPPLKCS*PKRKGK,-2.13
QRHIALS*PRYLNR,-1.77
SEEAEFT*PPLKCS,-0.41
LENDPGS*NEDTDI,3.34
HGGLIRS*PRHEKK,-0.49
ERKRRHS*TSPSPS,-0.34
KRRHSTS*PSPSRS,-0.34
RHSTSPS*PSRSSS,-0.34
SGRRVKS*PSPKSE,0.26
RRVKSPS*PKSERS,0.26
SKKRRVS*GPDPKP,0.41
IKKRAPS*PLPKMA,1.55
APPPPSS*PLPSKS,-1.7
TSAPQMS*PGSSDN,0.02
PSSISSS*PQKDLT,-1.65
AKNTSMS*PRQRRA,-1.63
SGRYRGS*VHFGLV,0.22
LTGSPTS*PTVEPE,0.56
LIHGEDS*DSEGEE,-0.75
HGEDSDS*EGEEEG,-0.75
SLSRSQS*MDIDGV,2.52
VSSLSSS*PSNSLE,-0.76
QQVRTGS*TSSKED,0.05
SQYRALS*VLGCGH,3.16
PQQRRIS*QSQPVR,0.93
QQSRDLS*LEVDRD,1.11
LWVKSLS*PQDRAA,-0.49
SRKRQAS*ESSSRP,-1.21
PRKRTTS*QCKSEP,-1.71
GVEPSPS*PIKPGD,-1.33
FSGEGQS*LRKKGR,0.59
GPSRAGS*PRRTSK,-1.97
IERNLQS*PTQFQT,-2.08
PFGRSFS*TSRLTD,-2.1
PERRAIS*PTSSSR,-0.77
CPYYHNS*KDRRRS,0.69
GGVTGLS*QY,-0.83
FVCVGGS*PSRMKA,0.06
TKNRPGS*ALEKEV,0.33
SHRRGQS*PLPRQR,-0.01
PRTHPYS*PKSEAP,2.19
AGQPEGG*PGADFG,-0.79
EIMEEES*EQ,1.04
GPSTPKS*PGASNF,-0.2
VADEGES*ESEDDD,0.61
DEGESES*EDDDLK,0.61
DQGGGGS*PRKKVA,-0.5
RVSDQNS*PVLPKK,0.86
CQHKPLT*PQGDEL,1.37
RGSSSSS*PEHSAS,0.92
HRARAVS*PAPQSS,-0.82
REVDEDS*EPEREV,1.56
VLLPEQS*PVSYSK,0.4
CQHKPLT*PQGDEL,1.37
KLKRSYS*SPDITQ,0.01
FLERSHS*ARMTLA,0.02
FLERSHS*ARMTLA,0.02
KKETVNS*PAIYKF,-1.18
DNGQPGT*PDPADS,2.4
FSGGIPS*PDKGHR,-1.73
NLLEDDS*DEEEDF,1.4
WEKNSTT*LPRMKS,0.85
AAAAAAS*PPLLRC,-0.35
ARGQGSS*PVAMQK,0.75
ARGEGES*PQARAL,0.53
LVAGATS*IARRAN,0.25
AAQMLQS*DPYSVP,3.19
SFLDSGY*RILGAV,0.26
ATNRPNS*IDPALR,0.65
KLAIRES*IESEIR,-0.36
FLKFGMT*PSKGVL,0.16
TFDSSFS*PNTGKK,0.49
TFDTTFS*PNTGKK,0.86
GAEDKRS*QEETPG,1.05
YRRQVQS*LTCEVD,-1.24
TSTRTYS*LGSALR,-1.38
RTYSLGS*ALRPST,-3.36
RETNLDS*LPLVDT,1.63
QVINETS*QHHDDL,-2.35
RSLYASS*PGGVYA,-3.49
MSTRSVS*SSSYRR,0.04
AVRLRSS*VPGVRL,-1.69
ISHDRDS*PPPPPP,1.33
FLSEPSS*PGRTKT,0.49
EDQFNGS*PPRPQP,1.02
DEVSIGS*APLAKQ,0.59
RKEDEVS*IGSAPL,0.59
RDSRAQS*PVSGPN,0.36
FHQRFES*PESQAS,-1.91
QGHEPVS*PRSLQR,-1.1
RSSSQRS*PSPGPN,-1.13
SSQRSPS*PGPNHT,-1.13
RDAGDPS*PPNKML,-0.63
MLRRSDS*PENKYS,0.63
IPAGAVS*VFLGDT,-2.05
DVFGAAS*VPSMKE,-2.05
TQKGLFS*DEEDSE,0.42
ASALLFS*SDEEDQ,0.3
SALLFSS*DEEDQW,0.3
SVFLGDT*DVFGAA,-0.26
IPAGAVS*VFLGDT,-2.05
DVFGAAS*VPSLKE,-2.05
TQKGLFS*DEEDSE,0.42
ASALLFS*SDEEDQ,0.3
SALLFSS*DEEDQW,0.3
SVFLGDT*DVFGAA,-0.26
KLSRVSS*GFGLSK,-0.56
GRPRQRS*HILEDD,0.18
LEDDENS*VDISML,0.54
QRYGPLS*EPGSAR,-0.24
GSARAYS*NSIVRS,0.2
RLSKRNS*TDSRPV,0.98
PLPRSNS*LPHSAV,-0.3
KKKKRLS*QSDEDV,0.05
SIRRTNS*SEQERT,1.37
VESKRKS*GGNEVS,-1.66
QRPRSNS*GRELTD,0.6
TDQDDPS*SSDDEG,1.86
DQDDPSS*SDDEGM,1.86
QDDPSSS*DDEGMP,1.86
KKNRELR*PQRPKN,-0.04
TMHRAVS*PTEPTP,0.82
LSKARGS*PPTSSN,-0.55
MFAQVES*DDEEAK,2.92
MRKET*PPPLVP,1.08
NASLSQS*PRVGFL,-1.37
PLTRASS*AGPEGG,1.12
MLERLVS*SESKNY,1.25
PVKPPPS*PVNIRT,0.07
RLNRSDS*DSSTLS,0.86
TIIRSKT*FSPGPQ,-0.25
RLNRSDS*DSSTLA,0.25
EPDLRCS*PVNSHL,-0.51
VIVRSQT*FSPGER,-1.0
RELAEER*AKLEYT,-0.82
QHVRSHS*SPASLQ,-0.62
IKDEALS*DGDDLR,3.56
QQQLLAS*PGSSTV,1.1
TEKIMAT*PEQVGK,1.3
TPHALGS*RNSPGS,-1.72
KRKAEDS*DSEPEP,0.61
KAEDSDS*EPEPED,0.61
PEPKSHS*RQASTD,-1.31
SHSRQAS*TDAGTA,-1.31
QHVRAHS*SPASLQ,-1.36
PPLAPQS*PQGGVM,-2.82
NPSTANS*PKCQEL,-1.98
TQNPVSS*PGMSQE,-0.08
PPRRAGS*QERGPL,1.79
PLRRAGS*RERIPP,0.27
RLFRPPS*PAPAAP,-3.93
GAVQAAS*PERAGW,-1.06
PERRAKS*PTPDGS,0.57
KRARGIS*PIVFDR,-0.78
ESHHGGS*PIHWVL,0.54
RRAKSPT*PDGSER,0.57
HRLRSFS*ASQSTD,0.21
TDREGAS*PVTEVR,-0.01
APAQPSS*PDARRN,0.63
LPPVPAS*PTCNPA,-0.24
TSGRLRS*PSNDSA,-0.3
GRLRSPS*NDSAHR,-0.3
IIKKEVS*PEVVRS,0.88
VVRSKLS*PSPSLR,-0.75
RSKLSPS*PSLRKS,-0.75
KTSAVSS*PLLDQQ,-0.33
KGPRTPS*PPPPIP,-0.16
DKPRSTS*PAGQHH,-0.16
PAGQHHS*PISSRH,-0.16
SSIQRHS*PSPRRK,-0.47
IQRHSPS*PRRKRT,-0.47
RFVHGPS*PRGKGY,-2.37
SSNYRRS*PERPTG,1.19
RYRNEGS*PSPRQS,-1.15
RNEGSPS*PRQSPK,-1.15
SPSPRQS*PKRRRE,-1.15
QESRSLS*PSHLTE,0.22
EDGQVFS*PKKGQK,-0.07
KKKGPRT*PSPPPP,-0.16
SYQRTLT*PPLRRS,0.93
QPDKPAS*PKFIVT,0.79
RRIPVLS*PKPAVA,-0.96
KLGVSVS*PSRARR,-1.09
AKRPNTS*PDRGSR,0.09
SGGRLGS*PKPERQ,-1.47
DRKRQLS*PQSKSS,0.34
RKYREYS*PPYAPS,0.27
SAPNWKS*LTSWTN,-2.62
ENTDNSS*PSTEHS,1.68
LPLVPES*PRRMMT,-0.2
SQDATFS*PGSEQA,-1.55
ATFSPGS*EQAEKS,-1.55
SEQAEKS*PGPIVS,-0.99
IVSRTRS*WDSSSP,0.48
RSWDSSS*PVDRPE,-0.69
PEPEAAS*PTTRTR,-1.32
GLEVPSS*PLRKAK,-1.43
KRARLCS*SSSSDT,-0.61
RLCSSSS*SDTSSR,-0.46
EHLKEDS*SEASSQ,-0.51
HLKEDSS*EASSQE,-0.51
EDSSEAS*SQEEDV,-0.51
DSSEASS*QEEDVL,-0.51
LFPADTS*PSTATK,-0.68
KLSRGDS*LKEPTS,0.53
PTHREPS*PVRYDN,-1.01
EKLLRQS*PPLPGR,-1.56
RSCGTDS*QSENEA,-3.53
CGTDSQS*ENEASP,-3.14
QSENEAS*PVKRPR,-3.14
QNSGRMS*PMGTAS,0.26
MMRLDSS*PVSSPR,-2.44
PIFSRLS*ISDD,-1.04
FRDRSFS*EGGERL,0.09
RKRRRDS*DGVDGF,1.32
LAERKVS*PIKINL,-2.99
PGVDSLS*PVASLP,-0.22
YELDEDT*D,2.46
SAPTAPT*PPPPPP,0.14
RVTQHES*DNENEI,0.66
ELAKAKS*EDSDVE,0.81
KAKSEDS*DVELSD,0.81
DSDVELS*D,0.81
NFDMTAS*PKILMS,-0.08
AHVPENS*DTEQDV,-0.73
VPENSDT*EQDVLT,-0.73
FSRLRRS*LDDKPY,2.42
LQRVNAS*PAGRRK,-0.05
RGGDAKS*PVLQEK,1.96
VSPAHRS*PTVLCQ,0.28
RSVRIPS*PNILKT,1.13
RDTHPGS*PGSPGP,-1.05
SKPIGVS*KPVTIG,-0.24
GKPVGVS*KPIGIS,-0.24
RLVEPHS*PSPSSK,-2.72
VEPHSPS*PSSKFS,-2.72
KAQPSMS*PKKAPP,-1.64
TQVTEQS*PKVQSR,-1.09
KAVIVSS*PKAKAT,-1.83
YMYRPRS*RSPRIC,-1.97
YRPRSRS*PRICHR,-1.97
RNPFRGS*PKCFRS,-0.32
SPKCFRS*VSPERM,-0.32
KCFRSVS*PERMSR,-0.59
AQEAAGS*PRVQFQ,-0.04
EAAEARS*PAPGYK,-0.32
RIHVSRS*PTRPRV,-0.78
LQLGAQS*PGRGTT,-1.6
CGKSCDS*PLNLKT,-1.86
LRGCSAP*PSRLAS,-1.1
PRLVIGS*LPAHLS,0.02
AAPRSRS*LGGAVG,-1.64
AKTEEDG*PANTEQ,1.51
KKERARS*PDLGPQ,0.93
NGRGWGS*PGRPKK,-0.37
PGDSEPP*PAPGAQ,-3.2
RGPPASS*PAPAPK,-1.56
APAPKFS*PVTPKF,-2.16
PVASKFS*PGAPGG,-3.84
LSAGTGS*PQPPSF,-3.95
RLLSFRS*MEEARL,0.06
