Sequence,log2FC,ProteinAccession,Position,PhosphoSiteID
VIAHRLS*TVRNAD,,P08183,590,S590
PFPRSNS*TSSMSS,,P42684,783,S783
RQRRASS*PGYIDS,,O94929,373,S373
PRARRFS*SGGEED,inf,O94929,503,S503
QQKSGVS*ITIDDP,,Q9UKV3,990,S990
HGLPRCS*PYKKLT,-inf,P55265,491,S491
TNIIKKS*SDNLGK,,Q86SQ4,1153,S1153
KSLSSSS*IGSNST,,Q86SQ4,1165,S1165
DETRSLS*PGAASS,,Q6ZN18,141,S141
KNKRRRS*LPRPHD,-inf,Q6ZN18,390,S390
EPKSGTS*SPQSPV,-inf,Q8N556,664,S664
QVKRHAS*SCSEKS,,Q8TED9,583,S583
RHASSCS*EKSHRV,,Q8TED9,586,S586
NRADHRS*SPNVAN,,P55196,1172,S1172
ERQRLFS*QGQDVS,-inf,P55196,1799,S1799
SKSRSSS*PGKPQA,,Q9UHB7,180,S180
EASISGS*KGDLKS,,Q09666,5739,S5739
KKPRHRS*NSFSDE,,Q09666,5780,S5780
EFSGPST*PTGTLE,,Q09666,5794,T5794
TPRKPES*PYGNLC,,Q9UKA4,422,S422
GEERVDS*LVSLSE,,Q12802,1642,S1642
RVDSLVS*LSEEDL,,Q12802,1645,S1645
ALQLSNS*PGASSA,,Q12802,983,S983
VLFRSNT*EEALKG,inf,Q12802,2411,T2411
LTGDVKT*SPPRTA,,Q9H8T0,29,T29
ILAADES*TGSIAK,,P04075,36,S36
NAQVPDS*AGTATA,,P05186,110,S110
AGTATAY*LCGVKA,,P05186,117,Y117
NARMDTS*,,Q86V81,257,S257
ALSRAHS*PALGVH,-inf,Q9H1A4,355,S355
ISSHNQS*PKRHSI,-inf,Q9H1A4,377,S377
SLLLQHS*PALKAI,-inf,Q53RE8,153,S153
SEEKAAS*PPRPLL,-inf,Q9NQW6,182,S182
GVSKTQS*LPVTEK,,Q9NQW6,485,S485
RAESGDS*LGSEDR,-inf,Q9NQW6,661,S661
HSSVMAS*PGGLSA,-inf,Q9NQW6,927,S927
RSTPHRT*PIITPN,-inf,Q9NQW6,397,T397
HRTPIIT*PNTKAI,-inf,Q9NQW6,401,T401
PPSAYGS*VKAYTN,,P07355,26,S26
ATLRYAS*LKLRNA,,Q92870,393,S393
SGRQSPS*QNERWA,inf,P25054,1044,S1044
SVKSELS*PVARQT,-inf,P25054,2283,S2283
VHMVSTT*APMDSN,,P10398,224,T224
HHHLLQS*PVSHHE,-inf,Q9Y6D6,234,S234
LLQSPVS*HHEPES,-inf,Q9Y6D6,237,S237
SHHEPES*PQLRYL,-inf,Q9Y6D6,243,S243
TLGRHYS*QDCSSI,inf,Q9P227,598,S598
ELPGSSS*PLLAQP,-inf,Q9C0H5,286,S286
AVSRACS*TPHVQV,,O43182,820,S820
SDPGLDS*PRTSPV,,O15085,251,S251
LDSPRTS*PVIMAR,,O15085,255,S255
GESSGGT*TPVGSF,,O15085,1461,T1461
RSLENPT*PPFTPK,,O15085,668,T668
ALTDKHS*DKS,,Q9NZN5,1541,S1541
SCPGSRC*PVQEQR,-inf,Q8N4T4,10,C10
PASAGRT*SWPPAT,,Q12774,896,T896
ASEKPVS*PKSGTL,inf,Q14155,249,S249
QGPGGPT*QAPPYP,-inf,Q8NFD5,1555,S1555
MGLLS*ILRKLK,,P36405,5,S5
DELSRES*SPDIEE,,Q5H9R4,1891,S1891
ELSRESS*PDIEEI,,Q5H9R4,1892,S1892
EEDGTGS*PQLNNR,inf,P49407,412,S412
MTRARRS*QVEQQQ,-inf,Q6PL18,1302,S1302
ELPRPQS*PSDLDS,,P54259,101,S101
YGKRAPS*PGAYKT,inf,P54259,645,S645
VKLVHDS*LEDLQM,inf,Q9H7F0,817,S817
YSGVKNS*LKEANH,,P20020,17,S17
ETVDQNS*DSDEML,,P46100,729,S729
VDQNSDS*DEMLAI,,P46100,731,S731
GSGRQNS*PRMGQP,,Q99700,513,S513
GAKTLSS*PSNRPS,-inf,Q8WWM7,424,S424
RHSSHPS*PAPVLP,-inf,Q8WXX7,856,S856
EVAEPSS*PTEEEE,inf,Q9NWV8,8,S8
VASGVLS*PPPAAP,,Q8IXM2,110,S110
NNTPENS*PNFPNF,-inf,Q9NRL2,1371,S1371
GLRHMSS*MEHTEE,inf,Q9H6U6,850,S850
SDDSSAY*RSVDEV,,P12694,345,Y345
KVKRDRS*VSVDSG,inf,Q86UU0,116,S116
RSVSVDS*GEQREA,-inf,Q86UU0,121,S121
LPDVKPS*PINLRK,-inf,A2AJT9,402,S402
DRKRKVS*GDSSHT,,Q6W2J9,1139,S1139
TAIKSLS*IEIGHE,,O15155,50,S50
SPGGRTS*PEARGR,,Q8TD16,574,S574
SSKGSSS*LDRLYS,,Q9NR09,2222,S2222
VFQHAVP*QEGKPI,,Q13867,58,P58
ERNKSVS*PTVNPM,-inf,Q13873,515,S515
HPKRSVS*LSMRKS,,O60238,166,S166
EKRRTKS*LLEEKL,inf,Q8NFC6,902,S902
PRRRCAS*ESSISS,inf,O95696,852,S852
RVHGEPT*SDLSDI,,O95696,1051,T1051
ASASYDS*EEEEEG,inf,Q15059,563,S563
EKINSFS*PQKPPG,,Q9BX63,206,S206
ENMVVPS*RDGKFS,-inf,O43683,649,S649
HDTPDSS*PRRVRH,,Q9BRD0,127,S127
GDVITDS*PTHKRN,,Q14CZ0,266,S266
SSCPSMS*RREFRK,,Q8IYL3,219,S219
GEETLES*DDEKDE,inf,Q8N6N3,158,S158
ATLPVGS*PSRPLS,,O14523,374,S374
EAGLSQS*HDDLSN,-inf,O14523,662,S662
HLSLKGS*PLTERK,inf,Q4AC94,1652,S1652
AGGRRLS*SFVTKG,,P27708,1406,S1406
HGKDPAS*LLASEL,,Q5T5Y3,872,S872
QKGIVRS*PCGSPT,,Q13191,521,S521
VRSPCGS*PTGSPK,,Q13191,525,S525
CGSPTGS*PKSSPC,,Q13191,529,S529
TGSPKSS*PCMVRK,,Q13191,533,S533
ERLTWHS*CPEDEA,inf,Q13185,176,S176
IPYPGRS*PQDLAS,-inf,Q9HC52,110,S110
SSKESPS*PSVREQ,,Q5T0F9,530,S530
PEPGAAS*PQRQQD,-inf,Q9H6F5,91,S91
MDT*PLRRSR,-inf,Q9H6F5,3,T3
DDDLVES*L,inf,P51946,322,S322
LTKKYSS*CSTIFL,,Q8N7R7,122,S122
KYSSCST*IFLDDS,,Q8N7R7,125,T125
ENVAPRS*GATAGA,inf,P50991,9,S9
LGPKTQS*VEITKT,inf,Q9Y5K6,256,S256
GKHSLDS*DEEEDD,inf,O95400,49,S49
QQSLSGS*PLQPIP,,O15446,128,S128
AAGPAPS*PMRAAN,-inf,Q12834,41,S41
NPSGPPS*PNSPHR,inf,Q9Y5S2,1690,S1690
EFFRANS*TSDSVF,,Q9UKI2,89,S89
VKALPLS*PRKRLG,-inf,Q99741,54,S54
AVGARGS*PETNHL,,Q69YH5,98,S98
IPIRVYT*HEVVTL,,P06493,161,T161
FPGRRIS*AEDGLK,inf,Q9UQ88,701,S701
FPGRRIS*AEDGLK,inf,P21127,713,S713
ERGGDVS*PSPYSS,inf,Q14004,383,S383
GLDDSRT*NTPQGV,,Q14004,1056,T1056
DDSRTNT*PQGVLP,,Q14004,1058,T1058
KASNTST*PTKGNT,,Q14004,494,T494
RVQRTQS*TFDPFE,,O94921,78,S78
QVKRVHS*ENNACI,,O94921,95,S95
VPVRTYT*HEVVTL,,P24941,160,T160
MAARANS*LQLLSP,,O76039,641,S641
GEQAEGS*PGGPGD,-inf,P38936,130,S130
PLKRSSS*ETILSS,,Q01850,311,S311
LVRWKGY*DSEDDT,,Q9Y232,86,Y86
LDDHPES*DDEENF,inf,Q03701,629,S629
GRIRQPS*VDLTDD,,Q5SW79,1019,S1019
VTKSKTS*PVVSGS,-inf,Q5SW79,1079,S1079
RRTRLGS*LSARSD,,Q5SW79,1160,S1160
GSLSARS*DSEATI,,Q5SW79,1165,S1165
FPTDYAS*TSEDEF,,Q5SW79,1239,S1239
TDYASTS*EDEFGS,,Q5SW79,1241,S1241
STQKRKS*FTSLYK,-inf,Q5SW79,958,S958
QPSVDLT*DDDQTS,,Q5SW79,1023,T1023
PTDYAST*SEDEFG,,Q5SW79,1240,T1240
LEALPHS*HKTSPM,,Q9BV73,2128,S2128
PHSHKTS*PMEEQS,,Q9BV73,2132,S2132
KQHSSTS*PFPTST,,Q13111,310,S310
SPFPTST*PLRRIT,,Q13111,316,T316
KPFPAVS*PEPRRP,,Q96JM3,297,S297
RYSGSDS*DSISEG,inf,O14646,1100,S1100
SGSDSDS*ISEGKR,inf,O14646,1102,S1102
NIPRVMS*PENFPT,,Q3L8U1,550,S550
DIEGKQS*EEEVKG,,Q3L8U1,654,S654
FQRTGLS*PLKFKA,,P0C7P0,83,S83
IRTRRQS*SGSATN,,Q7Z460,646,S646
PGSRSGS*PGRVLT,,O75122,463,S463
GRVLTTT*ALSTVS,,O75122,471,T471
SARSRLS*AIEIDI,,P56749,231,S231
PLATRSS*PRPGQP,,P57739,208,S208
TKTASES*ISNLSE,,P30622,195,S195
RYARKIS*GTTALQ,-inf,Q9UDT6,352,S352
GGFRSPS*PGLFRA,,Q9HAW4,810,S810
NDIDESS*PGTEWE,,P09496,206,S206
PPGPRGP*PGHIKV,,P39059,794,P794
VECEEGS*EDDESL,inf,Q9UKF6,659,S659
*,inf,P16220,340,S340
SPRRGPS*PACSDS,,Q5TZA2,512,S512
RHMRTHS*GEKPYE,,P49711,402,S402
MHKRTHT*GEKPYA,,P49711,518,T518
QDTQRRT*SMGGTQ,,P35222,551,T551
YSDRSGS*SSPDSE,,P17812,573,S573
YWLVKNS*WGEEWG,,P07711,301,S301
GIASAAS*YPTV,,P07711,329,S329
EERLPSS*PVYEDA,inf,Q14247,418,S418
STTPPTS*AKKRKL,,Q13620,53,S53
RGRSYDS*SMESRN,,Q9HCG8,64,S64
KKMANSS*PVLSKV,,Q9NXE8,218,S218
RTPQSPT*LPPAKV,,P78310,334,T334
KMKRLES*KYAPLH,inf,Q7L576,1052,S1052
HQKELGS*TEDIYL,,Q86T65,656,S656
TPIPTRS*PSDSST,,Q16643,337,S337
HRRMAPT*PIPTRS,-inf,Q16643,331,T331
TVTRKGS*TFRPMD,,Q8N8Z6,556,S556
RPRNKRS*RSPLEL,,Q92466,24,S24
DGGRRDS*ASYRDR,inf,Q92841,599,S599
TENKGKS*EEESAE,inf,Q9NVP1,136,S136
EEGKSSS*PKKKIK,,Q9GZR7,94,S94
ALVRNRS*FSLKNV,,O00148,183,S183
DNLEYDS*DGNPIA,inf,Q86XP3,185,S185
RPHAPGT*PAGRVR,-inf,Q8TDD1,814,T814
RRAGRKS*QQLSEN,,P78524,515,S515
FLKSSPS*TENMHF,,Q7Z401,1511,S1511
LTCPKTS*LLHIAR,-inf,Q5VZ89,1090,S1090
ALERRSS*LPLDHG,,Q5VZ89,1278,S1278
NPESEKS*SPAVSR,,Q5VZ89,1296,S1296
PESEKSS*PAVSRS,,Q5VZ89,1297,S1297
TPPLQQS*PSVIRR,,Q6IQ26,1085,S1085
DERPCRT*PPLQQS,,Q6IQ26,1079,T1079
GLARRLS*PIMLGK,,Q6ICB0,25,S25
PNCSGHS*PRTARH,,Q8WYQ5,95,S95
AWLGGGS*PRPGSP,-inf,P52824,17,S17
GSPRPGS*PACSPV,-inf,P52824,22,S22
PGSPACS*PVLGSG,-inf,P52824,26,S26
EDSEESS*EETVSR,,O60231,107,S107
KKKERKS*LPEEDV,-inf,O60832,21,S21
AKAGLES*GAEPGD,inf,O60832,485,S485
DGDSDTT*KKKKKK,,O60832,497,T497
QHQGRLS*LDLSHR,,Q8TDM6,1232,S1232
GMADANS*PPKPLS,,P26358,127,S127
QILIACS*PVSSVR,-inf,Q5QJE6,117,S117
LKRRSMS*IDDTPR,inf,Q96N67,182,S182
SRSLSNS*NPDISG,,Q96N67,900,S900
ISGTPTS*PDDEVR,,Q96N67,910,S910
KAVLPVT*CHRDSF,,Q96N67,2124,T2124
AEPYVAS*EYKTVH,inf,Q9BZ29,927,S927
EDYEEDT*PKRRGK,,Q92785,176,T176
MATTGT*PTADRG,inf,Q86TI2,6,T6
TVTPASS*AKTSPA,,Q16555,518,S518
PRKGRIS*VGSDSD,,Q14195,402,S402
PINRRGS*VSSVSP,,Q9NZJ0,485,S485
RRGSVSS*VSPKPP,,Q9NZJ0,488,S488
GSVSSVS*PKPPSS,,Q9NZJ0,490,S490
RKAENPS*PRSPSS,,Q9NZJ0,676,S676
ENPSPRS*PSSQTP,,Q9NZJ0,679,S679
CARVLDS*PSRLDE,,O60941,394,S394
SNVASVS*PIPAGS,-inf,Q9Y6G9,421,S421
VLKLGES*FEKQPR,,Q96CJ1,22,S22
KVTRAFS*FSKTPK,-inf,Q9H8V3,842,S842
FSKSATS*PEGKKL,,P13639,279,S279
SHSRKFS*AACNFS,inf,Q7L9B9,25,S25
QRAAALS*LSTLAS,,P98172,281,S281
ERMHLPS*PTDSNF,inf,P00533,991,S991
MTGAGKS*PPSVQS,-inf,Q96KQ7,140,S140
RRLGDSS*LSRKDS,,Q14152,882,S882
RDRNRDS*DKTDTD,,P23588,192,S192
PPARSQS*SDTEQQ,inf,P23588,497,S497
ERERSRT*GSESSQ,,P23588,420,T420
GSESSQT*GTSTTS,,P23588,427,T427
GLGPRRS*QQGPRK,,Q04637,704,S704
LSQLYHS*PARRFG,-inf,Q15717,202,S202
KRRRTNS*SSSSPV,,Q7Z589,209,S209
PRKRRRT*NSSSSS,,Q7Z589,207,T207
TASKPAS*PIGGPT,-inf,Q96L91,1732,S1732
ATNKALS*PVTSRT,-inf,Q96L91,736,S736
KTHRGLS*PAQADS,-inf,O43491,386,S386
GRREVRS*PTKAPH,-inf,O43491,598,S598
QEIKRLS*TEHSSV,,Q12929,476,S476
KVPANIT*RQNSSS,,Q12929,655,T655
SQSPGRS*PRLPRS,-inf,Q8IUD2,21,S21
FYDLSDS*DSNLSG,,Q9H501,77,S77
DLSDSDS*NLSGED,,Q9H501,79,S79
DSDSNLS*GEDSKA,,Q9H501,82,S82
PTPSIAS*DISLPI,,A0FGR8,758,S758
SIASDIS*LPIATQ,,A0FGR8,761,S761
NKNVFTS*AEELER,,Q9H8M9,114,S114
NKEVHKS*GYLSSE,,P15311,144,S144
YDGERPS*PEPSPF,inf,Q8N612,582,S582
GLLRCRS*QPCVLS,-inf,Q6NSI3,260,S260
LRNLPRS*RSQPCD,,Q9NYF3,271,S271
PHDCESS*TVSEED,,Q9H4H8,366,S366
CESSTVS*EEDYFS,,Q9H4H8,369,S369
HDCESST*VSEEDY,,Q9H4H8,367,T367
ALVKAKS*VDEIAK,,A6ND36,356,S356
TLMRLNS*VQSSER,inf,P49327,2236,S2236
YGEKRVS*ISEGDD,,P22087,124,S124
PVTPPPS*VGGSRQ,,Q96IG2,421,S421
TSPASSS*PKPGSK,,Q9UK96,326,S326
TPSVFNS*DEERYR,inf,Q6UN15,500,S500
NEKGTDS*QAMEEE,inf,Q13451,445,S445
IDAKVHS*PSGAVE,,O75369,2325,S2325
TGQRLVS*PGSANE,,O75369,2478,S2478
EGRMKES*ITRRRQ,-inf,Q14315,2137,S2137
PQHIVGS*PFKAKV,-inf,Q14315,2586,S2586
RLSGGHS*LHETST,,Q14315,2602,S2602
LRSWSRS*IEDLQP,,Q8IVF7,174,S174
GSVSGSS*PRSDIS,,Q8N3X1,432,S432
ERRARSS*PKSNDS,,Q53EP0,254,S254
VPSPTGT*ISVPNS,-inf,P85037,247,T247
FRHRSSS*LESQGK,-inf,Q9P2Q2,711,S711
CRQRSGS*LESQSH,,Q9Y2L6,694,S694
TDRHSLS*LDDIRL,inf,Q96NE9,544,S544
RGDRRRS*NTLDIM,,O94915,1957,S1957
IQIAPDS*GGLPER,inf,Q96AE4,140,S140
YISRAES*QSRQRP,,P51116,620,S620
KTVDGPS*GKLWRD,inf,P04406,192,S192
VHAITAT*QKTVDG,,P04406,184,T184
YNTPQLS*PATTPA,,Q14C86,466,S466
RLVRSRS*SDIVSS,,Q14C86,902,S902
SFRNEIS*PRSGLI,,P41250,335,S335
VDDSSGS*IGRRYA,inf,P41250,653,S653
GSERRGS*RPEMTP,,Q99501,316,S316
SLDRGYT*SDSEVY,,Q92538,1318,S1318
EEKAVEY*YFASDA,inf,Q06210,275,Y275
EFIRSES*ENWRIF,inf,Q6Y7W6,201,S201
RARSMDS*SDLSDG,,Q9Y2X7,413,S413
LVTSSSS*LPSFPS,,Q14161,559,S559
RLEKQNS*TPESDY,inf,Q14161,586,S586
ALLQVDS*GSGSDS,,Q5VSY0,23,S23
LQVDSGS*GSDSEP,,Q5VSY0,25,S25
VDSGSGS*DSEPGK,,Q5VSY0,27,S27
SGSGSDS*EPGKGK,,Q5VSY0,29,S29
EFLRIST*ASGDGR,,Q5JWF2,993,T993
QLLPSSS*LEVVPE,,Q13823,478,S478
EIKLLHS*PMTKIA,inf,Q9NVN8,465,S465
QHSWHES*DSFTEN,-inf,Q9NWQ4,114,S114
SWHESDS*FTENAP,-inf,Q9NWQ4,116,S116
RSKIYRS*QSPHYF,,Q9UKJ3,1033,S1033
KIYRSQS*PHYFRS,,Q9UKJ3,1035,S1035
RISRSIS*ESAFSA,,O75487,357,S357
PSRKTES*PSLGKV,,Q7Z2K8,704,S704
RRPREGS*HSPLDS,,Q86YR5,469,S469
NILGSQS*PLHPST,,Q13322,476,S476
SLQVKSS*PVVNDG,,Q12849,244,S244
KILLVDS*PGMGNA,inf,Q9UKN8,611,S611
SRSAMDS*PVPASM,,O00178,12,S12
GTPRKAS*GPPVSE,-inf,P16403,36,S36
SAKKVKT*PQPKKA,-inf,P16402,180,T180
ETAPAET*ATPAPV,,P16401,9,T9
SPLIKFS*PVEQRL,-inf,Q7Z4H7,914,S914
AAAREHS*PRPAEE,,Q9UQL6,1108,S1108
PLSRAQS*SPAAPA,,Q8WUI4,486,S486
EEEEKES*SGEIEA,inf,Q6AI08,336,S336
EEEKESS*GEIEAA,inf,Q6AI08,337,S337
SSSRKGS*SSSVCS,-inf,Q9ULT8,1384,S1384
GTVSGPS*SACKPG,,Q9ULT8,251,S251
KETIELS*PTGRPK,,Q9NRZ9,503,S503
LENSEDS*SPECLF,,Q9NRZ9,832,S832
QERRVST*DLPEGQ,-inf,Q15751,1429,T1429
LVCTSRT*PPSSPK,,Q9BSE4,90,T90
HMRGIIS*SDGESN,,Q9BW71,550,S550
AKAKSRS*SRAGLQ,,Q6FI13,19,S19
KAKSRSS*RAGLQF,,Q6FI13,20,S20
LAKHAVS*EGTKAV,,Q5QNW6,113,S113
SRKESYS*VYVYKV,,Q5QNW6,39,S39
HYNKRST*ITSREI,,Q5QNW6,89,T89
KTNPTHS*ATRPQQ,-inf,Q8NCD3,532,S532
IFRKSVS*PSKTLS,-inf,Q8NCD3,557,S557
MSKS*ESPKEP,inf,P09651,4,S4
EMKNDKS*EEEQSS,inf,P07910,233,S233
RRSSISS*HESFSI,,Q9UPZ3,440,S440
MQS*PAVLVT,-inf,Q53T59,3,S3
LRLDTGS*PEPETR,,Q9Y2F5,1854,S1854
LSKMMGS*PKSEFT,,Q9Y2F5,558,S558
RSVRKNS*LSDHSL,-inf,Q02363,14,S14
LTGETSS*AKLPRC,,Q96FT9,52,S52
KFRRKAS*EEIEDF,,Q96FT9,78,S78
HGDDQDS*EDEVLT,inf,P11717,2409,S2409
CSQHESS*PDISHF,,P40189,825,S825
EDGEEKS*PSKKKK,,Q12906,382,S382
PLPRTLS*PTPASA,inf,Q9NQS7,197,S197
KDKMEGS*DFESSG,inf,Q8WYH8,118,S118
RLERALS*LDDKGW,-inf,Q9NRR6,85,S85
QKAGKLS*PLKVQP,,P48200,157,S157
ASARRNS*SSPVSP,,Q9H1B7,657,S657
ARRNSSS*PVSPAS,,Q9H1B7,659,S659
NSSSPVS*PASVPG,,Q9H1B7,662,S662
PSCPASS*PKVAYH,,Q9Y4H2,620,S620
MNAKWDT*GENPIY,inf,P05556,777,T777
PLTRSNT*ANRLMK,,P28290,291,T291
KQVQQNS*LHRDSL,inf,Q15811,559,S559
PQKGPAS*DSETED,inf,Q96ST2,313,S313
KGPASDS*ETEDAS,inf,Q96ST2,315,S315
KKQKMDS*DEDEKE,inf,Q96ST2,377,S377
GRGESKS*ESWSEE,,Q9P266,913,S913
KPKITHS*PDSVKS,-inf,Q15652,652,S652
GLFRRGS*LLGSMK,-inf,Q9HDC5,216,S216
RGSLLGS*MKLRKS,-inf,Q9HDC5,220,S220
GTTPPRS*PEASPK,,Q9HDC5,465,S465
FYRKGTT*PPRSPE,,Q9HDC5,461,T461
PRERVPS*VAEAPQ,,Q63ZY3,540,S540
QQPTPVT*PKKYPL,,O95251,88,T88
RARRTES*FHSYRD,,Q9Y597,664,S664
NISERKS*PGVEIK,inf,Q9Y597,711,S711
YEDDGIS*DDEIEG,inf,Q9Y2K7,28,S28
GLLRRKS*DDVHLR,inf,Q8NHM5,795,S795
SRSSGRS*GSMDPS,,Q07666,18,S18
HPSVRQT*PSRQPP,-inf,Q07666,33,T33
TTVNNST*PDFGFG,,Q92945,100,T100
LNRTPST*VTLNNN,,Q9ULH0,1682,T1682
SLCRTGS*CSELDA,,Q9H1H9,1698,S1698
SKSLCRT*GSCSEL,,Q9H1H9,1696,T1696
TLSGSAT*NLASLT,,Q9NQT8,1799,T1799
SLVEGRY*GATDLR,,Q12756,1516,Y1516
KSNDRNS*MDIQCE,,Q02241,160,S160
ETLKQES*PNGSRK,,Q02241,902,S902
GAEINKS*LLALKE,,Q99661,519,S519
ELGSWSS*QEHLEW,,Q9BVG8,784,S784
SPLRATS*PSKSVA,,Q1ED39,48,S48
KWQRSMS*SVTEDK,,O00522,276,S276
TLTRSKS*HESQLG,,Q8IVT5,311,S311
NGNLHES*DSESVP,inf,Q86UP2,75,S75
EQALLSS*ILAKTA,,Q6IAA8,56,S56
LAVLSSS*LTHWKK,,Q6IAA8,98,S98
AVRRFGS*RSLSTA,,P28838,24,S24
NKILIVT*QTPHYM,,Q6PKG0,647,T647
PQFRSSG*GSEHST,,Q71RC2,383,G383
PGSLESS*PGLGRG,-inf,Q92615,488,S488
PAGGRPS*PSAMGK,,Q92615,718,S718
MGTQEKS*PGTSPL,,Q9BRS8,447,S447
EKSPGTS*PLLSRK,,Q9BRS8,451,S451
RCRRQRP*NSCDRG,,Q9BYE3,68,P68
RCRRQRS*NSCDRG,,Q5T5B0,68,S68
RWTKPSS*FSDSER,,Q8NC56,497,S497
LNLGKDS*NNLCLH,,P09382,39,S39
TTGQVTS*PVKGAS,,P49916,210,S210
SSDGRGS*DSESDL,inf,Q9UPQ0,231,S231
KRGLSVS*IDPPHG,inf,P53667,181,S181
RECSPSS*PLPPLP,,Q96GY3,138,S138
QRRATRS*GAQASS,,P02545,12,S12
SRIRIDS*LSAQLS,,P02545,301,S301
VTRSYRS*VGGSGG,,P02545,628,S628
SSSSGSL*SATGRL,,Q03252,425,L425
TSSSSGS*LSATGR,,Q03252,424,S424
PTPRSHS*PSASQS,,Q8WWI1,1593,S1593
AAQRNLS*PTPASP,-inf,Q9C0E8,177,S177
LPRHLGS*PATSVP,-inf,Q9C0E8,227,S227
TEGSDRS*ASSLNH,,Q92633,344,S344
GSDRSAS*SLNHTI,,Q92633,346,S346
SDRSASS*LNHTIL,,Q92633,347,S347
QAAKSSS*PHKMKE,,Q14693,286,S286
HKMKESS*PLSSRK,,Q14693,294,S294
RISHEGS*PVKPVA,-inf,Q96II8,419,S419
SGSGPSS*PDSVLR,inf,O75427,521,S521
VLRPRRY*PQVPDE,inf,O75427,531,Y531
DVPLSLS*PSKRAC,-inf,Q9UFC0,243,S243
MPPRSRS*RDDLYD,inf,Q86X29,530,S530
KMASRRS*EEKEAG,,Q9NQ29,363,S363
YTQRSST*DFSELE,inf,Q86V48,958,T958
KRRRMLS*SSDAIT,,Q9UPN3,1376,S1376
DTSNSSS*PASTGA,-inf,Q9UPN3,7292,S7292
KKTTTAS*PRTPGP,-inf,Q9UPN3,7380,S7380
TTASPRT*PGPKR,-inf,Q9UPN3,7383,T7383
TPDVNQS*PRGKRR,inf,Q8WXG6,156,S156
PSRLSKS*QGGEEE,,Q9H063,75,S75
LSPSPPS*PLEKTP,,P46821,1265,S1265
TCHSSSS*PPIDAA,,P46821,1819,S1819
PSPLEKT*PLGERS,,P46821,1270,T1270
IGKTTKT*PEDGDY,,P46821,1932,T1932
SGYLVDS*VAKTMD,inf,P46734,218,S218
SGQLVDS*IAKTRD,inf,P45985,257,S257
YSHELSS*PVDSPS,,Q13233,507,S507
TSRDRSS*PPPGYI,,Q9Y2U5,164,S164
YNDGRKT*FPRARR,,Q9Y2U5,283,T283
GERRKPN*AGGSPA,-inf,Q3KQU3,395,N395
RRSSQPS*PTAVPA,,Q3KQU3,116,S116
EASMEAS*PKAKAR,-inf,Q8IWC1,461,S461
DHTGFLT*EYVATR,,P28482,185,T185
HTDDEMT*GYVATR,inf,Q16539,180,T180
DDEMTGY*VATRWY,inf,Q16539,182,Y182
QTSGRLS*NVAPPC,-inf,Q9UPY8,176,S176
KKSFKLS*GFSFKK,,P29966,167,S167
LLFRKLS*NPDIFS,,Q6P0Q8,74,S74
PTKRSLS*EEKEDH,inf,Q6P0Q8,876,S876
PMPVQET*QAPESP,,Q7Z434,147,T147
DNNCSPT*RKDFTG,,O95243,389,T389
YDPYDFS*DTEEEM,,P25205,711,S711
PYDFSDT*EEEMPQ,,P25205,713,T713
GDSYDPY*DFSDTE,,P25205,708,Y708
NRSSVKT*PEPVVP,inf,Q14676,1157,T1157
STDQPVT*PKLTSR,-inf,Q14676,1630,T1630
DCRRTIS*APVVRP,inf,O15151,367,S367
SKHDGGS*PSIKAK,-inf,Q15648,1401,S1401
ANPSLHS*PVPDAS,,O60244,1136,S1136
RLKRERS*MSENAV,inf,Q9GZY8,155,S155
NANQNAS*PNVPGK,-inf,Q8IWI9,607,S607
TMLKIAT*AAKVVN,-inf,Q8IWI9,595,T595
GQVGSRS*PSMISN,inf,Q86YT6,805,S805
FKSMAHS*PGPVSQ,,Q8TDZ2,617,S617
ELELRVS*EDEEKL,inf,Q7RTP6,1134,S1134
RRRRRAS*QEANLL,,Q6PJG2,461,S461
TASISGS*PAESSC,,Q9H8M7,125,S125
AGTLPGS*KRQLQT,-inf,P46013,1207,S1207
PGNLPGS*KRWPQT,-inf,P46013,2299,S2299
ICSKRRS*GASEAN,-inf,P46013,648,S648
PPESVDT*PTSTKQ,-inf,P46013,1139,T1139
LALRKLT*PSAGKA,-inf,P46013,1167,T1167
IKAFMGT*PVQKLD,-inf,P46013,1193,T1193
QPDPVDT*PTSSKP,-inf,P46013,1503,T1503
QSDPADT*PTNTKQ,-inf,P46013,1869,T1869
PPESMDT*PTSTRR,,P46013,2113,T2113
QPDPVGT*PTIFKP,-inf,P46013,2231,T2231
LALRKRT*PSVGKA,-inf,P46013,2259,T2259
MKAFMGT*PVQKLD,-inf,P46013,2285,T2285
NHVRAAS*PQDLAG,inf,P51948,279,S279
AEATLGS*GNLRMA,,Q7L9L4,38,S38
PLDSAMS*AEEDTD,inf,Q99549,319,S319
PKGRRLS*GEERGL,inf,Q99549,392,S392
EALGEKS*PDSATV,inf,Q6WCQ1,977,S977
SEGRGKT*H,inf,P25325,296,T296
LLASQKT*DAEATD,inf,Q9Y3D3,125,T125
KTDAEAT*DTEATE,inf,Q9Y3D3,130,T130
SSSVSFS*PGGGGG,,Q6P1R3,83,S83
VHSRSSS*PIPLTP,,Q8N5Y2,400,S400
GPVGGES*DSEEMF,inf,Q9Y4B5,776,S776
EKWNSVS*PASAGK,-inf,Q86UE4,308,S308
SLSKASS*FADMMG,inf,Q9H019,238,S238
VHPESPN*LKTSLC,,Q9Y217,563,N563
SPASSRT*DLVKSE,,Q9UBK8,177,T177
GDHAPDS*PSGENS,,Q96NY9,95,S95
EEIDVVS*VEKRQA,,P01106,281,S281
APGKRSE*SGSPSA,,P01106,293,S293
QPPAPSE*DIWKKF,,P01106,62,S62
SHSRSLS*PNHNTL,-inf,O75592,2789,S2789
RPQRATS*NVFAMF,inf,P19105,19,S19
RPQRATS*NVFAMF,inf,O14950,20,S20
RPQRATS*NVFAMF,inf,P24844,20,S20
RSNHEGS*SQRMPR,,Q6P582,130,S130
RSSREGS*SQRMPR,,Q6NZ67,130,S130
LDNVPHT*PSSYIE,,Q99733,51,T51
YQPLAST*ASDNDF,,Q15021,1331,T1331
EGTEINS*DDEQES,inf,Q9BPX3,674,S674
GEYSYFS*PRTMSM,,Q15003,432,S432
SVNPSIS*PAHGVA,-inf,Q15788,395,S395
TAPSRPS*PTRRDP,inf,Q9HCD5,9,S9
DVARGLS*PREQPL,-inf,O75376,1636,S1636
PREIAKS*PHSTVP,,Q9Y618,1595,S1595
GLEPASS*PSKGSE,-inf,Q9Y618,1971,S1971
EPKKLNS*PEETAF,,Q9BTX1,406,S406
ETTAAHS*LVGTPY,inf,Q9HC98,206,S206
GAHSSAS*PPRSRS,,P18615,181,S181
IHNIPST*LDKQTN,,Q6T4R5,332,T332
SESSRYS*,,P30414,1462,S1462
RRILIPS*DIESSK,inf,P30414,463,S463
KKRNSIS*DDDTDS,,Q76FK4,298,S298
SDDDTDS*EDELRM,,Q76FK4,304,S304
KGEKRAS*SPFRRV,-inf,Q14978,622,S622
SRVADNS*FDAKRG,-inf,Q14978,643,S643
EAEAMNY*EGSPIK,,P06748,67,Y67
RSIRTRS*ESEKST,inf,Q9BZ95,585,S585
QDRKESS*PNSRAK,,Q9H0G5,457,S457
KESSPNS*RAKDKF,,Q9H0G5,460,S460
TKKIRSS*PREAKN,,Q9H1E3,40,S40
ELEKRTS*PQVLGS,,Q7Z417,572,S572
QQRKRVS*LEPHQG,-inf,Q14980,1991,S1991
PHQGPGT*PESKKA,-inf,Q14980,2000,T2000
SFAREGS*FRLSGG,,Q9Y6R0,224,S224
GHKRTPS*EAERWL,,Q9Y6R0,411,S411
SFRQPFT*PTSRSL,,P57740,64,T64
PPARKAS*PPSGLW,,Q8TEM1,1874,S1874
RKASPPS*GLWSPA,,Q8TEM1,1877,S1877
SRCLIKS*PDRLAD,-inf,P52948,839,S839
AFSEITS*PSKRSQ,,Q13415,273,S273
CSQRHLS*VGAPGV,,Q9BXB5,209,S209
TITHHKS*PAAARR,,Q9BXB5,223,S223
KRTASRS*PASCHE,inf,Q9BXB5,507,S507
LASSSNS*PISQRR,,Q9BXB4,181,S181
RLSRGIS*HASSSI,,Q6GQQ9,100,S100
PRSTPES*GDSDKE,,Q6GQQ9,464,S464
TPESGDS*DKESVG,,Q6GQQ9,467,S467
RVVSSTS*EEEEAF,inf,Q8N573,204,S204
GQDEEWS*DEESPR,inf,Q9UKS6,354,S354
KSIYTRS*VIDPVP,,Q13177,197,S197
RRPRSRS*RDSGDE,,Q8WX93,1118,S1118
RKKRLPS*KELPDS,,Q9BWT3,708,S708
IEGLDES*PSRNAA,,Q8TEW0,728,S728
GLKKSSS*LESLQT,,Q8TEW8,746,S746
KALTDDS*DENEEE,inf,Q8NI35,1212,S1212
LVRRKTS*SSTSPL,,Q8NI35,455,S455
VYLMKRS*PRGLSH,-inf,Q96KB5,52,S52
PRGLSHS*PWAVKK,-inf,Q96KB5,59,S59
ATSPSSS*VSGDFD,,Q86U86,14,S14
RKRRRLS*NLPTVD,inf,Q86U86,39,S39
GPPLDAY*SIQGQH,,Q15365,222,Y222
KQRINFS*DLDQRS,-inf,Q15154,110,S110
DQRSIGS*DSQGRA,,Q15154,119,S119
RSIGSDS*QGRATA,,Q15154,121,S121
RQFDEES*LESFSS,,Q15154,1257,S1257
DEESLES*FSSMPD,,Q15154,1260,S1260
ESLESFS*SMPDPV,,Q15154,1262,S1262
YESASMS*STCEPC,-inf,Q15154,1322,S1322
ESASMSS*TCEPCK,-inf,Q15154,1323,S1323
NDISPES*SPGVGR,,Q15154,68,S68
GRRRTKT*PHTFPH,-inf,Q15154,79,T79
RTKTPHT*FPHSRY,-inf,Q15154,82,T82
TGQRRSS*LNSISS,,Q14123,469,S469
VTLRGPS*PWGFRL,,P50479,11,S11
KPQKASA*PAADPP,,Q9NR12,96,A96
SNASSSS*NPSSPG,,Q9NTI5,1162,S1162
KGRLDSS*EMDHSE,,Q9NTI5,1177,S1177
GHTASES*DEQQWP,,Q9NTI5,1259,S1259
KPLGAIS*PVLNRK,,Q8NEN9,538,S538
SQQYYHS*LAVRQS,,Q9H792,1374,S1374
LGLSGGS*LVSMLA,inf,O95336,49,S49
KSRESAS*PTIPNL,,O75151,539,S539
KENRRCS*RNSGQI,,Q92576,201,S201
PTDSNVS*PAISIH,inf,P46020,981,S981
NVSPAIS*IHEIGA,,P46020,985,S985
WAAHGAS*PEDFSL,-inf,Q86UU1,501,S501
SFSGRLS*PAYSLG,,Q86UU1,539,S539
GSLTGAS*PCQSPC,,Q86UU1,551,S551
GRKASGS*LLAMWN,,Q86SQ0,175,S175
SRSGAAS*MPSSPK,,Q86SQ0,200,S200
KQARKMS*IQDSLA,,Q86SQ0,212,S212
SHMGAYS*RSLPRL,,Q86SQ0,253,S253
MGAYSRS*LPRLYR,,Q86SQ0,255,S255
PLGQSNS*CGSVLP,,Q86SQ0,934,S934
LSDLTRT*PPPPSS,,Q86SQ0,550,T550
GIRRQNS*VNSGML,,Q6ZVD8,1210,S1210
SSVSSIS*QVSPER,,P42356,262,S262
GTLKRKT*SSVSSI,,P42356,255,T255
VSQELES*DDG,inf,Q7Z2X4,247,S247
QEDAGKS*PARNRS,-inf,Q9Y2I7,299,S299
ASRSVET*LKEMIK,,P14618,60,T60
SKSKSGS*SRNLLK,,Q16513,379,S379
LRRLEIS*PDSSPE,,Q99959,151,S151
LEISPDS*SPERAH,,Q99959,154,S154
QAAAGGS*GNLLTE,,Q99959,329,S329
SPERAHY*THSDYQ,,Q99959,161,Y161
PAARAAS*PYSQRP,,Q99569,273,S273
SGSTAGS*RTGSRT,,Q15149,4626,S4626
STAGSRT*GSRTGS,,Q15149,4628,T4628
EKGRCAS*LEEILS,,Q53GL0,271,S271
DGERKKT*LCGTPN,-inf,P53350,210,T210
KKTLCGT*PNYIAP,,P53350,214,T214
MKFRRGS*GHPAYA,,Q6UX71,506,S506
ARLARSS*PEQPRP,,P29590,505,S505
QPTNLAT*PNTKRF,-inf,P54278,573,T573
QRSKFDS*DEEEED,,Q8TF01,290,S290
ILKKKRS*IGASPN,,P09884,186,S186
AISTPET*PLTKRS,-inf,Q14181,130,T130
LLRLSDS*PSMKKE,-inf,Q9BY77,368,S368
PKYSPTS*PTYSPT,inf,P24928,1913,S1913
SGGTSSS*PIKAIF,,P14859,448,S448
AAGALGS*PGLPLR,-inf,O75145,1164,S1164
PVGRKDS*PHSRSG,,Q8NEY8,140,S140
SSVSSRS*YSPERS,,Q8NEY8,153,S153
DEKIRSS*VEKENQ,inf,Q13427,717,S717
TLTRAAS*LRGGVG,,Q9ULR3,211,S211
VTRSASS*PRLSSS,,O14974,473,S473
IPRRLAS*TSDIEE,inf,O14974,507,S507
TPQRSCS*AAGLHR,,P54646,491,S491
SVLPAAT*PRQSLG,inf,P13861,54,T54
ASRRSDS*ASSEPV,,Q05655,304,S304
RKRRLSS*TSLASG,,Q9BZL6,198,S198
TRTQEGS*LSARWP,,P78527,2624,S2624
MLKKGGS*WIQEIN,,P78527,4026,S4026
LLRLQET*LSAADR,,P78527,18,T18
CRLRAFS*RGGSLE,,Q86WR7,27,S27
SSGTASS*VAFTPL,,Q8WWY3,451,S451
ASSVAFT*PLQGLE,,Q8WWY3,455,T455
SQGRTDS*VEKSKK,,Q5VTL8,481,S481
KIGKARS*PTDDKV,inf,Q13523,257,S257
DPKGYLT*DLNSMI,inf,O94906,275,T275
LRPRRGS*HPKAEL,-inf,Q5FWE3,854,S854
WEKANVS*SPHREF,,Q92530,152,S152
ELKTDSS*PNQARA,,P26599,141,S141
NHKELKT*DSSPNQ,,P26599,138,T138
GTGMERS*PGAMER,-inf,Q05397,29,S29
EAPPKPS*RPGYPS,,Q05397,716,S716
ASALGDS*TVDSKP,inf,Q13308,1064,S1064
PEDLVYS*QPEMRE,,Q15678,486,S486
AISHTVS*TPELAN,,Q15678,538,S538
GPRKSVS*NGALRQ,,Q15678,760,S760
TESPYQT*GQLHPA,,Q15262,860,T860
SSLLGGS*PRRPCG,-inf,Q92729,853,S853
SGSRRDS*LTGSSD,-inf,Q14671,709,S709
PVRHRSS*ISGSLP,,Q9BXF6,357,S357
GKDVRNS*DMHLLD,inf,Q9Y3P9,360,S360
ACTLTTS*PRLPVF,-inf,P04049,642,S642
QDADLKT*PTKPKQ,inf,Q9P0K7,249,T249
ILVRRSS*SPAELD,inf,Q2PPJ7,820,S820
NRPDYVS*EEEEDD,inf,P49792,2668,S2668
IKHSTPS*PTRYSL,,P49792,781,S781
SEIKHST*PSPTRY,,P49792,779,T779
KRVRRSS*FLNAKK,,Q9Y4G8,960,S960
MEPVKRS*PLRQET,,Q70E73,54,S54
KKTKYGS*QEHPIG,,Q14644,809,S809
SVRRRTS*FYLPKD,,Q9NS23,207,S207
ISEGLPT*PTKMTP,,P06400,821,T821
EGLPTPT*KMTPRS,,P06400,823,T823
PTPTKMT*PRSRIL,,P06400,826,T826
IGESFGT*SEKFQK,-inf,P06400,841,T841
KIGEEQS*AEDAED,,Q16576,354,S354
FYYFSNS*PSKRLR,,Q08999,1080,S1080
LEDGSES*PAKRIC,,Q08999,1112,S1112
GRHLDRS*PESDRP,,Q96T37,656,S656
LDRSPES*DRPRKR,,Q96T37,659,S659
SSDRRNS*LEGYSR,inf,Q8NDT2,562,S562
IQRSFSS*PENFQR,-inf,Q9Y580,137,S137
YLQAKQS*LVPAHP,inf,P29558,27,S27
VVHVCES*DQEKEE,inf,P53805,218,S218
QRGRRPS*QDDVEA,inf,O94761,27,S27
SENQGSY*SGVIPP,-inf,Q96D71,126,Y126
QREKVAS*DTEEAD,inf,Q9P2R6,656,S656
RGRRDVS*GSWERD,inf,Q86VR2,26,S26
VPGRRAS*LSDLTD,inf,Q8WZ73,240,S240
QEVKLQS*PLEPHS,inf,O15211,409,S409
GPSASGT*PPSEGG,,O15211,752,T752
TAAKRAS*RIYNT,-inf,O43665,176,S176
SEAKRSS*MIETGQ,,P49796,917,S917
GIPHSAS*PVSPDG,-inf,Q6PJF5,325,S325
HSASPVS*PDGVQI,-inf,Q6PJF5,328,S328
KKLSFLS*WGTNKN,inf,Q8IUC4,642,S642
LVSANDS*PSGMQT,-inf,Q5UIP0,2161,S2161
VWSPLAS*PSTSIL,,Q5UIP0,2176,S2176
QEDEISS*PVNKVR,-inf,Q5UIP0,2196,S2196
IVRSHSS*NSSPIG,,Q5UIP0,2231,S2231
KTLPIRS*PKVSNV,,Q5UIP0,2348,S2348
IENKSLS*PDEERL,inf,Q5UIP0,2393,S2393
VVGRSAS*FAGFSS,-inf,Q96MK2,24,S24
FVRKSAS*PEVSEG,inf,O60930,76,S76
GLEIVVS*PRSLHS,,Q99496,41,S41
GGGVTVF*FHAIIS,,Q63HN8,382,F382
PPAPAAS*PAASSR,-inf,P27694,135,S135
IKGARVS*DFGGRS,-inf,P27694,384,S384
RAITGAS*LADIMA,inf,P83731,86,S86
NNAKAMS*ARAEAI,inf,P47914,66,S66
VAQKKAS*FLRAQE,,P46777,286,S286
EAKKEES*EESDDD,inf,P05386,101,S101
KEESEES*DDDMGF,inf,P05386,104,S104
ALGGNSS*PSAKDI,,P05387,17,S17
NQKDVLS*EKEKKL,,Q9NQG5,270,S270
RMLVEYT*QNQKDV,,Q9NQG5,262,T262
AEAGAGS*ATEFQF,,P46783,146,S146
FKDTGKT*PVEPEV,inf,P60866,9,T9
GVQGESS*PTRREA,,Q96S38,282,S282
SKFLNRS*PEESFD,,Q96S38,423,S423
NRSPEES*FDIKEV,,Q96S38,427,S427
NTDVAQS*PEAPKQ,,Q9P2E9,615,S615
PQQLQLS*PLKGLS,,P31350,20,S20
ENDFFNS*PPRKTV,-inf,Q9NYV6,44,S44
CVEEEDS*ESSLQK,,Q14684,392,S392
EEEDSES*SLQKRR,,Q14684,394,S394
EEDSESS*LQKRRR,,Q14684,395,S395
KPDLAES*PKESRS,,Q9Y3A4,99,S99
PKVPQST*,-inf,O76021,490,T490
EVEEEDS*DREIQE,inf,Q92622,528,S528
GRQRSRS*YDRSLQ,,Q8N2Y8,498,S498
TKVAKVS*QGVEDG,inf,Q9UBE0,185,S185
VVTNARS*PGARCY,,Q14151,444,S444
RRKRKGS*DDDGGD,inf,O75446,131,S131
DDDGGDS*PVQDID,inf,O75446,138,S138
SDDGGDS*PEHDTD,,Q9HAJ7,99,S99
RESNRLS*APSYLA,-inf,Q9H4B6,94,S94
LGTLSSS*LSRAKS,,O95248,1142,S1142
SPSTTWS*PNKDTP,,Q99590,802,S802
ESRRSES*LSPRRE,,Q99590,880,S880
IDRDSYS*PRWKGR,-inf,Q99590,963,S963
IFISKVS*PTGAAG,,Q14160,1140,S1140
DPRFTGS*FDDDPD,,O15027,1327,S1327
LASRRSS*LSSHSH,-inf,O15027,1369,S1369
SRRSSLS*SHSHQS,,O15027,1371,S1371
RRSSLSS*HSHQSQ,,O15027,1372,S1372
SSLSSHS*HQSQIY,,O15027,1374,S1374
VGSSGRS*PSKAVA,-inf,P60468,17,S17
PEPRSLS*LGGHVG,,Q92599,20,S20
LESRRHL*YEEKFE,,Q9BYW2,1112,L1112
RQEEMNS*QQEEEE,inf,Q13435,289,S289
QRVRGVS*SESSGD,inf,Q13435,343,S343
RGVSSES*SGDREK,inf,Q13435,346,S346
TAYRVSR*SPGASR,,Q12872,833,R833
PPLPPGS*GSPGTP,,Q9Y3L3,596,S596
QEGRRAS*DTSLTQ,,P57059,575,S575
SPVRRFS*DGAASI,,Q9Y2K2,626,S626
AQRGDLS*DVEEEE,inf,Q96ST3,832,S832
IEYSRVS*PQPMIS,-inf,Q9P270,377,S377
RTQAPPT*PDKVQM,,Q9Y666,973,T973
LLTRSRS*ERDVLL,inf,Q16572,480,S480
PLRRNNS*YTSYTM,-inf,Q8WUM9,417,S417
FPARSFS*TGSDLG,,Q96AG3,34,S34
ALKGLGS*SPDLEL,,Q9NQQ7,335,S335
SFPRNIS*AGSLGS,,P04920,443,S443
RNISAGS*LGSLLG,,P04920,446,S446
SAGSLGS*LLGHHH,,P04920,449,S449
IGKTVSS*ASRMFT,,Q9Y6R1,233,S233
RVKRKRS*AEPAEA,inf,Q96CW6,16,S16
LRSAAHS*PLDTSK,-inf,Q96BD0,50,S50
QHSSNAS*PINRIV,,Q9NWH9,1002,S1002
PHGVKRS*ASPDDD,inf,O00193,15,S15
SDAGSST*PTTSTR,,P51532,1423,T1423
LDHGEES*NESAES,inf,Q9H4L7,239,S239
GEESNES*AESSSN,inf,Q9H4L7,242,S242
AKKGPST*PYTKSK,,Q8TAQ2,322,T322
NRTEAGS*QDYSLL,,Q8ND04,132,S132
GGPQNLS*GPGGRE,,Q9H0W8,32,S32
TPQAALS*PLTPAR,-inf,P53814,357,S357
AKKLIDS*,-inf,O00161,211,S211
MDNLS*SEEIQQ,-inf,O00161,5,S5
TYLTHDS*PSVRKT,-inf,P09234,17,S17
GKGSPQA*GVDLSF,,Q13884,392,A392
TQEKPTS*PGKAIE,inf,Q9BX66,350,S350
FSEDTKS*PLSVPR,-inf,Q9BX66,472,S472
DLGGQTS*PRRTGF,,O60504,563,S563
SGYHDDS*DEDLLE,inf,Q99523,825,S825
DLVMGSS*PQLKRS,,Q53LP3,213,S213
MEHLERT*KLHQLS,,O60271,177,T177
EDGEHKS*HSPRAS,,Q96T58,1390,S1390
VQTLSGS*VRRAPT,,Q8IVW8,63,S63
DSRGKDS*YETSQL,,P10451,224,S224
SQLDDQS*AETHSH,,P10451,234,S234
HLKFRIS*HELDSA,-inf,P10451,303,S303
ISHELDS*ASSEVN,-inf,P10451,308,S308
ELDSASS*EVN,,P10451,311,S311
VTITSES*SPGKRE,,Q01082,2340,S2340
SVMRLLS*KHRAFE,inf,Q01082,678,S678
DFTFGQS*ALKKIK,-inf,Q8N5C6,179,S179
PPRRRTS*ADVEIR,inf,Q6ZRS2,2725,S2725
SRSASPS*PRKRQK,,Q8IYB3,532,S532
KRQKETS*PRGRRR,,Q8IYB3,541,S541
ASPSPQS*VRRVSS,,Q8IYB3,743,S743
VRRVSSS*RSVSGS,,Q8IYB3,750,S750
RVSSSRS*VSGSPE,,Q8IYB3,752,S752
AVPRTPS*RERSSS,,Q9UQ35,1415,S1415
PSRRSRS*GSSPGL,,Q9UQ35,1441,S1441
RSRSPSS*PELNNK,,Q9UQ35,1502,S1502
TPLRQRS*RSGSSP,,Q9UQ35,1577,S1577
RSRSGSS*PEVDSK,,Q9UQ35,1582,S1582
SSPETRS*RTPPRH,,Q9UQ35,1718,S1718
PVTRRRS*RSRTPT,,Q9UQ35,1935,S1935
TRRRSRS*RTPTTR,,Q9UQ35,1937,S1937
PVTRRRS*RSRTSP,,Q9UQ35,1970,S1970
TRRRSRS*RTSPIT,,Q9UQ35,1972,S1972
SRMSCFS*RPSMSP,,Q9UQ35,2118,S2118
PSPERSS*TGPEPP,,Q9UQ35,358,S358
SHREISS*SPTSKN,,Q9UQ35,455,S455
SPQWRRS*RSAQRW,,Q9UQ35,516,S516
QWRRSRS*AQRWGR,,Q9UQ35,518,S518
SSRRSRS*LSSPRS,,Q9UQ35,761,S761
KAKSRLS*LRRSLS,,Q9UQ35,774,S774
TPPRQGS*ITSPQA,,Q9UQ35,854,S854
RQSPSRS*SSPQPK,,Q9UQ35,912,S912
ETPPRQS*HSGSIS,,Q9UQ35,988,S988
LNNKCLT*PQRERS,,Q9UQ35,1511,T1511
PETRSRT*PPRHRR,,Q9UQ35,1720,T1720
RRSRSRT*PTTRRR,,Q9UQ35,1939,T1939
KRSRSTT*PAPKSR,,Q9UQ35,252,T252
SPERSST*GPEPPA,,Q9UQ35,359,T359
PELKSRT*PSRHSC,,Q9UQ35,885,T885
KFRRERS*DYDRSR,-inf,Q9BXP5,21,S21
RGRERRS*RGEYRD,,Q9BXP5,51,S51
ERRRSRS*RSFDYN,,O75494,131,S131
RRSRSHS*DNDRFK,,O75494,160,S160
HGRHSDS*IARSPC,,Q8WXF0,219,S219
SDSIARS*PCKSPK,,Q8WXF0,223,S223
ARSPCKS*PKGYTN,,Q8WXF0,227,S227
PPKRATS*RSRSRS,,Q13247,324,S324
YPERSTS*YGYSRS,,Q13242,189,S189
KSKEFVS*SDESSS,,Q08945,667,S667
SKEFVSS*DESSSG,,Q08945,668,S668
SSDESSS*GENKSK,inf,Q08945,673,S673
DLTHSDS*ESSLHM,,Q13586,521,S521
ILEKSCS*MNQLSS,,Q9P246,680,S680
LDRAKNS*PPQAPS,inf,Q8N1F8,761,S761
AGQLTDT*QIKRNT,inf,Q9Y6E0,184,T184
TQIKRNT*FVGTPF,inf,Q9Y6E0,190,T190
AGQLTDT*QIKRNT,inf,O00506,168,T168
TQIKRNT*FVGTPF,inf,O00506,174,T174
DELDSHT*MVKTSV,inf,Q13188,325,T325
APRRASS*GLPRNT,,Q9UJZ1,30,S30
SGLPRNT*VVLFVP,,Q9UJZ1,36,T36
SPKRPAS*PSSPEH,inf,Q9H7L9,234,S234
KRPASPS*SPEHLP,inf,Q9H7L9,236,S236
RPASPSS*PEHLPA,,Q9H7L9,237,S237
RRGTGGS*ESSRAS,-inf,Q9UH99,110,S110
VRRRRGT*GGSESS,-inf,Q9UH99,107,T107
RTRTPAS*INATPA,,Q7KZ85,1535,S1535
GEEDEGS*DSGDSE,inf,Q7KZ85,73,S73
EDEGSDS*GDSEDD,inf,Q7KZ85,75,S75
GSDSGDS*EDDVGH,inf,Q7KZ85,78,S78
KSLGEKS*PAASGA,-inf,O75683,74,S74
LAGLPGS*PKKRVR,,O43463,391,S391
SDSIDHS*PAKKRV,inf,Q9H5I1,388,S388
QEMEVDS*EDEKDP,inf,Q15022,583,S583
RPSCSRS*LESLRV,,Q5VT97,86,S86
DAMKTPS*PAAEDA,inf,Q92797,1259,S1259
GEDAMKT*PSPAAE,inf,Q92797,1257,T1257
GLMVKKS*ASDASI,,O15056,1122,S1122
VVHESGS*LGDRSK,,Q96C24,289,S289
RKLSMGS*DDAAYT,,Q9NYJ8,527,S527
TGDFSPS*PEKLVK,,Q5VWN6,1541,S1541
KRSLTES*LESILS,,Q86TI0,507,S507
PQPARGS*PGVSQR,-inf,Q86TI0,614,S614
VKTRRHS*WRQQIF,-inf,Q86TI0,660,S660
PLGPSSS*LLSLPG,,Q4KMP7,658,S658
PLHKQQS*LPLRPI,,Q9NU19,154,S154
FRSRCSS*VTGVQR,-inf,O60343,318,S318
KRSLTSS*LENIFS,,O60343,570,S570
SDFLQKT*PSKQPG,-inf,Q66K14,397,T397
GTLPATS*PQSTSV,-inf,Q13428,1111,S1111
QAAGMLS*PKTGGK,,Q13428,1257,S1257
NLLSGKS*PRKSAE,,Q13428,156,S156
DQPAART*PRSKKK,-inf,Q13428,1358,T1358
VQRPHSS*PPRFVT,,Q9NUJ3,56,S56
KLYINHT*PPPLSK,-inf,Q8NI27,1443,T1443
NYRQAYS*PRRGRS,,Q9Y2W1,119,S119
SSRPQRS*PKRMGV,,Q5JTD0,531,S531
HLHRKDS*LTQAQE,,Q5JTD0,545,S545
TLVKSHS*LAQPPE,,Q07157,1579,S1579
RSPDQRS*EPSDHS,,Q07157,320,S320
QTYPPYS*PQAQPQ,,Q07157,899,S899
GLAGAVS*ELLRSA,inf,Q9Y490,620,S620
TIGRRSS*DPWSNS,-inf,Q92545,1871,S1871
GLSRSHS*LSGARD,,Q9Y519,388,S388
SNSMPPL*DVENIQ,-inf,P42166,403,L403
GTESRSS*TPLPTI,,P42166,159,S159
KGPPDFS*SDEERE,,P42166,66,S66
GPPDFSS*DEEREP,,P42166,67,S67
LVQRRFS*EGVLQS,,Q9C0C2,429,S429
ELKDTQS*PSTCSE,,Q9C0C2,712,S712
FGTRPLS*SGFSPE,,Q9C0C2,983,S983
QRGLNSW*QQQQQQ,-inf,Q9HBL0,775,T775
RIEHLGS*TKSLNH,,Q63HR2,102,S102
GSISPGS*PPYPQS,-inf,Q63HR2,835,S835
IEHLGST*KSLNHS,,Q63HR2,103,T103
KASEAAS*PLPDSP,inf,Q68CZ2,1149,S1149
ASPLPDS*PGDKLV,,Q68CZ2,1154,S1154
ATGRQGS*SAEQPL,,Q68CZ2,762,S762
QPRMARS*PTNSLL,,Q14106,222,S222
NENTEGS*PQEDGV,,P11388,1247,S1247
KRKPSTS*DDSDSN,,P11388,1471,S1471
PSTSDDS*DSNFEK,,P11388,1474,S1474
MEVS*PLQPVN,-inf,P11388,4,S4
RKRKPST*SDDSDS,,P11388,1470,T1470
VVEAVNS*DSDSEF,,Q02880,1522,S1522
EAVNSDS*DSEFGI,,Q02880,1524,S1524
TRMQNDS*ILKSEL,,Q5JTV8,305,S305
FSEEGET*EEDDQD,inf,Q5JTV8,220,T220
PNNTSSS*PQPKKK,,P04637,315,S315
SLHRTSS*GTSLSA,,Q12888,1317,S1317
IKHEEQS*NEDIPI,,Q12888,222,S222
PITVPKS*PAFALK,-inf,Q9ULW0,486,S486
AEGLSGS*LVQEPF,-inf,Q9ULW0,654,S654
GGRRRDS*YYDRGY,inf,Q13595,236,S236
RRSRSRS*YTPEYR,,Q13595,86,S86
LRRQESS*SSLEMP,,P48553,709,S709
AAASAAS*GSPGPG,,Q13263,17,S17
ASAASGS*PGPGEG,,Q13263,19,S19
AQGKRKS*NEMITN,,Q7Z2T5,612,S612
LLLLHLS*PGAAGS,-inf,Q9UHF7,603,S603
LPRRQSS*FAKPPL,inf,Q96AY4,1387,S1387
RLEEAMS*ELTMPS,,Q9ULT0,690,S690
EAMSELT*MPSSVL,,Q9ULT0,693,T693
LLRRRRS*LSPTYI,,Q8WZ42,33201,S33201
RRRRSLS*PTYIEL,,Q8WZ42,33203,S33203
RSLSPTY*IELMRP,,Q8WZ42,33206,Y33206
VNAAIAT*IKTKRS,inf,P68363,334,T334
NLMKMQS*IAESHL,inf,Q96RT8,630,S630
QMSPGSS*DNQSSS,,Q14157,471,S471
SDNQSSS*PQPAQQ,,Q14157,477,S477
TRRYPSS*ISSSPQ,-inf,Q14157,605,S605
ESQWKDS*PLATRH,,O95155,803,S803
PPPLESS*PRVKSP,,Q5T4S7,620,S620
NRKRHGS*SRSVVD,,O95071,2483,S2483
IDASEDS*QLEAAI,inf,O94888,288,S288
EESVSMS*PEERAR,,P15374,130,S130
KRKRKNS*TGSGHS,,O94763,372,S372
EEDELES*GDQEDE,inf,O60763,942,S942
VLKEPPT*IRPNSP,,Q96RU2,1048,T1048
TQRQPGS*PMYRRE,,Q9P275,871,S871
ASQLQDS*LKDLKA,inf,P18206,579,S579
AVAGNIS*DPGLQK,inf,P18206,809,S809
AEATTRS*RESSPS,,Q96JH7,994,S994
TTRSRES*SPSHGL,,Q96JH7,997,S997
TRSRESS*PSHGLL,,Q96JH7,998,S998
RSVSSSS*YRRMFG,-inf,P08670,10,S10
GSALRPS*TSRSLY,,P08670,47,S47
IVRKSMS*HQAAIA,,Q4G0F5,304,S304
MPTTQQS*PQDEQE,inf,Q96QK1,7,S7
LRLRRES*PESEGP,inf,Q96QK1,783,S783
NSSFETS*PKKVKW,,Q8IV63,59,S59
KERRTPS*DDEEDN,inf,Q641Q2,333,S333
KERRTPS*DDEEDN,inf,Q9Y4E1,333,S333
DEDMLYS*PELAQR,inf,Q9Y2W2,237,S237
RDSFSHS*PGAVSS,inf,Q9H6R7,690,S690
RSSMITS*LEGLGT,,Q8IZQ1,984,S984
EDLMMAS*GRPRQR,inf,O75717,367,S367
EEDAEDS*GEADDE,inf,O75717,868,S868
ISSPHSS*PAHNKL,,Q9BZH6,209,S209
LSPYPSS*PMRRPQ,,O94967,297,S297
RPAEDGS*DEEDPD,inf,Q9H6Y2,14,S14
EPLTRAS*SAGPEG,,A4D1P6,381,S381
PNPPGPS*PKALAK,,O95785,1106,S1106
PSDLHIS*PLAKKL,-inf,O95785,1134,S1134
YDQRHGS*PRSGRS,-inf,A6NIX2,120,S120
GSTIIRS*KTFSPG,,Q8IX03,927,S927
VCRLNRS*DSDSST,,Q8IX03,945,S945
VLEMERK*EEQAEA,,Q9ULE0,925,S925
EMERKEE*QAEAIS,,Q9ULE0,927,S927
LQLGAVS*PGTLTP,,P46937,138,S138
GHMIAVS*PQKQVI,-inf,Q9ULM3,627,S627
EHAPLAS*PVENKE,inf,Q9ULJ3,714,S714
GAAAGDS*DEESRA,inf,O95365,337,S337
KKSKGDS*DISDEE,,Q5T200,1014,S1014
KGDSDIS*DEEAAQ,,Q5T200,1017,S1017
NTEESSS*PVRKES,,Q5T200,110,S110
HSSRRSS*PESDRQ,,Q5T200,1279,S1279
LPVAPRT*RTSQEE,,Q6PJT7,387,T387
RSRSFSS*SPSPSP,,Q86VM9,604,S604
SPSPTPS*PHRPSI,,Q86VM9,613,S613
TSPDRGS*RDRKSG,,Q86VM9,857,S857
SPSPSPT*PSPHRP,,Q86VM9,611,T611
TRSWDSS*SPVDRP,,Q86WB0,358,S358
SMGTGDT*PGLEVP,-inf,Q86WB0,387,T387
EAGHASS*PDSEVT,,Q6NZY4,598,S598
SKMPAGS*PTKAKE,inf,Q8IYP9,252,S252
KTSQCSS*PSLSAS,,P37275,313,S313
LSASPGS*PTRPQI,-inf,P37275,322,S322
LKTSSSS*PANSDV,-inf,O60293,805,S805
SSSPANS*DVEIDG,-inf,O60293,809,S809
SRFRDRS*FSEGGE,-inf,Q07352,90,S90
PRRRRSS*PSARPP,inf,Q96JP5,83,S83
ANASKWS*PPQNYK,inf,Q96K21,144,S144
GTGRRIS*LSDMPR,inf,Q9ULU4,425,S425
EKFRTKS*PKPAES,inf,Q5VUA4,1037,S1037
VRSRSLS*FSEPQQ,,Q9H8N7,449,S449
RFRRSRS*PMHYMY,,Q14966,510,S510
AADKGHS*PAQKPK,,Q14966,605,S605
EARHVVS*PEQIAT,,Q9H582,1000,S1000
EEENADS*DDEGEL,,Q96NB3,351,S351
SLPAHLS*PHMFGG,-inf,Q8NHG8,151,S151
FTLGDSS*NPGQTE,,O75312,376,S376
