QFPRFSPVLG	-0.25
EIEGLSSDEE	0.07
IEGLSSDEEH	0.07
LTPPSSPKTQ	-0.68
HRRILSDVTH	-0.46
TTPSGSPRTS	-0.05
PKVQTTPPPA	-0.5
KVGSLTPPSS	-0.68
RSTRRSVRGS	0.25
QDRKLSTKEA	1.24
FMRQLSALSS	-0.26
QLSALSSDGE	-0.73
LSALSSDGEG	-0.73
PPVPGTPTLR	0.93
SSIQNSPKLT	0.12
NSPKLTPKMK	0.12
RLKKLSVPTS	0.98
LSVPTSDEED	1.77
DGESTSPSDK	-0.14
KAEQGSEEEG	4.12
TQKPPSPPMS	-0.94
PSPPMSGRGT	-1.15
LGSQHSPGRT	-2.19
ISRHNSTTSS	-0.71
APSQQSPVRT	-1.28
GSGFRSPHLW	-0.91
FLRSCSASCV	0.71
QASSGSPALP	-0.42
KQRDKSPSSL	-0.89
SPRTLSPTPS	-0.81
SSKTASLPGY	0.42
MDRGVSMPNM	-0.28
TSRDMSLKRT	0.24
LKRTPSKKQT	0.31
GGDGVSPTPP	-1.61
LCPGASPARQ	-0.33
IRSSMSGLHL	-0.25
YSISLSPPEQ	0.37
EEKRLSISKF	-0.32
RSGARSRSPL	1.39
GARSRSPLLR	1.39
TAQVPSPPRG	1.15
RSRSRSTPVR	-1.23
EEKGDSDDEK	2.02
RAAKLSEGSQ	-1.11
KLSEGSQPAE	-1.11
KEKSKSPSPP	2.26
KSKSPSPPRL	2.26
EGRRASHTLL	1.42
SNSRKSLSPG	-1.61
SRKSLSPGVS	0.55
QARRLSQPES	0.0
VPAGNSDTEG	0.15
SRSRSTPVRD	-1.23
PSRTASFSES	1.71
QDSVPSPRSL	0.87
RVRSGSGSRG	0.24
LGMGDSTSQS	1.14
DSTSQSPPIK	0.81
GGRARSWSPP	0.5
RARSWSPPPE	0.5
TALAPSTMKI	0.41
RAVFPSIVGR	0.95
MGQKDSYVGD	0.47
ALAPSTMKIK	0.1
AVREGSPANW	0.4
TKLRLSNRPA	0.66
RVHKISNVNK	0.39
RRIPVSPEQA	-0.49
RTRANSMEGL	-0.31
SRSPGSPVGE	1.08
RERNMSPDLR	-1.61
KFRTPSFLKK	-2.12
GLPTESPHSS	0.1
QSAAVTPSST	-0.18
VGVGKSRESM	-0.37
IGVGKSRESM	-0.37
GGRRGSLEMS	-1.05
PLPPGSPGSA	-1.16
TSSPQSPVFR	-0.03
VKRHASSANQ	0.23
ADHRSSPNVA	-1.36
ANQPPSPGGK	-1.36
QRVTRSQEEL	0.62
FTRTISNPEV	-1.53
RKRTISQSSS	0.04
GTPSQSPVVG	-1.42
SQLKGSPQAI	-0.28
VAGLLSPRFV	-0.7
QRLKETRISF	1.09
EMHFKAPKIS	-1.89
EMHLKAPKIS	-0.01
EFDIKSPKFK	-1.19
GGVTGSPEAS	-1.02
KSSKASLGSL	-0.31
KASLGSLEGE	-1.11
EAEASSPKGK	-1.84
PKGKFSLFKS	0.6
RHRSNSFSDE	0.24
YEVTGSDDET	0.67
KLKFGTFGGL	-0.49
DSSPDSAEDV	-1.57
TPRSLSAIDR	0.41
QPGRHSVTGY	-1.11
CRRSESSGIL	-1.2
RNSPASPLKE	-1.61
LKKQPSHMEA	1.2
EPKVKNPCLN	-0.55
SQRSVSPTFL	-1.17
YAEKLSPLTG	0.42
SSLEGSPPPC	0.92
MKVQGSPLKK	-1.29
GGDEESGEHT	1.94
EEGATSDGEK	2.08
VTPWASFKKM	-0.95
FKKMVTPKKR	-0.95
SMRSLSPFRR	-0.43
PFRRHSWGPG	0.14
HRRSFSLEGL	0.35
AHDTSSLPTV	-1.85
KERPRSAVLL	-0.76
KFLSHSTDSL	0.69
LPEDCSPTHS	0.9
LTRSLSRPSS	0.47
SELSVSPKRN	-1.57
PRRAETFGGF	1.65
LGTWKSPPGQ	1.18
LGTWKSPLGK	0.36
MSRQLSRARP	3.49
DFRSGSPSDN	1.12
SPSDNSGAEE	1.24
RPRLNTSDFQ	-1.62
GDVKTSPPRT	0.36
KVPQVSTPTL	-2.43
TLVEVSRNLG	-2.08
IMKFKSLDDV	1.24
DESTGSIAKR	0.51
AKRLQSIGTE	0.36
HRRRGSFSSE	-0.29
LRRSTSLPSR	0.5
SKQQLSAEEL	0.33
RGRAGSQGGR	-1.64
AAHTSSPQPS	-0.91
AERGLSPRTA	-1.74
HGHVRSLSER	-0.71
HVRSLSERLL	-0.71
MSSSHSFPQL	-0.72
REFQRVTISG	0.85
FDFEGSLSPV	-0.37
FEGSLSPVIA	0.35
ARITHSPTVS	0.04
PKKSDSNASF	-0.84
VAPADSPEAP	0.78
SRYGGSPRDP	-3.68
FAGPLSPAKA	-1.36
AARNNSPPTV	-1.89
QIQQHSLPRS	-0.63
SGGAQSPLRY	0.46
PKTPISPLKT	-1.36
KRKRETDDEG	1.56
RNRTPSDVKE	4.17
ELRNRTPSDV	1.32
PGSAVSPYPT	-0.57
SAVSPYPTFN	0.78
ILCKLSLEGD	1.55
EGDHSTPPSA	-1.09
TPPSAYGSVK	1.3
TVKAASGFNA	0.57
PKHRPSEADE	0.87
TETSKSPEKD	-0.62
KMVKGSIDRM	0.42
DDDSCSINSD	-0.68
SCSINSDPEA	-0.68
IKEAPSPTLR	-0.51
IARSHSESPS	-0.21
RSHSESPSRL	-0.21
NIDNLSPKAS	0.31
PSRSKTPPPP	1.63
LVRQSTFIKE	-0.51
DTTSGSPPKK	0.07
EAVTPSPSFQ	-0.2
AVPNHSPEKK	-0.07
TIEQESPIMA	-0.92
QSKPQSPVIQ	1.12
QAAAVSPKFV	1.12
RERASSPPDR	-1.57
DSKSSSPELV	1.98
RQRSVSQERL	0.61
IRRQLSHDHE	0.15
KRVGGSIRPW	0.37
LRRPLSPETR	0.97
WHRARSDDYL	-0.09
SRATRSAEAL	1.21
PGALVSPRFE	-0.29
GYRSYSPSFQ	0.12
AGRRSSYLLA	1.07
TERSKSCDDG	1.74
PNRIPSLRML	1.24
KIRPVSLPVD	-0.31
RLLLASPPNE	-2.74
DSESISPGDF	0.0
SLFFSSKEDI	-0.43
FERATSFEES	1.01
TGRRNSAPVS	-0.43
VVYAFSPKIG	-0.13
VVRAFSEDEA	0.64
YRRTHSDASD	-1.16
THSDASDDEA	-1.16
DPRRPSRSPP	0.99
RRPSRSPPSL	0.99
RYRTASQGPQ	-0.51
KHSDKS____	-0.31
LRRAKSFTCS	0.28
SRNRRSLSPI	-0.81
NRRSLSPILP	-0.81
LAKSVSTTNI	-0.88
HFNDESPLGL	-0.88
RILSQSTDSL	0.37
LFRSESLESP	1.56
SESLESPRGE	2.87
LCRANSRDGE	1.85
RQELGSPEER	0.26
KKRSSSLDAL	1.09
ALDADSEGEG	1.09
HPLSRSVPGT	-0.15
VGEEASPRGY	0.41
ASPRMSGFIY	0.61
HHAPMSPGSS	-1.43
KARAVSPLDP	-0.36
PDGNGSPVLP	0.81
ERFARSDDEQ	0.55
AALRNSPVNT	0.15
QKYFDSGDYN	-0.21
QTGDVSPKAQ	0.27
HPLDLSPNVQ	0.85
HKRTLSDPPS	0.77
LSDPPSPLPH	0.14
YSGPASPARP	-2.88
RKRSKSEDMD	-0.1
PSRSVSVDES	1.58
ALRSFSPLQP	-1.31
RRDRNSWGGF	0.02
___MLSPQRV	-3.73
SRGRASPGGV	0.46
RRPRDSPTLS	-1.09
DELNPSAQRD	0.18
SVSHVSPRKN	-1.17
GAPGDSPTHS	0.67
TNPVTSNSDE	1.46
PVTSNSDEEC	1.46
TKDFDSSEDE	0.92
KDFDSSEDEK	0.92
ETNPVTSNSD	1.46
RKRRWSAPES	0.53
ENDDRSEEEK	0.17
GPPRMSPKAQ	-1.23
SNRAVTPSSE	1.16
REIESSPQYR	-3.46
GSGRESPSLA	-0.42
MYPPRSPKSA	-0.08
RPRTRSNPEG	-0.07
RGRSRSAPPN	-0.62
FCRSSSMADR	0.65
DMRQISDGER	1.18
PQRSQSPLRG	-1.4
PLRAASPFRS	-0.85
RSSGNSPTPV	-1.82
QPKSLSPPQS	-3.72
LPRSSSMAAG	0.14
DSYSNTLPVR	-0.03
TTENKTLPRS	0.67
PLPAESPKKG	-0.59
RRGRKSANNT	-0.63
CRKRQSPEPS	-2.86
QSPEPSPVTL	-2.86
KSANNTPENS	-0.63
VDQVSTPPAA	-1.41
SSRRQSLELQ	2.4
EDEGDSEPEA	2.3
KSLSGSPLKV	-2.24
SKNSKSPEEH	0.59
IMEETSGMEE	0.44
LRGRESPAAG	0.67
SEEGLSPSKR	-0.35
RIMEETSGME	-0.08
NKPVKSPTPT	-0.33
RIGHHSTSDD	0.75
SSAYRSVDEV	0.24
ALRARSTSAT	0.78
LSRSNSDESN	2.41
ILAVSPVDLN	0.62
GKSRLSPAGE	1.54
RDRSVSVDSG	0.62
REAPGSPPLS	0.74
EPQEESPLKS	1.65
SQHSHSIQHS	-0.02
HSIQHSPERS	1.53
SPSQNSPIHH	-0.52
IHHIPSRRSP	-0.52
IPSRRSPAKT	1.92
QKFNDSEGDD	2.45
KKETQSPEQV	1.79
DLFDYSPPLH	3.0
TFREESPLRI	0.51
STRQKSPEIH	0.83
RRIDISPSTL	0.88
KLRCDSADLR	1.02
RWKHRSLSPV	0.05
KHRSLSPVPR	0.05
LGFSKSMPAE	0.48
LSRSNSREHL	0.26
ARGRRSPILL	-0.57
ATLPKSPSQL	-0.69
GAGNLPPITQ	2.94
AAETDSEPEP	0.22
GEAAETDSEP	0.22
RNRYLSFHFK	0.06
PKRPTSLPLN	0.86
KKRVKTPYSL	1.22
SKAGLSPANC	0.03
KDVTLSPVKA	1.1
KQHYLSSEDE	1.05
QHYLSSEDEP	1.05
DDAESSEPER	0.56
SKTQLSPSIK	-0.81
RKREVSPPGA	0.04
HKRRTSTPVI	2.28
PKRSLTVSDD	1.56
QVQASTPCPR	1.49
KNLSESPVIT	0.09
RSNPKSPQKP	2.48
KALQKSPGPQ	-1.22
LGRRDSSDDW	1.24
HGEPTSDLSD	-0.01
PTSDLSDID_	-0.01
ILAPGSPASP	-1.29
PGSPASPPGS	-1.29
EEKIHSPIIR	-0.94
ISRSTSPTFN	-0.53
RLPALSHSEG	1.34
PALSHSEGEE	1.34
PELVGSPTQS	-1.6
KIKLMSDVED	0.22
ALNGDSDSED	0.32
NGDSDSEDML	0.32
GFRRLSLDIQ	0.57
GEATLSQPPP	-0.33
DTPDPSPLRG	1.09
RVRHDSPDPS	0.23
DSPDPSPPRR	0.23
RARHGSSDIS	0.58
RARHDSPDLA	-1.6
RARHDTPDPS	1.09
MPQDGSDDED	2.82
NAEEESESEA	1.14
EEESESEAEE	1.14
IEVLDSPASK	-1.21
SRRSRSESET	-0.56
SPLPGSLIRG	-1.27
ALETRSLKDH	-1.38
AMLAESPHTR	-0.31
GMGSGSAGKE	1.1
RRRGDSESEE	1.03
RGDSESEEDE	1.03
PEPERSPPNR	2.35
RIHRASDPGL	-1.02
MHRQETVECL	-0.24
RHRSNSLTRV	-0.41
EFPRASPRAL	-1.27
RLRRFSPSQV	0.18
ITRSISNEGL	0.07
GQRSKSLADI	1.14
HLRKFSPSQV	0.44
GNVVPSPLPT	0.95
VQPQWSPPAG	0.04
LHLYNSLTRN	0.61
MADELSEKQV	1.09
LRRHASLDGA	-0.1
PARPRSPRAW	0.28
TDRQNSPVTS	-0.37
NSPVTSPGSS	-0.37
TSPGSSPLAQ	-0.37
KRKSLSDSES	0.55
DDKPSSPGDS	0.66
RVRHGSGPPS	-1.83
PRKSASLSNL	-0.17
EEPAPSN___	1.28
QKTCDSD___	2.23
PSGQRSRSPL	1.19
GQRSRSPLLK	1.19
LDQPVSAPPS	0.33
VSAPPSPRDI	0.94
LCRQLSESES	1.27
PRRSNSPDKF	0.03
GGIVISPFRL	0.39
RPARPSPSPT	-0.39
ARPSPSPTGG	-0.39
RNRLGSGGSG	-0.11
LGSGGSGDGP	-1.58
CVPQASPRRW	-1.95
KINWASFRRR	-0.17
GLRPESPESL	-2.12
PRAPGSPRGQ	-1.74
QIKSSSQENL	0.01
TTRRTSIHDF	0.5
GRGRGSPHLS	-1.12
TPQPTSPETS	0.89
EEEEWTDDDL	1.56
SPQPSSPRQV	1.03
KAEEKSPISI	0.9
DRRERSRSFE	0.33
RERSRSFERS	0.33
RKRSASADNL	0.42
REKRKSLFIN	0.18
REKRKSNHLN	-0.56
MRRSFSADNF	0.53
IFLSKSQTDV	0.76
IKIFGSRVRV	-0.09
ITGCASPGKT	-0.12
LAGRDSPIRA	1.2
FTRTFSPSKP	-1.07
LAGRDSPIRA	1.2
FTRTFSPSKP	-1.07
IFKEGSVKLR	-2.18
PLRPKSVDFD	0.8
PGQPSSPQRL	1.94
EDTVLSPTKK	-1.19
RALRASESGI	-0.66
SKVQTTPSKP	-3.15
PTRRVSPLNL	-1.07
NLSSVTP___	-2.29
EVVGGSDGEG	2.11
DEKDVSV___	-0.42
RDRPWSNSRG	-1.35
RRIDRSMIGE	-0.39
RPRRRTFPGV	-2.6
RSRRSSIGLR	-0.13
YGGVDSDKDS	1.45
TSRRQSVSPP	-0.08
RRQSVSPPYK	-0.08
SRRQRSVSPY	-0.36
RQRSVSPYSR	-0.36
SKRSLSRSPL	-0.66
RSLSRSPLPS	-0.66
KSRSRSPAYS	-0.1
RSRHSSISPV	0.88
RHSSISPVRL	1.21
KESKGSPVFL	0.08
YRRRRSLSPL	0.14
RRRSLSPLGG	-0.59
GGRDDSPVSH	-0.59
LRSRKSPSPA	-0.79
SRKSPSPAGG	-2.09
PAGGGSSPYS	-2.09
AGGGSSPYSR	-0.39
RRLPRSPSPY	1.21
LPRSPSPYSR	0.7
WRRSRSPYSP	-0.73
SRSPYSPVLR	-0.73
SRSRHSSISP	0.57
RSRHSSISPS	0.62
RHSSISPSTL	0.62
RILELTPEPD	0.43
STGKESPKVR	-0.41
LRRTLSESFS	-1.38
SDEVQSPTGV	-0.22
IHRRISMEDL	-0.49
LNKRLSLPAD	-0.19
RSRRASLSEI	-0.16
KNRRQSMLF_	-0.79
NQRRFSMEDV	0.85
VSKRLSLPMD	0.63
KLGEGTYATV	-1.53
EGTYATVFKG	-1.48
LGEGTYATVF	-1.53
KIGEGTYGVV	-1.24
IGEGTYGVVY	-1.21
KFRDLSPPRY	-0.03
HPGTCSPSRP	-1.01
AKSFGSPNRA	0.66
PNRAYTHQVV	0.29
PQSSRSPSYR	-0.29
ILVPKSPVKS	-0.65
WKGYDSEDDT	2.58
APRRRSPSPT	-0.02
RRRSPSPTPT	-0.02
KVAQRSPVDS	-2.82
LRKSSSFHDD	0.21
KRRDRSPSRL	0.07
LPRNVSPEFV	-0.17
PSDKFSPRIR	-3.26
RIRANSISRL	-0.49
SKSIKSDVPV	0.93
DDGTQSDSEN	0.59
VRSTGSATSL	-1.8
LVRQGSFTIE	-0.64
RCSTGSPSKD	-0.68
DSRRRSPQEG	-1.11
KLDWESFKEE	1.77
FRRQDSAGPV	0.95
DSQECSPRSC	-0.8
ECSPRSCPEL	0.93
SNHTGSPRSP	-0.34
TGSPRSPSTT	-0.34
ATLTASPLGA	0.21
THRGSSPGPR	-0.72
TQDPSSPGTT	-2.95
SSPGTTPPQA	-2.95
RKPSPSESPE	1.35
PSPSESPEPW	1.35
TAPTLSPEHW	-0.85
DQRKTSPASL	1.0
SSRGGSPDLW	0.48
TAPPASPEAR	0.16
KSQRYSGAYG	-0.39
SSGPRSPLDQ	-1.02
RSPYGSRSPF	-0.57
KRQIDSSEED	1.12
RQIDSSEEDD	1.12
EADAPSPAPS	1.56
PSPAPSLGER	1.19
DGPPSSPTND	0.94
MSQPGSPSPK	0.58
GRRRRSRSRS	-0.19
RRRSRSRSPT	-0.19
RSRSRSPTPP	-0.19
RSRSPTPPSS	-0.19
CCRRKTSDFN	-0.06
CCKRRTTDFS	-0.62
KNKQPTPVNI	0.1
ITKKSSPSVK	-0.83
SGIRKKFNGK	0.02
TRRERSPGRL	-1.82
VSGLDSPAKT	-0.71
NTSVGSPSNT	-0.83
KFSFRSQEDL	0.05
LQRSRSDIDV	-0.95
SKIPRSQGCS	0.26
LQRSRSDIDV	-1.23
RSQGCSREAS	-1.77
CSREASPSRL	-1.77
RGRKISPPSY	0.33
QTGNKSPEVL	-0.41
TGDKASPDQN	-0.02
SISNLSEAGS	-0.82
LSEAGSIKKG	-0.82
GFPSTTPAKA	-1.53
GFPSTSPAKA	-0.71
EANRHSPGPE	1.08
DQRRYSLIDR	0.45
FRRSFSTTSA	0.18
LQERYEIVGN	-0.18
VSRMRSVLIS	0.56
KGILRTPDTI	0.58
LCRYFSNERI	1.77
VPVEGSPGRN	-0.29
SSGLGSPNRS	-1.34
TIRPASPVAG	2.0
VMRQSSLTFQ	-0.22
RDQTASAPAT	-1.16
IVKSMSVDET	2.28
VKRSQSFSKE	0.22
ASAPATPLVN	-1.16
FTRSNTISKP	-0.24
EEGEETEPDC	1.74
RKKNLSPGAV	0.91
EFQDETDTEE	-2.55
QDETDTEEET	-2.55
EADIDSSDES	1.87
ADIDSSDESD	1.87
DSSDESDIEE	1.87
LYEALTPVH_	-0.33
ADGRATPSEN	0.46
PSRASSVTTF	0.38
KYRPASASVS	0.01
WRRTNSDSAL	-0.1
QYHGGSLPNV	-2.11
GSLGPRNARS	1.08
RDSQEFPLHC	-2.21
PRDLPSPLPT	0.07
RTRTYSATAR	-0.35
IPKVPSKNQN	0.86
GALVHSE___	-3.22
QELAGAPEPQ	1.34
EELDDSDFET	4.21
KYGYLSLPKP	-0.42
HAIMRSPQMV	0.45
YKKRLSVELT	0.17
SDNYGSLSRV	-1.5
VRVGGSSVDL	-1.25
RVGGSSVDLH	0.27
RRRLRSYEDM	-0.21
RGSLASLDSL	0.36
LASLDSLRKG	0.46
SLSRVTRIEE	-1.22
SYDDSTLPLI	0.65
QSSHSYDDST	0.26
KGCRLSPRDT	0.66
DRSGSSSPDS	-0.03
RSGSSSPDSE	0.3
FVNDDTDDDL	2.08
QTPPVSPAPQ	0.15
RAKTQTPPVS	-0.54
GNTSTTPPTS	-0.56
ESAIHSPGTV	-0.07
SRRGRSYDSS	0.22
GERRNSFSEN	0.55
GRRSRSPRPS	1.39
SLGSMSPSNM	-2.06
VAKRNSLKEL	0.62
NNMDKSDSEL	1.72
AGQRSTM___	0.0
NEGSKTLQRN	0.38
RVRDLTIQKA	0.69
LARLSSPVLH	-0.81
SSTASTPVAE	1.66
QGGEASPQRT	-1.04
KERAMSTTSI	-0.72
TTSISSPQPG	-0.79
PGKLRSPFLQ	-0.22
DRHLPSPPTL	2.92
VTAAASPVSL	-2.6
RKAPASPGAG	-0.59
ARSSGSPEPS	-0.42
ISGQLSPRLF	-1.65
LEGDRSEGSG	0.81
DRSEGSGQEN	0.81
TPVRYSSSEV	0.39
VKLKNSQETI	0.29
RSTTKSPGPS	0.72
SRRSKSPAST	0.19
VNGLPSPTHS	-0.66
PRSGKSPSPS	-1.78
SGKSPSPSPT	-1.78
KSPSPSPTSP	0.27
SPSPTSPGSL	1.7
PSPTHSAHCS	-0.66
ARDKQSPSQA	0.39
KASSPSPLTI	0.31
YRRSASPYHG	0.37
VVRSLSYEEP	-0.31
EPRRHSPPIE	-0.31
YTRSASPKHG	0.33
VARTDSPDMH	-0.9
NKRSRSPLEL	-0.08
KRSSLSPGRG	0.85
KAQAVSEEEE	2.12
HVVVGTPGRI	-0.79
HIVVGTPGRI	-0.36
VPAGGSRSEA	0.52
AGGSRSEAED	0.52
__MEESEPER	-0.27
QQGHNSPDSP	0.58
VEDRGSGRSR	0.07
RGSGRSRGRG	0.27
IDDRDSDEEG	1.48
KREEGSDIED	2.7
VDLGISDLED	0.82
VQRINSIYNA	-0.32
LVHIQSMLKR	0.32
MARSISTSGP	0.44
KERSTSLSAL	-0.41
NSITKSPPLM	-0.05
KHSQPSPEPH	0.63
SPEPHSPTEP	0.63
WYKRHSIAIG	-1.04
RRRRNSTSST	-0.02
CDVSSSPSLP	0.43
RFHVGSAESM	0.65
LRRNYSREQH	2.13
SASKASPPGD	-0.51
KYGGDSDHPS	0.38
DSDHPSDGET	0.38
RLLEDSEESS	-0.39
EDSEESSEET	-0.39
QSMDMSPIKI	0.65
DVRRNSVERP	1.35
PDLEDSPPVS	-0.11
DSPPVSDSEE	-0.11
KRKRESESES	1.31
KRESESESDE	1.31
ESESESDETP	1.31
PGDGDSDTTK	1.87
EVELVSE___	0.46
SESDETPPAA	2.21
VGPCSSPPAA	0.92
THGSNSLPSS	0.69
SARLGSSSNL	-0.8
FSRRLSMSEV	0.62
NLLQQSWEDM	0.89
RAGPLTPPKP	0.81
TSKSSSLPAY	0.58
SLPDRTPFHT	0.02
LSRSNSLPHP	1.21
HKRYHSLGNI	0.94
AEQNESSDEE	-0.27
EQNESSDEES	-0.27
AQAQESEEEE	0.59
LILGVSPTAN	-0.54
RQRSLSTSGE	0.85
PIMPASPQKG	-0.69
PRRSKSDGEA	1.06
PEPSPSPRIT	-1.39
IPEMPSPKKM	2.2
CAHRGSPLPK	0.92
TEEIVSEAES	-0.03
AESHVSGISR	-0.03
TDGETSEAES	-0.51
SLIPRTPKAR	0.21
AQRPKSLQLM	0.24
FERMNSLTFK	0.8
SPPERSPSGS	-1.43
PERSPSGSAF	-1.11
GSAFGSQENL	-0.41
DLKRRSMSID	0.84
TCHRDSFSRM	-1.69
GQYSGSPQLL	-1.52
ERRNSSIVGR	0.19
IVGRRSLERT	-0.46
AVRPASLNLN	-0.17
RGAAASPPRE	-2.4
LRRHLSQDHT	0.03
RVDDDSLGEF	3.73
SSAKTSPAKQ	1.41
TPKTVTPASS	-1.03
RFIPCSPFSD	0.58
GTPAGSARGS	0.99
GSARGSPTRP	1.56
FDLTTTPKGG	0.37
TPKGGTPAGS	0.99
VPKRASARIL	-0.52
RDNRRSPSLE	0.06
NRRSPSLERS	0.06
QQLDPSPARK	-0.88
DSQQKSPVKR	0.34
LKRQKSFSED	0.82
SSRRGSDASD	1.25
RGSDASDFDI	0.78
ETKIMSPRKA	-2.56
GRYRHSMTNL	-0.34
HAGGGSQENL	1.66
VPPPMSPSSK	-1.3
EDFPASPQRR	-0.05
RVPGGSPRTP	0.13
KPVTVSPTTP	-0.59
PTTPTSPTEG	0.05
EGCQGSPQRR	0.46
TRASESPARG	-0.11
QRIYQYIQSR	0.51
DIYFDSDSED	0.92
YFDSDSEDED	0.92
RGRKLSGDQI	0.36
YEKANTPELK	-1.69
QDVAVSPQQQ	-0.72
RRRHNSWSSS	0.97
SAAHGSQPDL	0.61
PSRTRSPDVI	1.28
PGASSGTSGD	-0.31
VLEKSSPGHR	0.41
QTQHVSPMRQ	-0.08
GQTNRTPEFL	0.22
GETRFTDTRK	1.91
EEKCGSPQVR	0.84
LQSAKTILRG	0.63
HGPFRSVEDL	0.82
IGEPQSPSRR	-0.96
DEDRLSRRKS	2.61
PFRKLSRFGN	-1.14
RRKLNSGGGL	-1.05
KWRKDSPWVK	-2.62
QRRAQSIERK	0.52
ARSDKSPDLA	0.83
PAGPGTPPPD	1.23
GGNEGRAAEA	0.27
DERSDSRAQA	0.66
QPLLLSEDEE	0.74
QPLLLSEDEE	0.74
MKTCFSPNRV	-0.39
RERHPSWRSE	-1.63
HPSWRSEETQ	-1.63
RSRTGSESSQ	-1.06
TGSESSQTGT	-1.3
ARSQSSDTEQ	1.4
DTEQQSPTSG	0.86
ATKSGSTTKN	-0.32
SGTLPSQPKV	0.85
SQRSSSPVGL	-1.91
VVQRSSLSRE	-1.15
QRSSLSRERG	-1.15
PATKRSFSKE	0.02
TKRSFSKEVE	0.42
LRKAASLTED	0.38
ALPPVSPLKA	-0.31
EAEEESDHN_	1.68
FARMCSLMLS	0.66
FMRGGSSKDL	-0.88
LNSRRSPVPA	-0.19
VNRSVSDQFY	2.1
FDDNDSEELE	2.9
EMYSGSDDDD	3.67
KKWDGSEEDE	0.67
RSRINSSGES	-0.68
SRINSSGESG	1.36
NSSGESGDES	-0.68
ESGDESDEFL	1.68
GPNIESGNED	1.28
HLKRGNFLVL	0.77
SPERSSDSES	1.53
ERSSDSESNE	1.43
PPRPDSPATT	0.96
GNRSTSPVTD	0.94
LQRQLSADAA	-0.61
HYYSGYSSSP	0.04
SHGHERRDER	-0.17
QRRRLSPPSS	-0.62
IKRTSSSERV	-0.28
SSERVSPGGR	-0.28
IRASPSPQPS	-2.33
EEELGSKAKF	0.56
QKYFDSGDYN	-0.21
LKHQASINEL	0.14
LDRDKSDSDT	2.16
RDKSDSDTEG	2.16
EIRSLSPIIG	-0.76
LKKQKSYTLV	-0.02
SKFRYSGRTQ	0.19
QTRRASALID	-0.81
_MTTESGSDS	0.43
TTESGSDSES	0.43
SRFRYSGKTE	-0.27
PSTSGSEGVP	-0.53
EVPARSPGAF	0.34
GKAGGSPASY	-0.05
GGSPASYHGS	-0.05
PVLPASPPPK	-0.72
STGSLSPKHS	-1.34
ITRQNSSSSD	-0.25
QNSSSSDSGG	0.22
VDRRKSQMEE	-0.19
GEGVLTLRAK	1.32
IQRQSSVSST	0.3
EPSSQSPGRS	1.14
IKTFWSPELK	-0.54
HRRTNSTGGS	0.08
DATPPSPRTL	2.94
DEGSISPRTL	0.77
YNYHLSPRAF	-3.02
LRRSHSGPAG	-1.91
PIGPESPSST	-0.16
IDSNISPKKD	-0.24
LAEEASEEEL	0.93
EEELPSDVDL	0.93
LSPAMSPALQ	-0.87
KLAGRSFRSH	0.49
GVVPQSAPPV	-1.38
MIRRLSPAER	0.55
LKRGSSFQSG	0.1
SGVPYSPAIP	0.04
RRQLESGGFE	0.1
ELRRRSAEDE	0.81
NGTGSSPRGP	0.44
NSRCQTPIKM	-0.74
AEDVDTPPRK	1.37
LQRSKSDLSE	-1.11
HKRSASWGST	0.76
HKRSASWGST	0.33
DFIPVSPAPS	-0.17
VSPAPSPTRG	-0.17
TRRSQSPINC	-1.57
LRRSNSAPLI	-2.02
SARRNSTTFP	0.19
LLLPASPVRM	-0.48
LRRSSSAPLI	2.09
RTRRNSTTIM	-0.1
RHHAPSPPRP	-0.45
MQRSSSFSLP	-0.06
HCRSLSVPVD	-0.57
PQRRFSLSPS	0.58
RRFSLSPSLG	-1.22
RSSPASSPEL	-1.27
SSPASSPELP	-1.27
LPRSRSQPCD	-0.24
KISNLSPEEE	-1.3
PRRQLSAPHI	1.0
EVRHGSDPAF	-1.19
PERKGSPTPG	0.22
STRRGSPTTG	-0.61
IEQKGSPTSA	0.16
PERRGSPVPP	0.97
NSGISTLERG	0.17
RLGMLSPEGT	0.4
YFAPVTPPPS	1.32
GQNEESPRKR	-0.27
APRRGSLPDQ	-0.67
CAYPGSPGPG	-1.05
MNRNLSNEEL	0.13
RARSSSEDKI	0.27
KPRAKSLSAM	0.17
HSPPKSPEGK	0.78
TERMPTPVIK	0.38
KRSRRSLEGG	-0.05
AIFRVSPDRQ	-1.29
YGRAESPDLR	-0.52
RERDHSPTPS	1.18
RERPESPMVP	0.83
RMRAHSPAEG	0.79
EAVLQSPGLS	0.43
GGSAGSPARF	-2.21
SGPGLSPGMV	-0.08
DEIPFSPYRV	0.14
QHVPGSPFSV	0.03
YHIGGSPFKA	-0.28
VHGPRTPCEE	-0.18
EEIPRSPFKV	0.21
YGRGLSEGRT	1.18
QEVPRSPFKI	0.55
EHIPNSPFHV	-0.6
KHVPGSPFTV	0.45
RERLGSFGSI	-1.06
TGPRLSGGHS	-2.13
DARVHTPSGA	1.22
VHGPKTPCEE	1.71
RSYRDSGIPD	-0.59
TAKRGSRFFC	-2.33
MKRTVSDNSL	1.03
TVSDNSLSNS	-0.2
IYRTISDGTI	1.76
QNRLNSPPSS	-1.59
PEERRSPPAP	-0.56
PLEEDSPSSS	-1.52
EEAPASPLRP	1.69
LYPQISPLKI	-0.36
PLSSRSAPAS	0.38
RSAPASPTHP	-0.69
HPGLMSPRSG	-0.12
TPECLSREGS	0.23
LSREGSPIPH	-0.96
APASPTHPGL	-0.12
SGGLQTPECL	0.23
YDSDFSDDER	1.06
HGGYDSDFSD	1.06
NDYDKSPIKP	0.11
RSVDISPTRL	-1.47
SASSGSMPNL	-1.16
STDRHSLSLD	0.3
RSHRSSVSSV	-0.39
RSSVSSVGAR	-0.39
PKRTTSFFSR	-0.69
NARSNSLRLS	-0.24
LARTRSLSSL	0.51
RRRSNTLDIM	-0.1
YYAQTSPQGM	-0.07
CMLTGTPESV	1.01
NRTDGSISGD	-0.09
TDGSISGDRQ	-0.09
AQKSSSPAPA	-0.6
EEKSTTPPPA	1.58
LPRSYSHDVL	-0.04
NIIPASTGAA	0.47
TPRARSPAAP	0.29
GRLTPSPDII	-0.11
ERGRLTPSPD	-0.11
ASRGGQSDDD	3.44
LPVPGSAEEE	0.85
FKIPGSPPES	0.57
QQQRWSIPAD	-2.2
KLKSKSCHDL	-2.51
PGTRLSLARM	0.04
LSRVDSTTCL	1.14
RWRSASPDGG	-0.52
PPAPSSPPPL	-1.66
MHRSQSWEER	0.5
RWRPHSPDGP	-0.51
GKSLSSPTDN	1.63
QHDYDSVASD	0.35
YDSVASDEDT	0.35
SNRARSMDSS	1.1
LSRHGSGADS	-0.78
GSGADSDYEN	-0.78
KGRQRSMVWP	0.05
HQRSASWGSA	0.07
TLKSRSEVDL	-0.2
LNMTTSPEEK	0.9
PQLLPSSSLE	0.02
LFRSSSKESL	-0.15
YQRQASPETS	2.13
SWGHESPEER	0.74
GGSHGSETED	-0.25
PPGSGSPAPP	1.72
KRSHDSDDSD	0.64
HDSDDSDYAS	0.76
STTAHSWQRS	-0.73
RERMFNGEKI	0.32
YREHRSELNL	0.19
GHRRQPPARP	-0.95
GFRSTSPFGI	-0.77
PGRSGSVRTA	-0.59
ATGPMTPQAA	-0.78
QIHVKSPPRE	0.02
PPREGSQGEL	0.38
SQGELTPANS	-0.52
EVLESSQEAL	-0.03
QRGSLSPVTK	1.14
LGRQASFQER	-0.52
RARTSSFAEP	-0.53
EPNVSYICSR	0.04
RPRTTSFAES	-2.14
QGEEKSD___	0.55
QPRTNTPVKE	-0.38
STDQGSDEEG	1.09
MFQPSSPTRR	-0.52
QPSSPTRRPG	-0.52
APEPSSPGAA	-0.07
QTTNNSPMNS	0.2
RKREDSAPPS	-1.05
TPRDVSGLRD	-1.13
GKRKASGPPV	-0.92
APAEKTPVKK	-1.53
__MSETAPAA	-1.53
APVEKSPAKK	-0.26
GSAALSPSKK	-0.09
KATQASQEY_	-1.19
GGKKATQASQ	-1.19
PEPAKSAPAP	1.55
GVKRISGLIY	1.06
AQRPDSPGGG	-2.54
KNKRDSTEIT	1.22
GTRDLSPQHM	0.48
KRRLISPYKK	-0.49
NQIPRTPENL	0.39
QQLSVSFSSL	0.08
EELQVSPGPR	-2.05
___MASAVSP	1.31
MASAVSPANL	1.31
ITLVKSPISV	-0.19
AIPEESGDED	3.55
CEEEFSDSEE	-0.02
EEFSDSEEEG	-0.02
AVHEDSGDED	3.85
CDEEFSDSED	0.12
EEFSDSEDEG	0.12
VAERRSSPLL	-1.79
AERRSSPLLR	-1.79
LSRAQSSPAS	-1.09
LRKTVSEPNL	-0.06
LLRKESAPPS	0.51
DLLEDSPKRP	-0.05
IRDHESL___	1.8
GRGPPSSSDS	0.24
RGPPSSSDSE	0.24
GPPSSSDSEP	0.24
PSSSDSEPEA	0.24
RTRKRSEGFS	-1.44
ALKVDSPDVK	-0.03
DCDPGSPRRC	0.59
LSRSSSDNNT	1.75
LKRQFSALVP	0.64
LRRLDSSGER	0.63
VPFLASDNEE	2.97
ALTSMTPTAV	-0.68
VAAEVSPAKE	0.87
KAVEESSDEE	0.64
AVEESSDEER	0.64
EESEESEAEP	1.42
RRTLDSDEER	1.68
RGIISSDGES	-0.28
SSDGESN___	-0.28
PPTPCSDPER	0.37
GKRPPTPCSD	0.37
PDPAKSAPAP	1.5
RSTITSREIQ	0.49
RRYQKSTELL	-0.09
SVGRLSPQQE	0.06
PRRPVSPGKD	0.92
LKWLISPVKI	-1.98
REYCLSPRNQ	-1.6
RGGPASPGGL	-1.93
MSELSSSRPK	-0.44
SNAPKSPLTG	0.03
GISQESSEEE	2.05
ISQESSEEEQ	3.19
TALVGSQKEP	-0.41
EEEGISQESS	0.21
PKRKVSSAEG	4.06
KKKKSSPQST	0.18
SVGVLSPQKK	-0.08
LQRGVSPSKA	-0.55
AKGRLSGDEG	1.19
SGDEGSEDGD	1.19
MSKSESPKEP	1.34
VRKALSRQEM	0.09
GNFGGSPGYG	-0.84
GGSGGSGGYG	-1.0
AARPHSIDGR	1.25
GRSSGSPYGG	-1.64
HTGPNSPDTA	1.68
HTGPNSPDTA	1.3
DLISESPIKG	-0.19
DYDDMSPRRG	-0.35
KRSRNTDEMV	2.08
MDRMGSVERM	-0.16
VERMGSGIER	0.93
IERMGSGVER	0.46
ERMGLSMERM	-0.22
RMGANSLERM	0.27
RMGANSLERM	-0.76
KKRRLSDKGL	0.84
YSRAKSPQPP	0.43
EHFDDTVVCL	1.04
DRRGRSPQPP	2.19
TNVYGSAQRR	0.12
HSRSKSPLPP	0.93
LFRSQSADAP	2.71
GTLHTSPDLK	-0.44
EGRPPSPPPT	3.56
IEDVGSDEED	1.94
AEVSKSDIGE	1.36
LLRGPSWDPF	2.36
YSRALSRQLS	4.54
LSRQLSSGVS	4.54
QTCFSSPADD	1.93
EQSWGSPKVT	0.23
QCAILSPAFK	0.1
KPKIESPKLE	0.8
LRRSDSVSAS	0.89
RSRSGSIVEL	-0.17
IAGGGSSCSP	-0.02
GGSSCSPVLS	-1.81
GSGTASDDEF	1.57
TKGSKSPAKV	1.27
AVKSISPEVS	0.24
EVDATSPAPS	0.85
DEEVSSPSPP	0.7
EVSSPSPPQR	1.46
GQRGSSRQGS	0.24
SSRQGSPGSV	0.24
SFHDDSDEDL	0.69
GPVSGSPDSM	0.69
RPRNGTLNKH	-0.37
YRGMGSLDAM	0.92
KKRRISYVQD	0.14
PEGPGSPLLA	-0.17
TSDLMSPSKR	0.02
REKTMSSDDE	-1.21
EKTMSSDDED	-1.21
KSKKISLKYT	-0.34
KEARNSWDSP	0.94
SALSSSLRDL	0.16
RRRKASPEPE	0.81
EALGHSPKDP	-0.54
RAGGASPAAS	-0.54
LPEGRSPGPP	1.16
TTRRNSNSPP	-2.2
RRNSNSPPSP	-2.0
SNSPPSPSSM	-2.0
RKRKASPEPP	-0.89
FQDGRSPGPP	-0.66
AARVASPTSG	-0.6
RHNSASVENV	0.24
RKRTYSLTTP	-0.27
QPSSASLDEY	0.44
LRRAASALLL	-0.14
PARELSAPAR	0.45
MKSQPSETER	1.65
ETERLTDDY_	1.02
KGRVASFSIP	1.21
VQNCISR___	0.92
LRRSQSLPTT	-1.15
YVKLLSPGTS	0.88
SGSSESPASL	0.01
LSKSLSFEMQ	-0.06
KAAVLSDSED	1.19
AVLSDSEDEE	1.19
KSRVVSDADD	0.2
SDADDSDSDA	-1.03
ADDSDSDAVS	-1.03
RRRMNSTGGQ	0.6
KNRGLSAPDL	0.05
GHRSLSPSSN	-0.83
GFRGNSPEMR	-0.37
MWVPESPVCR	-0.86
PKHSHSPASS	-0.08
HSPASSPKPL	-0.08
SDIFGSPVTA	-3.1
ATPPVSPINM	-1.16
RSRDATPPVS	-1.16
WPPPDSPVRV	1.26
PGRPESPPVF	-0.5
FPLAHSPQAE	-0.32
GTDEDSQDSS	1.41
EDSQDSSDGI	1.41
VERRPSPGPR	-1.6
EPAAPSPEPR	1.51
VPAQQSPSM_	0.73
RPAAASPIVS	-0.24
RKMEESDEEA	0.92
AVKRFSLDER	3.11
EELSHSPEPC	0.08
LRRNHSNAQF	0.58
SGRSGSMDPS	0.43
CKVQISPDSG	1.35
FIIRGSPQQI	0.78
STGDTSPCGT	1.9
RPAFFSPSLK	0.39
MKKSHSANDS	0.68
NLRSRSLSGT	-0.04
RSRSLSGTGR	0.07
RSLVGSWLKL	-0.01
EDGDHSDKED	4.03
SRTRASLPVV	-0.69
RERRSTVLGL	1.23
AQERRSPTVE	1.28
IPTGTTPQRK	-0.08
SRRSISSPNV	-0.52
KGRWESQQDV	-0.48
ATLSGSATNL	-1.72
LRRRLSPEKQ	-0.45
RFSFHSPSAQ	-2.5
NQQGFSPKAQ	0.27
KRRRPSALEA	-0.36
VADAGSPGMQ	0.54
RPRSDSLILD	1.02
TPQPCSRPAS	-0.87
CSRPASPEPE	-0.87
MSDTGSPGMQ	0.14
HPRRNSLDGG	0.09
RLYADSDSGD	1.14
YADSDSGDDS	1.14
TVKKGSQTNL	0.5
HQELASDGEI	2.85
KSGRKSGSSS	-1.9
QHPAASPTHP	-0.4
IIRLKSLNAN	2.13
ACKVDSPTVT	-0.49
VSGRASFCGK	0.41
ACKVDSPTVN	-1.44
LRRSGSFGKL	-1.3
MKRASSLNFL	-1.31
RTLSSSSMDL	-0.15
LQRSGSLGKI	0.57
MKRAASLNYL	-1.28
LQVPVSPTVP	-0.25
GQRSASPSVP	0.4
RSRRPSPLAP	-0.07
PRGQGTPPSG	-0.98
RNLTMSPLHK	-1.42
EDRALSPVIP	-0.12
METMASPGKD	-1.12
SEDEDGAGEG	-0.35
AFVEDSEDED	-0.35
SRISVSRSTS	1.0
VTKQPTPPSE	1.26
VMRIASISKS	-0.45
LTRSASMKLP	0.95
QKETESAPGS	2.1
ESAPGSPRAV	-0.43
LPKGLSASLP	1.62
KGLSASLPDL	0.67
STIARSLPTT	0.25
TTVPESPNYR	-1.61
KTRHSSNPPL	-0.81
ISQPPTPPTG	0.15
SPRAVTPVPT	0.19
LIVTQTPHYM	0.69
TRTPRTPRTP	0.83
PRTPRTPQLK	0.88
AIDVKSPRKR	-0.76
RASTASPCNN	-2.77
YVPPRSPK__	-0.82
RGRKNSFGYR	-0.53
STPPKSPQ__	-2.87
SREQSTPPKS	-2.87
GKRKRSSSED	1.11
KRKRSSSEDA	1.11
RKRSSSEDAE	0.97
RDIEISTEEE	1.46
DIEISTEEEK	1.46
SVVADTPELQ	-1.3
VIRKQSEADL	0.54
ARRSASASHQ	0.78
RQRPNSCDRG	-2.32
RQRSNSCDRG	-2.32
ASVRGSSEED	-0.18
SVRGSSEEDE	-0.18
KPSSFSDSER	1.02
KKYVISDEEE	2.51
ARVLGSEGEE	1.77
EDEALSPAKG	1.05
QQGEDSGSDP	-0.24
GEDSGSDPED	-0.24
LATKSSPVKV	-1.92
SLSESSPPKA	-0.09
RETPHSPGVE	-0.07
SPKTVSPPIR	-0.49
WSTATSPLGG	0.24
SAGSGSPSKT	-1.04
NHQIESPSER	2.23
VLRSCSIDRS	1.33
RSRIPSPLQP	-0.1
MRRSVSEAAL	-0.33
SRARNSGTQS	-0.41
NSGTQSDGEE	-0.28
SSTPLSPTRI	-1.8
ERLRLSPSPT	-0.96
LRLSPSPTSQ	-0.96
RGRASSHSSQ	0.3
RASSHSSQTQ	0.3
ASSHSSQTQG	-0.25
TQGGGSVTKK	-2.44
KRKLESTESR	0.25
RLRNKSNEDQ	1.08
AQASSTPLSP	-4.41
PTTPLSPTRL	-2.92
TVSRASSSRS	-1.09
VSRASSSRSV	-1.09
AGGPTTPLSP	-2.92
RMRLESLSYQ	-0.1
PATPLSPTRL	-3.82
ERLKLSPSPS	-2.62
LKLSPSPSSR	-2.62
SRATSSSSGS	-0.55
AGGPATPLSP	-3.82
RQRSASVNKE	-0.35
MRRGESLDNL	0.58
VATTQSPTPR	-0.51
EQRRISHEGS	0.11
PQRSCSLDLG	-0.56
QKKRQSVSGL	-1.35
EIDCLSPEAQ	-2.56
ATTPLSGNSS	0.01
VQKANSPEKP	2.37
KRACASPSAQ	0.5
AVGRRSPVST	0.0
LARQASIELP	-1.11
DQDLASCDRD	0.18
TARELSPQHK	0.71
SSRRSSSEGL	0.11
REKPDSDDDL	1.49
RRDLKSLEDP	0.69
SRRTQSSLTV	-0.21
KQRKDSASEE	0.55
MLRSRSLPAF	-0.65
AGVGGSLRAQ	-0.17
ESQQKSPGKR	1.05
LKRQGSFSED	0.9
MDAMSSPTKT	0.51
SSRAASPTRS	-1.51
SSRRGSDASD	1.18
GLNKPSKIPT	-0.38
KIPTMSKKTT	-0.38
NARWNTLNKK	-0.19
PSKIPTMSKK	-0.38
LEAIITPPPA	-0.53
TPAEYSPQLT	0.09
GEEDGSSDQS	0.44
EEDGSSDQSQ	-0.59
GSSDQSQASG	-0.59
DQSQASGTTG	-0.59
GGRRVSKALM	-0.05
MARRASRGPI	-0.03
LLSLRSPKAR	-0.94
IIRSGSPKLD	-1.08
LGRSQSFSHQ	0.15
LSPLRSPPLI	-0.08
GRGAESPFEE	0.42
KLGDVSPTQI	2.3
EFGQESPEQS	0.73
EGEKLSPKSD	0.55
PKSDISPLTP	1.1
TPRESSPLYS	-0.23
SSPLYSPTFS	0.26
EETTRSPDEE	2.49
ERTTKSPSDS	0.17
SEKTTSPPEV	0.28
TAEKKSPSEA	1.23
EKTTRTPEEG	2.27
TKTTRTPDTS	-0.76
PGRAESKESV	1.46
ANGPRSPPSL	-1.69
PRARRSASPH	-1.71
ARRSASPHDV	1.74
DLCLVSPCEF	1.74
APAPASPGSS	0.68
IAEGPSPTSE	2.67
LNQPGTPTRT	0.23
___MESPASS	-2.68
GKLKISPEQH	2.17
GRLVDSKAKT	1.26
SKGRRSPSPG	-0.49
GRRSPSPGNS	-0.49
RKKRLSIIGP	-0.52
MPRAQSYPDN	1.7
QPRRRSIQDL	-1.05
PPRRSSQPSP	0.68
SRCSVSAVNL	0.11
KRLSKSSATL	0.04
CPRSASASPL	-0.06
PNAGGSPAPV	-0.54
KSRGPTPPAM	0.77
QQKRWSWGGS	0.15
NKRSASTEKL	-0.49
DILPKSSDTF	0.06
GFLTEYVATR	0.43
GFLTEYVATR	0.16
FMMTPYVVTR	0.78
LNRRTSFSFQ	-1.6
YSSPGSPGTP	0.22
GSRSRTPSLP	-0.84
FSFKKSFKLS	-2.34
KLSGFSFKKN	0.15
SPSNETPKKK	1.51
KLSGLSFKRN	0.83
LLRSKSPVGN	0.3
IRGRNSATSA	-0.63
VQRSVSANPK	-1.12
KQRRFSDQAA	-1.08
AKVPASPLPG	-0.18
NRSRNSPLLE	-1.32
VSSRSTFHAG	-1.04
KQRRYSDHAG	-1.3
GIAPASPMLG	-1.2
MTRRNTYVCS	-0.41
RDPYGSLDRH	0.24
QSLGQSAPSL	-0.43
SWVIGSPEIL	-0.45
LELALSPIHN	-1.29
ELVDSSPCKK	-2.65
HFRRDSFDDR	3.67
RKRSYSPDGK	0.57
PDGKESPSDK	-0.08
PPPSQSPEPT	0.65
MDNNCSPTRK	-1.56
IRIQESPGKV	-0.08
RPDLGSAQKG	-2.61
QVDLQSDGAA	1.21
EDARSSPSQR	-0.82
RIAEPSVCGR	0.84
SGVRGTPVRQ	-1.25
EPGAGSQHLE	0.57
PGMVRSPQNQ	0.08
EVRADSVGKL	0.95
VKPPGSPVAK	0.5
NQARVSPSTS	0.45
PSTSYTPSRH	-0.62
GAQGGPPVAQ	0.4
LLAEDSEEEV	1.01
LATMDSPPHQ	-1.78
PPGEDSDTDV	-0.51
ESQAGSDTDV	0.06
TTERDSDTDV	0.3
LVRAHSEKDQ	2.29
PPFGDSDDSV	1.58
GDSDDSVEAD	1.58
VEADKSSPGI	0.4
EADKSSPGIH	0.64
DQHPESPVHT	0.52
RSSVKTPETV	0.19
RSSVKTPESI	-0.55
RSSVKTPEPV	0.34
ARRGATVEAK	2.17
GEDSDTDVDD	-0.51
QAGSDTDVEE	0.06
ERDSDTDVEE	0.3
KARKLSSAMS	0.03
SSKAKSPISS	1.68
AGRSQTPPGV	-0.19
AKRKLSDDPC	0.75
KKNRHSPDHP	0.34
VMPTKSPPPP	-2.67
DRESPSVKRM	-0.42
AKVFGSLERG	-0.43
GKRRNSCNVG	1.93
ETPKSSPLPA	0.96
HVVLASPLKT	-1.9
TLNAETPKSS	0.96
PTAPLTPLLH	-0.34
DARVHTPHLD	-1.39
VLQAVTSQTS	2.36
EVVGESDSEV	-0.16
VGESDSEVEG	-0.16
MEREDSSEEE	1.8
EREDSSEEEE	1.8
YAPMESSDEE	-0.03
APMESSDEED	-0.03
LDALNTDDEN	2.61
RERSMSENAV	-1.57
GATSGSPPAG	-1.84
SSRGSSPTRV	-0.23
DVRVQFNHET	1.06
LKAVHSPIRS	0.16
ERRPDSPTRP	1.3
KRLRGTPERI	-2.36
RAPSASPLAL	-1.87
QMPQASPGLA	0.0
SVHVRSPARP	0.1
SLPARSPSPP	0.9
PARSPSPPRR	0.9
QKASVSGPNS	-1.96
VSGPNSPSET	-1.96
LPRRESPSEE	1.27
YDRAISAPTS	-1.34
ISAPTSPTRL	-1.34
IHRRKSFDAS	0.22
YGVSGSPTKS	-0.18
STGLCSPDLV	-0.97
PKRSLRKADT	1.37
RTFKESPKQI	-2.45
KIACKSPPPE	-0.86
KIPCDSPQSD	0.53
MPCESSPPES	-2.36
KIACRSQPDP	0.36
KAFMESPKQI	-3.64
PQPKRSLRKA	-2.27
KILCKSPQSD	-0.67
KIACKSPPPE	-0.45
KIACRSPQPD	-1.79
KAFKESPKQI	-3.56
KIPCESPPLE	-2.39
RARGKSSEPV	-1.65
VAEPASPEQE	-0.27
QSLVISPPAP	-2.51
SPPAPSPRKT	-3.93
DKCSASPPLR	-0.28
MIRSFSEPFG	-1.04
QGPEDSPSRQ	-1.77
PATADSPKPS	0.72
KHAEATLGSG	0.9
FVRTDSIGEK	0.04
SPIKLSPATP	-1.3
VPQSGSPEPE	-0.24
LPQLVSPIVS	-0.97
SDLRKSPVFS	1.81
KSPVFSDEDS	1.62
FSDEDSDLDF	1.62
MPIRRSAQLE	-0.78
TRARRSQESD	0.17
NIRSKSVIEQ	0.11
SASPLSPHRR	-2.03
IMKSKSNPDF	1.07
EGRSKTFDWA	0.55
GVDFESSEDD	0.21
VDFESSEDDD	0.21
DEGYDNYPGQ	0.58
EGYDNYPGQE	0.58
IERPLSPHME	0.66
QFFDDSPTRG	0.65
AAPGASPSPG	-0.67
LARSASPPKA	-0.5
GGLRRSVAPA	-1.44
IHNVGSPLKS	0.36
PKEVMSPTGS	1.41
KSMRKSPLGG	-0.33
SESSASPQPK	0.07
IDEFESM___	0.68
NRSNMSPHGL	0.31
ARSSGSPKFA	-0.25
PEASQSPLVL	0.64
EAQSLSPYTT	-1.74
PKAAKTPLKI	-1.59
VRNTGSPKSA	-1.35
AELSGSPLKS	-0.57
LQKENSPRRG	-0.03
LQRAVSVSSM	-0.82
LRVLHSPPAV	-0.31
LSSQISAGEE	0.63
ETSWESPKQI	-0.8
LPQRASPRLL	-0.61
SERGSSPSHS	0.25
NLCRRSILGT	-0.04
AKIWLSTETL	-0.15
HQRQLSLPLT	-0.29
LQRHSSKPVL	-1.49
SERASSPAQC	-1.1
ASRRCSDPSL	0.57
DGMQESP___	0.35
RTRTDSYSAG	0.28
PSPSISPR__	-2.31
LERTASRLGS	-0.59
LRRNDSIYEA	1.55
LPRHISLTLP	-0.36
VASGPSPGEG	0.6
PGEGISPQSA	0.16
PSATQSPISK	-0.18
RERSKSDSYT	-0.54
FQRSYSVVAS	1.04
ASLELSDDDT	3.72
GAGDGSDEEV	1.46
LLRVISGVLQ	0.99
GLGVLSPSGE	-1.03
LMLQNSSARA	-1.28
KLEGDSDVDS	1.81
DSDVDSELED	1.81
LQRSTSFRQG	0.22
YCRSISPEWK	-0.12
QEKPDSPGGS	0.65
SKLLPSLAKA	0.28
PDAGLSPGSQ	0.84
TGAALTPTEE	0.35
PVGTVSEAQL	0.74
MPRQPSATRL	0.72
GGPGKSPTQG	-0.49
MPRQPSATRL	0.72
GGPGKSPTRG	-0.49
QKRRFSDSEE	0.62
TKKQFSLENV	1.52
RNKAGTPVSE	0.34
CSRRQSSSSA	1.52
RRQSSSSAGD	-0.91
SSAGDSDGER	1.52
SARSFSPKSP	-1.41
SFSPKSPLEL	-1.1
LGEKLSPLPG	-0.31
KSRSLSASPA	-1.04
FRRTRSLHGP	-0.7
ERALGSPTKQ	0.05
DGLVETPTGY	1.66
ESEWHSENEE	3.4
LCAGQSP___	0.39
FVQRCTP___	-0.03
LSNRSSPLSW	-0.37
NIQYRSLPRP	0.08
PWRSKSMNVK	-0.85
EGEEDSDSDY	0.49
EEDSDSDYEI	0.49
PNYQLSPTKL	-1.88
LASTASDNDF	0.14
MSPAVSQPCT	0.18
CQTAEADSES	0.75
TAEADSESDH	0.75
EADSESDHEV	0.75
PRLLASPSSR	-1.72
EPEGMSPMEP	0.94
PKESRSPQQS	-0.31
KRRKTSDANE	0.85
HKRRKTSDAN	0.08
MISTPSPKKS	-2.08
GKRPHSPEKA	-0.5
LKMISTPSPK	-2.08
VERKNSARKA	0.58
RAAPTTPPPP	1.12
QGPRGSPNAR	-0.28
PRHRMSPGVA	-0.47
EDINASPEMR	0.88
YRREGSYDRY	1.01
SRRDRSPIRG	1.21
SPIRGSPRRE	0.29
REGTRSPRTA	-1.96
QIKRESPPIR	-0.55
PEKPVSPPPV	0.81
KQEQLSPRGQ	-0.55
IIGEDSPSRL	-0.75
RSLIGSPGRT	-2.44
PRANASPQKP	-3.02
LKREGTPPPP	-0.79
GSPGRTFPPV	-3.15
LVYDQSPNRT	-1.73
RSRTASGSSV	-0.99
RPRSLSSPTV	-1.29
MLRTCSLPDL	-2.18
RAWGKSPTDS	1.6
TTAAHSLVGT	0.79
RPRSSTVTEA	-1.02
PEEPSAPSPT	-0.73
EPSAPSPTLP	-0.73
FQRSISADDD	1.55
LAVQNSPKGC	-2.76
VKRSLSEQPV	2.18
HQRRNSYRGH	-1.28
RTRHGSASQV	-1.63
QRSAGSFKRN	-0.26
GLATYSPPMG	-0.34
ESGITTPPKM	0.03
PLSPPSPRTK	1.18
VVLTSSPEAT	2.46
IHDSKSPGAS	1.99
QQEIDSDESP	-0.75
IDSDESPVAR	-0.75
ASLSHSAGNI	-0.12
ITASGSLKAL	1.98
SVSSLTDLKP	0.89
LKRHLSMQSF	0.32
RKRVDSDSDS	1.01
RVDSDSDSDS	1.01
DSDSDSDSED	1.01
LLGGGSPKNN	0.29
DILLDSPERK	1.28
SRSQRSDSYH	0.32
SQRSDSYHRG	0.32
AIPVESDTDD	2.57
PVESDTDDEG	2.57
VMLGETNPAD	1.32
VMLGETNPAD	1.32
NRGGLSPAND	-0.33
PRLQDSSSEE	1.11
RLQDSSSEEE	1.11
LQDSSSEEED	1.11
DRKAVSPSSS	-1.77
AQTKAPPKPA	-1.67
AVTTKSPAVK	-1.26
EKRASSPFRR	-1.16
SIKFDSE___	0.04
KIKLQTPNTF	-3.85
LQTPNTFPKR	-3.85
GTLGLTPPTT	-1.29
GAIGGTPPAF	-3.14
YNSNMSPEEK	-0.92
KEELMSSDLE	-0.03
EELMSSDLEE	1.76
KKRKFSKEEP	3.71
KEEPVSSGPE	4.05
EEPVSSGPEE	4.05
KRKKSTPKEE	2.17
LSCIHSPVVN	-0.63
AKAPGSPAAP	-0.48
EEDAESEDEE	2.72
PKGPSSVEDI	0.6
AKMQASIEKG	-3.27
IEKGGSLPKV	1.76
MNYEGSPIKV	0.48
KSIRDTPAKN	-2.7
SLAFDSEHSA	-0.76
FDSEHSADEK	-0.81
AEAEDTPRKR	-1.19
PPRKKSPNEL	1.05
TDIRKSDLIQ	-0.06
RSRSRSRSPL	-1.27
RSRSRSPLSP	-1.27
RSQNHSRSPS	0.48
QNHSRSPSEE	0.48
HSRSPSEERG	0.48
INEMESPLAT	0.16
ATVTPSPVKG	-4.74
SQFQESDDAD	4.06
DEEPESPPEK	1.32
TKKDDSHSAE	0.25
KDDSHSAEDS	1.16
HSAEDSEDEK	2.42
LKATVTPSPV	-4.74
TKIVDSPEKL	0.17
ADNDGSGSES	-1.37
NDGSGSESGY	-1.37
KARRNSAKGC	-1.09
LERNDSWGSF	0.0
FPEELSPPSH	1.49
PGEPASPISQ	0.95
LARQGSFRGF	-0.21
FKRQLSLRIN	-0.07
GTGGKSPRLT	-1.42
QAAKLSPRDT	-0.8
RGAPSSPATG	0.54
TGVLPSPQGK	-0.42
SMVQKSPRIT	-0.91
AAKPGSPQAK	1.08
VPAKLSPMKQ	0.36
KSPRITPPAA	-0.14
QPRSISGPSV	0.67
LLAGGSPPQP	-2.52
IKTLGTPTQP	1.91
KDRRLSPATE	0.26
SGAFLSPSVS	-0.18
KPLTESPFKV	0.0
YGLQDSDEEE	1.5
GQARRSSPPG	-1.6
VEEEGSPGDP	1.37
GPQPRSVEPQ	0.33
RPEPLSPKES	3.4
KEIKHSPGPT	0.12
HGARTSDSDQ	-0.93
KMLAESDESG	0.19
AESDESGDEE	0.19
LQRSLSELES	0.44
SSRSRSLTLL	-0.01
SQRRPSQNAI	-0.19
LHRTYSAPAI	1.71
GGSFESPKKE	-0.8
QDASSSPSAQ	0.55
LERTASSSTE	0.73
LDDEDSD___	1.33
AADVVSPGAN	0.47
RPKEESSEDE	0.21
PKEESSEDEN	0.21
GGWEWSDDEF	4.74
____MSGEDE	0.58
EQQEQTIAED	0.58
SLSTSSPESA	-0.6
LQGSASPSKV	-0.78
ERTNSSDSER	0.13
TNSSDSERSP	0.13
SDSERSPDLG	1.16
KQKYLSFTPP	-0.89
SLRRDSPPPP	0.99
DKRPLSGPDV	0.27
PPGPRSPQRE	0.33
VPRRKSLVGT	0.52
VTRSNSLRRD	-1.44
NQRGRSPRSP	-1.71
GRSPRSPSGH	-1.71
SRSRDSGDEN	-0.36
TARIASDEEI	-0.36
ITPHTSPAPR	0.71
RDRLGSYSGP	-1.34
PKRSHSPSID	0.65
QRQYSSLPRQ	0.61
HVRRSSDPAL	0.09
RERRISHSLY	-0.18
GFGRQSMSEK	0.28
RHGAGSGCLG	-0.62
__MNRSHRHG	1.12
__MNRSFHKS	0.58
RSFHKSQTLR	0.58
VPPHLSPDKK	0.18
KAGPVSPGCV	0.9
LFKKVSPWET	-0.11
TARAHSPASL	-1.59
PRRSTSPIIG	-1.37
RDANVSGTLV	-0.66
HLEGLSSDDE	0.76
LEGLSSDDEE	0.76
EETAVSPRKS	0.7
RRRATSPSSS	-1.04
RATSPSSSVS	-0.82
QQPSASPRAG	0.33
KAHRLSAEER	2.29
ETLSQSPQGR	1.53
PMPASSPVIC	-0.21
GQHTISPLDL	-1.32
GIDSSSPEVK	-0.5
KGMGCS____	-0.62
TGGMGSS___	0.05
KSKSKSPSPL	-0.64
KSKSPSPLKN	-0.64
SPIIHSPKRR	2.5
KRRQRSMSPT	-1.26
RQRSMSPTST	-1.26
TKGILSPRAP	-0.88
LESFSSMPDP	0.94
VTNDISPESS	-0.66
LAETASPVAV	-0.26
YMSQMSVPEQ	-0.84
RQQNISMQRQ	-1.46
EDEEGS____	0.02
MLQALSPKQS	-0.43
RECRESGSEQ	-0.12
RKRFVSEGDG	0.9
LTVPTSPKGR	1.39
RKVMDSDEDD	1.87
SATCHSEDSD	0.0
CHSEDSDLEI	0.68
ELEEEAEEEQ	2.46
MARIHSMTIE	-0.24
GLRRLSGNEY	1.67
RYHGHSMSDP	0.35
SDPGVSYRTR	0.35
LVLPPSPGPR	-1.2
SRALATPPKL	0.06
EIQDGSPTTS	0.14
LVPDASKQRL	-0.16
CGERLSLGLS	-0.79
CAACKTPIRN	-0.28
QARANSFVGT	0.97
AVGQESPGGL	-0.69
SSNPSSPGRI	0.02
SEMDHSENED	1.11
RGHTASESDE	0.7
QQRAESPESS	1.91
PSKTPSPSQP	-0.63
MKSFFTPGKP	-1.92
ESTQSTPQKG	-0.75
GRPSKTPSPS	-0.63
QGAGVTLPPT	0.01
QSLSHSPKRV	0.79
LTRIPSAKKY	1.1
IIRQPSEEEI	2.39
RANTLSPVRF	-0.18
CDKAFTPFSG	0.15
KGRYRSQSGE	0.04
RQFPPSPSAP	0.48
RMRRNSFTPL	0.29
RPRNYSVGSR	0.12
TRRTLSMDKG	2.32
MQQGGSPTPF	0.42
RLRGRSFAGN	-0.1
KRNVESGEEE	0.0
FEKHSTL___	1.26
EPTVYSDEEE	3.94
AASGDSDDDE	3.01
LTRRLSQRPT	0.8
VPGTHTPPIR	0.21
LVRRLSQRPT	0.83
LSRKLSLRPT	-0.47
LIRRLSQRPT	0.95
LTRKLSQRPT	0.44
RGRRPSGPDG	-0.16
PRRRASAPHG	-0.24
_MAQASPPRP	-0.36
KKRKGSDDAP	0.83
DDAPYSPTAR	-0.56
PVDDLSPKKV	-0.37
RQRFYSDSHH	0.23
AKPVGSPLFK	0.26
SSKSFSLDEP	-0.17
ADLEESFNEH	0.26
ELEPSSPKSK	1.75
SYRDRSPHRS	2.4
DDAPWSPKAR	-0.74
KKKVLSDSED	0.77
KVLSDSEDEE	0.77
RNRAQSYDIQ	2.53
RSRSNSGVRL	0.43
HERPPSPGLR	1.44
VGRTFSDGLA	-0.64
LQPPESPRLG	-1.42
ELPPLSPSLS	-2.16
SRRALSPLPT	-0.84
APHKGSFSGR	-0.5
VQRKLSSGDL	-0.09
RERKNSITEI	1.11
SITEISDNED	0.43
DGEATSPLPR	-1.23
SSRHKSHDNV	-2.69
ASMPSSPKQA	0.19
LSVPASPRVA	-2.64
RERKSSISSI	-0.95
KSSISSISGR	-0.94
CHRKDSLPDA	-2.71
AKRSPSPLGT	-1.34
RGRECSPTSS	-0.76
ECSPTSSLER	-0.58
CSPTSSLERL	-0.58
TISINSPKAQ	-1.8
PEAPPSPDVL	0.66
DHALNSPTSP	0.16
HQRSSSESYT	0.02
PPKIGSFQLF	-0.67
GVRRRSFNDF	0.6
LKRKTSSVSS	0.71
TSSVSSISQV	-0.3
VCQEGTLKRK	-0.98
HTRSGSEEAV	0.97
LMRTASELLL	0.54
RPFMGSISQQ	-0.03
LAHNVSKDNR	-0.02
HLHDSSQKGV	0.92
RNRSASITNL	-0.35
MRKRGSVRGT	0.23
SSRRGSMNNE	-0.4
RSLDDSEEDD	0.9
SRRRGSISSG	0.38
RLDIDSPPIT	1.78
VKRSMSPFRG	-1.5
QKKIFSKQQG	-0.79
QKKIFSKQQG	0.03
EAPILTPPRE	0.59
YSSQKSVEER	0.06
AMRRVSSVPS	0.19
MRRVSSVPSR	0.1
SQRPASPTAI	-1.26
TARVGSPLTL	-1.14
ITPVSTLERD	1.38
RKRHNSISEA	0.47
KRHRPSAGGP	0.1
IPRAPSQHIF	0.91
REAGNSFVRH	0.58
LEPVASPAKK	0.77
QSKRASFAEK	0.59
DRRPRSLHPH	-0.82
RSRSSSVGSS	-0.57
SSSVGSSSSY	-0.57
SSYPISPAVS	-1.56
TKGYYSPYSV	-0.85
VSGSGSTAGS	-0.72
DEGQLSPATR	1.45
RNRRLTVNEA	1.46
LRKQITMEEL	1.44
GYYSPYSVSG	-0.15
LRRSQSYIPT	2.09
FSRSISLTRP	1.27
GKRSNSIKRN	1.61
IQRTNSMQQL	0.42
PPRAKSPTPE	-1.45
VISYQTLPRN	0.67
PEGYRTLPRN	0.68
ISLGDSPRRA	-0.85
HVDRRSMPSM	-0.81
ESRYQTLPGR	-0.52
NTRRISIVEN	0.21
TPPLGSPRPR	-0.67
VLEPLTPPLG	-0.67
SAGEMSPQRF	-0.46
RPSARSPLSP	0.39
ARSPLSPTET	0.39
VNRSHSVPEN	0.42
NRYRCSPERL	-1.19
VRRRESLSYI	-1.29
VKGPLSPFNS	-0.82
LRKAYSFDRN	-0.49
LSRARSPPQV	0.37
AKRHLSQPQL	-1.04
HARSRSDITQ	0.43
TSKAVSPPHL	0.68
RDRQRSPIAL	-1.41
LRRGFSDSGG	2.08
SDRKRSISES	0.61
RKRSISESSR	-0.9
SISESSRSGK	-0.9
AVRKMSVMGR	2.24
KRAISTPETP	-2.01
FSLSGTLETV	0.0
PTSPKYSPTS	0.65
NEAGDSSQDE	1.16
EAGDSSQDEA	1.16
SRMVCSPVTV	-0.19
SGSGHSAFEP	-1.61
NGPSSSPFSS	0.39
SRMVCSPVTV	-0.19
SGSGHSAFEP	-1.61
NGPSSSPFSS	0.39
PSVASSPNGK	2.28
ESVSSSPNKE	1.14
RVGSGSLDNL	-0.15
ALHTVSHEDI	0.35
LQKSSSLGNL	0.6
LRRSQSTTFN	-0.92
TFFRESPVGR	0.28
SSRSYSPERS	-1.02
TSRDTSPSSG	-0.2
MERFGSRNGK	0.27
FGYKGSCFHR	2.29
RERRTPPGRS	0.68
FLMRKSPPKA	0.89
DRFRRSETPP	1.55
DRRAQSRSRE	1.08
RAQSRSRECD	0.46
TPPGRSRSKD	0.68
ADRDQSPFSK	1.03
KFDHESSPGT	-0.52
FDHESSPGTD	-0.52
FRRSETPPHW	1.55
ESSPGTDEDK	-0.52
KTHHCSEEKE	1.32
NPHRESDGAS	2.59
SGRPVTPPRT	-0.05
KKKVLSPTAA	1.17
RAFGESSTES	0.04
AFGESSTESD	0.04
ESSTESDEEE	0.04
FGESSTESDE	0.04
KRDKKSPLIE	1.57
LRKTGSYGAL	0.37
VTRSASSPRL	-0.01
QSRRSTQGVT	-1.23
LLKTGSSGAL	-1.0
LQRSASSSWL	-0.8
RGPGGSPGGL	-2.03
MQKLSTPQKK	0.23
EMRDQSPKGR	1.48
REERLSPRET	1.42
WKWRLSPGET	1.29
ESREQSPRRK	-0.87
CLAKGSPERH	0.17
LDLSLSPRPD	-0.62
LRRARSLPSS	-0.4
RSLPSSPERR	-0.4
ERALNSALAE	0.33
FERRTSLGEV	1.2
KRSQGSSQFR	-0.08
LLRRKSELPQ	0.61
KERRQSSSRF	-0.39
ERRQSSSRFN	-0.39
RRQSSSRFNL	-0.26
FDDGGSDEED	2.12
__MRRSEVLA	-2.62
PKKPLSPPKK	-0.04
KRRTASPPAL	0.69
SRKSRSDNAL	-0.64
SRRSRSDNAL	-0.21
SMGHGSRRDL	-0.22
PLIADSPKAR	0.07
SELSSSPPGP	1.0
KGRTWTLCGT	2.1
KGRTWTLCGT	2.1
KGRTWTLCGT	2.1
ATPRQSLGHP	0.74
DAKGDSESEE	0.6
KGDSESEEDE	0.6
FNRRVSVCAE	0.81
FTRRASVCAE	0.84
EEPMQSDSED	0.08
PMQSDSEDGE	0.08
PQWNESFTFK	0.47
RKRRLSSTSL	0.2
VETQASQGTL	0.09
LVDHTSPSSD	0.04
PMFVETQASQ	-1.09
GQIRATQQQH	-0.54
HDFTLTQTAD	0.66
ELRAPSPPVE	0.8
FSRGGSLESR	-0.34
EALSPTSPFR	0.72
VYGGKSTIRD	0.11
SSGTASSVAF	-0.33
YGGKSTIRDR	0.16
SGLMST____	-1.02
KERRRSRSID	-0.41
RRRSRSIDRG	-0.41
NKRSRSGSQG	-0.44
RSRSGSQGRT	0.41
RRRSQSIEQE	0.16
WTEHKSPDGR	-0.31
ELPNRSPGFG	1.0
DQARKSKSPT	0.3
ARKSKSPTLR	1.05
KDRKKSPIIN	0.76
SPKRRSLSPK	0.71
KRRSLSPKPR	0.71
DKSRRSRSPL	-0.98
SRRSRSPLLN	-0.98
GRRAKSRSLE	-0.3
RAKSRSLERK	-0.3
RSKDASPINR	1.83
PINRWSPTRR	1.83
STRTRSPSPD	0.73
RTRSPSPDDI	0.73
EIIDASDKEG	0.61
DKEGMSPAKR	1.58
NDITPYLVSR	1.56
SVSGQTVVDP	0.07
DDGRHSPPMV	1.14
TLPSFSSDEE	0.4
LPSFSSDEED	0.4
RPRRHTVGGG	2.16
RRGSTTPRPH	0.69
VVRSKSYNTP	0.09
SIRRHSVSEM	-0.02
LKKSHSSPSL	-0.25
GVTSTSDSEE	-1.77
TSTSDSEEEG	-1.77
TGVTSTSDSE	-1.97
KEEDESDDDN	2.52
EKRITSPLME	0.78
KYSGSTP___	1.11
FQRAQSLLST	3.6
YRLVGSQEEL	1.17
KANVSSPHRE	1.64
DRPPCSPSRV	-1.51
KGSEDSPPKH	0.17
GPRPESPVPA	0.92
RRRLMSMEMD	-0.55
RPGYPSPRSS	0.11
MEDSTYYKAS	0.44
TNKRHSTSDK	0.16
RYRDVSPFDH	-0.72
PEKQDSPPPK	1.17
LERNLSFEIK	-0.71
SKSVASLNRS	-0.53
ASLNRSPERR	0.61
MGRAISTGSL	-1.01
TEQSNSPPPI	1.02
TWSRSSLPRQ	1.05
PSHRHSAIIV	0.28
KYVSGSSPDL	-0.61
YVSGSSPDLV	-0.83
VNKRHSLEVM	-1.0
MARRNTLREQ	-0.42
AVSVGSQPSV	-1.15
MRRSLSVEHL	-0.16
CEGTESPYQT	0.21
CGRKGSPYHT	-0.88
KHRWPTGDNI	-0.88
GSRQASPTEV	1.49
EGDGDTD___	1.16
QQTRISASSA	-0.13
QPQSSSPVYG	-0.78
KRRQISIRGI	2.59
GLQMKSPEKK	1.0
DRRSKSIEER	1.88
NNMTASMFDL	1.02
NNMTASMFDL	0.69
NNLSASMFDL	0.85
HKRTYSDEAN	-0.29
FARKHSMLFI	0.26
LSRLRSPSVL	-1.91
HTRNKSTSSA	0.46
INRQTSIETD	0.64
KRRSTSRQFV	-0.65
VKKTRSIGSA	-0.28
QVTIGTR___	1.4
ESPAKSPASS	-1.2
QRVFQTEAEL	2.91
KRKLATPPAA	1.01
RQRSTSTPNV	-0.71
INRSASEPSL	-0.11
QHRYSTPHAF	-1.18
QRSTSTPNVH	-0.91
LPRSSSTSDI	-0.62
VGRSFSLSWR	-1.52
VRRSSSPAEL	-0.33
AAVSTTPPHN	-2.47
PRSAASREDL	0.67
PEVGASPQSG	-0.47
HRKCHSLGYN	0.61
NRLYHSLGPV	0.11
EFKSATFPNA	0.65
YRGRLSPVPV	-0.68
GLLTHSEEEL	1.1
EELEHSQDTD	1.44
EEGLLTHSEE	1.1
EHSQDTDADD	1.41
KVKAKSIVFH	-0.52
LFRFASENDL	1.75
SLSSRSPKSQ	0.96
DSYPGSPSLS	-0.48
GSPSLSPRHG	-0.13
FKSALSPSKS	0.46
PKAVVSPPKF	-2.02
KSYKYSPKTP	1.09
DIPLQTPHKL	-1.55
KDSLITPHVS	1.65
VSRSSTPRES	1.11
KYSPKTPPRW	0.02
RSAGGSSPEG	0.42
SAGGSSPEGG	2.04
EGGEDSDRED	2.04
RERTSSLTQF	-1.75
RQSAPSPTRV	-2.17
HRRTASAGTV	0.81
TSKTSSPGGK	-0.26
LPRQNSTGQA	-0.04
SLTNPTPIQQ	-0.51
IPRPRSPNMQ	1.28
TLYRQSLPPL	-0.99
EPKRKSLTFT	-0.99
KRKSLTFTGG	0.16
QMVCNSDRVL	-1.18
FETQRTPRKS	-0.5
VIPPHTPVRT	0.34
EIVKPSPKRK	0.22
QPLMRSPISR	-1.97
YRRYHSRSRS	1.34
RYHSRSRSPQ	1.34
HSRSRSPQAF	1.34
NRENFSPERF	1.18
EKITGTPRKA	-0.04
SFAPSTPLTG	-2.82
KEAVITPVAS	-2.77
YIKENSPCVT	0.11
ALRISTPLTG	-0.58
NSPCVTPVST	0.11
RRAHLSENEL	0.51
RRHRHSPTGP	-0.01
RTRSRSPLGF	1.06
KKRSGSLERD	0.95
GQRSLSPGGA	-1.45
RHCAPSPDRS	0.28
PSPDRSPELS	0.28
LLERPSPIRD	-0.61
SSKLKSPSQK	1.13
GARDRTPPLL	-0.64
GASGMSPRAS	1.07
MSPRASPLPP	-0.13
QYKQRSLSPV	0.66
KQRSLSPVAA	-0.67
GRTTHSPYEE	0.73
RPDPDSDEDE	3.45
IPPPVYEEQD	-0.96
LGASNSPGQP	-2.52
EVKAASPGRC	1.16
RKRKRSVQEG	2.61
RGRYRSPYSG	0.21
IQRSFSSPEN	2.52
KVRMNSYPYL	3.11
GRGFGSEEGS	0.54
REDYDSVEQD	3.25
PSLSESSEDE	1.41
SLSESSEDEK	1.41
KRARRSRERE	0.23
IAKRRSPPAD	1.31
SSGGGSSGDE	-1.22
SGGGSSGDED	-1.22
SIRVGSPQPS	-0.56
RLRSFSMHDL	0.18
LRRSQSMKSV	-0.72
EVRYGSLKYK	-0.33
RLRSFSMQDL	-0.1
GGLQDSDTED	1.24
EDECWSDTEA	1.24
LIRSQSLRVV	-0.69
LQDSDTEDEC	1.24
LNRAGSISTL	0.93
HTNPTSPLLV	-1.35
HSRSSSLDMN	0.42
RRRLKSEDEL	0.4
RQALDSEEEE	1.74
AMDNHSDSEE	0.91
DNHSDSEEEL	0.91
DLDGHSDPEE	2.26
PVTYISETDE	0.77
KNKPLSPIKL	0.24
ERKSYSPRKQ	-1.81
IGEVSSPKAS	-0.68
RIIYDSDSES	-0.41
IYDSDSESEE	-0.41
TYISETDEED	0.77
WMNNGYSGVG	-0.52
NNGYSGVGNS	-0.52
SVSGHGILPS	0.12
RRRTHSEGSL	0.57
THSEGSLLQE	0.57
FRRQASLSQS	2.47
YLKSVSLQEP	2.97
MQKTYSMICL	1.09
ISKKLSFLSW	0.77
RQKSASTLCL	0.23
HNKSATYSVG	1.67
QKSASTLCLP	0.18
LSKSNSVSLV	0.01
PRRAQSLKAP	-0.02
FMKALSYASL	-2.11
ALSYASLDKE	-2.11
LHKRDSFDNC	0.13
TRCVWSPLAS	-1.95
AKGFLSPGSR	-2.99
SPGSRSPKFK	-2.99
QPKVKSPQRP	-0.18
PEEAESSEDE	1.24
EEAESSEDEA	1.24
HERRHSDVSL	-0.3
GSPATSPHLG	0.99
LLRSMSAAFC	0.06
TEIAVSPRSL	1.07
RMMSLSQSRS	0.08
VNRSQSFAGV	-1.37
AERSRSPLHP	-0.86
LLRAVPGGAG	3.01
HGRSQSLPNS	0.89
FLNEGSQARP	-0.54
SLSSAAARPR	0.16
DGRVLSPLII	0.7
FVSRGSPNET	-0.34
CQHPRSPGAP	0.04
ERVRASLSDL	0.06
LQGLQTPSCK	0.73
QDRVHSPCPT	1.02
PPRRFSPPRR	1.13
PMWRRSPPRM	-0.1
PFARSSPRTS	0.2
RRRNKSTESL	0.0
RARAHSIQIM	-0.09
QVFEKSPLRV	0.34
QDEDESESED	0.98
FQRAITGASL	-1.09
AIRRASAILR	-0.63
VIKRRSGQRK	0.26
SQRYESLKGV	0.78
FAPTKTWRRW	-0.22
___MPSKGPL	0.56
LLDFGSLSNL	1.67
__MDTSRVQP	0.44
EILPTTPISE	0.72
PPVQESV___	-0.3
RTPKDSPGIP	0.16
EKKAYSFCGT	1.48
KTPKDSPGIP	1.35
PGIPPSANAH	-0.04
LNRNQSPVLE	-0.96
YSFCGTVEYM	-0.06
PRTPVSPVKF	-1.27
NAKISSLLEE	0.36
HQAGGSPPAS	-0.02
QECPPSPEPT	2.18
ATAPPSPLKR	1.33
___MVSRVQL	1.33
GDGDLSAEEI	-0.58
AEATSSTGEE	-0.69
STGEESGSEH	0.99
KSILVSPTGP	-1.15
EATSSTGEES	-0.69
QGPPCSDSEE	0.28
PPCSDSEEEV	0.28
MNEEISSDSE	1.21
NEEISSDSES	1.21
EISSDSESES	1.21
ADMPKSPFKR	-0.55
NYKEDSESDG	0.52
KEDSESDGSQ	0.52
SESDGSQKSL	0.52
RKRGRSTDEY	1.15
STDEYSEADE	1.15
TDEEESCDNA	0.89
SDDFDSPVKG	-0.27
KRGRSTDEYS	1.15
LHRIETDEEE	2.12
ATGKKSPAKS	0.33
GTSTSTPAAP	-2.88
LPASETPKAA	-4.06
AAESETPGKS	-4.06
ERLMGSPVA_	0.18
RRFSRSLSRT	-1.99
FSRSLSRTPS	-0.57
LSRTPSPPPF	-1.99
SEVSVSPRAS	0.73
RSLSRTPSPP	-1.99
HIRSHSDTSI	-0.09
TAMRVSPHHP	-2.18
TPRSTTPGTP	-0.18
STTPGTPSTI	-0.06
TDRPGSPA__	2.01
LERYASNVCF	0.27
AGGGISEEEA	1.9
GTRRLSDLRV	1.27
ADQKMSSPED	1.2
DQKMSSPEDD	1.2
VKTSGSKERA	-1.46
KRSVVSFDKV	1.7
SDKRMSEGRG	0.09
GTRRLSELRV	1.7
PTEAPSPEAR	1.72
SRVTKSGSRG	0.32
VTKSGSRGME	0.32
SDKRLSEGRG	0.55
RGRSDSVDYG	0.42
LKRSVSLTPP	-0.04
GHGWMSHEDL	-0.04
FGQSNSLPTA	-1.5
STSVQNPTRL	0.18
MMETNSTDDE	0.24
METNSTDDEK	0.24
RVRNMSPDEI	0.11
RLGLGTLSSS	-0.81
RLGLGTISGS	0.08
TDEAYSPPPA	1.74
RYRQRSPSPA	0.0
RQRSPSPAPA	1.3
RRRRRSASPP	0.32
RRRSASPPPA	0.32
EETSWSGEER	1.84
RSRFHSPSTT	0.57
KKRPQSPSPR	-0.14
RPQSPSPRRE	-0.14
SRKSQSPSPK	0.25
SSRSYSSERR	0.65
PSRKLSPTEP	-1.14
RFSRISMKLP	0.74
GGLSLSPSPE	0.32
LSLSPSPERR	0.32
AGRAPSPPPP	-0.98
SEAAPSPSKR	-0.98
TVEHGSPRTR	-0.15
SGVENSPAGA	0.08
QHSMQSPQKT	-2.17
YVVPLSPKLP	-1.16
RLRVQSPEPP	0.46
AARMKSLEQD	-0.18
EIYRYSRSLE	1.09
PEDDYSPRER	-0.02
LLPPESPGPL	0.09
PAGTHTPGSR	0.74
KKDDVSPVMQ	0.26
ARSLHSAHSL	0.37
LSRCSSMSSL	0.01
RRNLGSINTE	0.66
REQTLSPTIT	0.08
VAGHESPKIP	-0.19
AGRTTSAGTG	0.52
SYPTNSLTRS	-1.09
PKNHLSPQQG	0.81
TPQVPSPCCR	0.54
MSSQGSDDEQ	1.05
LPDAESDEDE	3.37
QNSSRTLEKN	0.45
SLSQRSPKAS	-0.73
VLGHKTPEPA	0.31
LHKSKSEEAH	3.86
FSFLASDTEE	0.9
FLASDTEEEE	0.9
GIFLGSESDE	1.04
FLGSESDEDS	1.04
IKRCCSPPNE	0.16
YGYNPSPVKP	-0.15
NPEDRSPSPE	1.07
EDRSPSPEPI	1.07
RTMIISPERL	-0.4
ADGGKTPDPK	-0.4
PAGAATPGRG	0.65
PGRGDTPGHA	0.27
TPGHATPGHG	0.01
SSLGQSASET	0.48
LGQSASETEE	0.48
MDGSETPQLF	-1.11
TAYRVSRSPG	0.59
YRVSRSPGAS	0.59
ALRRNSLTGE	0.8
RSQIRSRTPS	-2.0
RSRTPSASND	-1.23
QIRSRTPSAS	-0.74
RSRSFSSSAE	-1.02
GERLQSPLRV	-1.6
VVRTLSSSAQ	2.42
GQADHSPSMT	0.89
SKRSYSLSEL	-0.8
RKLARSCHDL	-0.43
LSDHVSLDGQ	1.18
FNRSSSDMDL	-0.3
IAASSSFRSS	0.25
KLRPRSIEVE	1.14
TKKRHSFTSL	-1.64
AKVIPSPFKH	0.81
GPRAQSPGSP	0.41
AQSPGSPLHA	1.25
KDRCTSPPGL	0.39
KKAPSSPPPP	0.65
KLKSYSEPEK	0.0
SGRCHSADDI	0.56
GRSRSSPSTD	-0.01
LGRRASDGGA	0.63
SMRRHTVGVA	0.27
NSDTTSPELR	0.33
RDKSDSPAIQ	-0.06
LLRSGSDAGE	0.4
RARAHSHEEA	-0.17
RRREVSPAPA	0.1
DGWPRSPGRA	-1.31
RHRSSSEITL	-0.38
PGLERSPGEP	0.15
MIKGKTPEEI	1.69
MQKSVSPLVW	-3.88
NSPRPSPKQS	-0.63
PSPKQSPRNS	-0.63
SPRSRSPARG	-0.13
EKLRRSLPNL	-1.61
DKVQMTWTRE	-0.41
TKAAESPDQK	2.12
PKEEESPV__	3.23
REIKCSPSES	0.51
CSPSESPLME	0.17
GHWVTTPPDI	0.52
RPVPDSPVSV	0.96
PDSPVSVTRL	0.36
AVPVESPVQK	-0.19
TKEKQSSEEE	0.25
KEKQSSEEEE	0.25
EREAFYIKDP	3.44
RRPGASPTGE	1.69
RTSPSSPAPL	0.35
IGKTVSSASR	-0.86
NPDNGSPAMT	-0.66
NLTSSSLNDI	1.59
ISENYSDKSD	-0.04
NYSDKSDIEN	-0.04
THRNLTSSSL	1.04
IPLVRSFADI	0.55
IGKKHSDPHL	-2.25
PFSKESRRRH	0.06
AHKLDSPTMS	-0.09
EAALESPRPA	0.07
KLPQTSDDEK	1.42
PKLPQTSDDE	1.67
TKDSGSISLQ	-1.56
VTNARSPGAK	0.15
RISSKSPGHM	-0.07
VKRSASPDDD	1.85
LPRKSSPKST	-0.82
PSAQKSPTSP	-0.05
QKSPTSPLNM	-0.96
KRKRDSDAGS	0.29
PAEKLSPNPP	0.3
QKTPTSPLKM	-0.26
RKRKLSSSSE	0.27
KRKLSSSSEP	0.27
KLSSSSEPYE	0.27
EEPVRSPERR	0.21
RKRKHSPSPP	-0.77
RKHSPSPPPP	-0.77
TDEVNSPDSD	0.51
KKRKRSPSPS	0.4
RKRSPSPSPT	0.4
RSPSPSPTPE	-0.01
GPPPPSPDGA	-0.25
SPDGASSDAE	-0.25
PDGASSDAEP	2.02
EEFDLSPDQW	0.1
VDRQASTVEY	2.06
SRHLLSPVGR	-1.41
ITRVNSPGTL	-2.42
VQRSTSFGVP	-0.86
LKRSQSFGVA	0.79
IYPPGSPGK_	-1.69
HQRRTSNERP	1.35
KQERLSPEVA	1.53
DHSGGSPSPP	0.57
SGGSPSPPTS	0.57
SKRNRSPHHS	-0.58
QTRSASPSNI	-1.22
KMNIASPGTV	-1.81
GPGKGSPQAG	0.55
LVHSGSGCRS	-0.49
GSGCRSPSLG	-0.84
PRGPPSPPAP	0.35
APVMHSPSRK	-0.34
ESKSMSAPVI	0.46
VKRRFSDFLG	-0.28
IVKSESGYGF	0.43
VRRRYSDFEW	-0.02
TRRAGSPPGP	-1.58
CAAGTSPVGE	1.62
VVRRRSFSIS	0.76
RRRSFSISPV	0.76
RSFSISPVRL	0.76
VRLRRSRTPL	-0.96
LRRRFSRSPI	-1.32
RRFSRSPIRR	-1.32
LRRSRTPLRR	-0.96
QQKRLSSLSD	-0.07
VKRSATLPLP	-0.38
PQLPTSPRLT	0.07
QDHDFSESSE	0.24
HDFSESSEEE	-0.48
DFSESSEEEA	-0.48
HLRWHSGERP	-2.94
KLHQLSGSDQ	-2.65
HQLSGSDQLE	-2.82
KQRSASQSSL	0.84
SASQSSLDKL	0.84
FTFSQSTPIG	-0.23
MSKSKSDNQI	2.04
RSRKGSSGNA	0.31
LVRAGSRILD	0.4
QQKAASLDER	0.0
EDPIGSPRLL	0.14
LSVKGSPKVD	-0.28
PGEVPSDSDE	-0.26
EVPSDSDEDG	-0.26
IERSQSPVHL	0.72
LPRAKSELTL	0.15
TQSQITPPGT	-0.9
DPEPPSPDSP	0.77
PPSPDSPTET	0.77
KLRPVSPEEI	-0.43
PQRRHSIEKE	1.85
LKRDRSFSEH	1.25
KANDESNEHS	-1.74
ELDSASSEVN	-2.97
DSKTASPWKS	-0.47
NERWRSLQQL	1.32
NQAWSSLGKR	1.32
KRRPPSPEPS	1.3
SSRAQTLPTS	0.36
LQRKLTGMER	-0.52
QYSKHPPPL_	0.59
PPGNWSPRPP	-0.16
RLTPVSPESS	1.12
KRSRLTPVSP	-0.24
SASPGSPSVR	-0.51
LNSPDSPPRS	1.31
IRRSTSSSSD	-0.87
ISRHSSLKNR	-0.8
IPKKGTVEGF	0.89
PRHRRSRSPV	0.22
HRRSRSPVRR	0.22
KTRRLSPSAS	1.17
RRLSPSASPP	-0.82
LSPSASPPRR	1.17
RRHRPSPPAT	1.68
PKTRHSPTPQ	0.95
RKSRVSVSPG	-0.69
SRVSVSPGRT	-0.69
TEKRESPSPA	1.44
KRESPSPAPK	-0.65
RKVELSESEE	0.45
VELSESEEDK	0.36
RRRRHSPSRS	1.7
RRHSPSRSAS	1.7
HSPSRSASPS	1.7
PSRSASPSPR	1.7
GRRRRSPSPP	0.14
RRRSPSPPPT	0.14
TRRRRSPSPA	0.7
RRRSPSPAPP	-0.46
RRRTPSPPPR	0.62
SPRRYSPPIQ	0.62
IQRRYSPSPP	-0.64
RRYSPSPPPK	-0.64
KRRTASPPPP	0.99
PKRRASPSPP	1.03
RRASPSPPPK	1.03
PKRRVSHSPP	1.02
RRVSHSPPPK	1.02
PPKQRSSPVT	-2.99
VTKRRSPSLS	0.11
KRRSPSLSSK	0.11
PNKRHSPSPR	0.8
KRHSPSPRPR	0.8
PQTSSSPPPV	1.3
PQRRQSPSPS	3.18
RRQSPSPSTR	0.69
PIRRVSRTPE	0.38
IKKAASPSPQ	-1.99
KAASPSPQSV	-1.99
SVRRVSSSRS	-0.01
VRRVSSSRSV	-0.01
SSRSVSGSPE	-0.23
RSVSGSPEPA	0.58
PPAPPSPVQS	0.58
PVQSQSPSTN	0.58
KKETESEAED	2.26
PSPPATPPPK	-0.44
TRHSPTPQQS	0.26
PRRRRTPTPP	0.55
RRRTPTPPPR	0.55
PPRRRTPSPP	0.62
PPKRRTASPP	0.99
RRVSRTPEPK	0.38
SQSPSTNWSP	0.45
EPKKETESEA	0.92
LSGSKSPCPQ	0.17
GQSQTSPDHR	1.12
SPDHRSDTSS	1.12
HRSDTSSPEV	1.12
RSDTSSPEVR	1.12
QSHSESPSLQ	1.12
RSRSSSPVTE	-0.4
ELASRSPIRQ	-0.01
LKSGMSPEQS	0.01
EDATASPPRQ	-0.58
QKDKFSPFPV	0.94
KELSNSPLRE	0.05
RSSGHSSSEL	0.38
SSGHSSSELS	0.3
NQSISSPVLD	0.2
RERSSSASSP	0.9
FGISDSYVDG	-1.94
RSRSGSSPGL	-0.27
SRSGSSPGLR	0.61
TPRPRSRSPS	-2.37
RERSGSESSV	-1.54
RSGSESSVDQ	-2.2
SGSESSVDQK	-1.48
PLGQRSRSGS	-1.81
GQRSRSGSSQ	-0.5
RSRSGSSQEL	-0.55
RQRSRSGSSP	-0.94
RSRSGSSPEV	-0.94
EVDSKSRLSP	-2.11
SKSRLSPRRS	-2.11
RSRSGSSPEV	-1.19
SRSGSSPEVK	-0.71
RSRSGSSSKG	-0.89
SRSGSSSKGR	-0.89
RSGSSSKGRG	-0.89
TARRGSRSSP	-0.85
RRGSRSSPEP	-0.85
RGSRSSPEPK	0.08
PRRRSSRSSP	-0.05
RRSSRSSPEL	-0.05
RSSRSSPELT	-0.38
PRHRRSPSVS	2.35
HRRSPSVSSP	2.35
RSPSVSSPEP	2.35
SPSVSSPEPA	2.35
RRRSASSPRT	-2.37
RRSASSPRTK	-2.37
SRRGRSPSPK	0.51
RGRSPSPKPR	0.51
RGLQRSRSRS	-0.84
LQRSRSRSRR	-0.84
RRRGGSGYHS	-0.16
GSGYHSRSPA	-0.46
GYHSRSPARQ	-0.46
RRRGRSRTPP	-0.16
SRSRTSPAPW	0.73
APWKRSRSRA	-1.3
ATHRRSRSRT	-1.23
HRRSRSRTPL	-1.23
ISRRRSRSRT	-0.25
RRRSRSRTSP	-0.25
SRSRTSPVSR	0.22
SRSRTSVTRR	0.11
VTRRRSRSRA	0.26
RRRSRSRASP	0.26
SRSRASPVSR	0.26
VSRRRSRSRT	-0.25
RRRSRSRTPP	-1.38
SRSRTSPITR	0.83
ITRRRSRSRT	0.33
RRRSRSRTSP	0.33
SRSRTSPVTR	0.33
VTRRRSRSRT	-0.64
RRRSRSRTPP	-1.11
AIRRRSRSRT	0.85
RRRSRSRTPL	-0.39
LPRKRSRSRS	0.51
RKRSRSRSPL	0.75
RSRSRSPLAI	-1.7
ARGKRSLTRS	1.22
RSLTRSPPAI	-1.71
ATRNHSGSRT	-1.38
RNHSGSRTPP	-1.96
CFSRPSMSPT	-0.48
SRPSMSPTPL	-0.66
LDRCRSPGML	-0.82
AMNLASPRTA	-0.54
GANLTSPRVP	-2.32
VSGRTSPPLL	-0.34
LDRARSRTPP	-0.87
SERAPSPSSR	0.21
QDQPRSPVPS	-0.45
KKRKRSRSTT	0.0
RKRSRSTTPA	0.0
LKRVPSPTPA	1.42
DSRSLSYSPV	-0.29
RSLSYSPVER	-0.47
RRETPSPRPM	-0.51
SATRPSPSPE	-0.27
TRPSPSPERS	-2.78
VSRHASSSPE	0.99
SRHASSSPES	0.99
RHASSSPESP	0.99
SSSPESPKPA	0.99
SHREISSSPT	0.59
REISSSPTSK	0.59
RRMGRSRSPA	0.52
MGRSRSPATA	0.52
TKRGHSRSRS	0.83
RGHSRSRSPQ	0.83
HSRSRSPQWR	0.83
QRWGRSRSPQ	0.07
WGRSRSPQRR	0.07
QRRGRSRSPQ	-0.62
RGRSRSPQRP	-0.62
ATRGRSRSRT	1.11
RGRSRSRTPA	1.11
PRRGRSRSRS	0.05
RGRSRSRSLV	0.05
RSRSRSLVRR	0.05
RSRSNSSPEM	-1.27
SRSNSSPEMK	-1.27
RSRSLSSPRS	-1.57
SRSLSSPRSK	-1.57
LSLRRSLSGS	0.49
LRRSLSGSSP	-1.48
RSLSGSSPCP	-1.48
SLSGSSPCPK	-0.47
CPKQKSQTPP	0.89
TPPRRSRSGS	-0.13
QPKAKSRTPP	-0.09
RRSRSSSSPP	-0.58
SRSSSSPPPK	-0.58
QGSITSPQAN	0.31
RSCFESSPDP	0.96
SCFESSPDPE	1.42
DPELKSRTPS	0.77
TPSRHSCSGS	-0.05
SCSGSSPPRV	1.83
TPPRQSPSRS	-0.07
PSRSSSPQPK	-0.6
VKAIISPRQR	0.21
TTPRRSRSVS	-0.02
PRRSRSVSPC	-0.83
RSRSVSPCSN	-1.42
SVSPCSNVES	-1.88
PRYSHSGSSS	0.26
HSGSSSPDTK	0.26
QSHSGSISPY	-0.91
HSGSISPYPK	-0.91
KVKAQTPPGP	0.17
GVKSSTPPGE	-0.59
DAVPRTPSRE	-1.36
DGLPRTPSRR	-0.9
KALPQTPRPR	-2.37
KTVARTPLGQ	-1.67
RGRSRTPPTS	-0.16
RSRSRTPLIS	-1.23
RSRSRTPPVT	-1.38
RSRSRTSPIT	-0.09
RSRSRTSPVT	-0.22
RSRSRTPPAI	-1.11
RSRSRTPLLP	-0.39
GKRSLTRSPP	-1.71
HSGSRTPPVA	-1.96
RARSRTPPSA	-0.87
KRRRETPSPR	-0.51
KQKSQTPPRR	0.89
KAKSRTPPRR	-0.09
KVKSGTPPRQ	0.87
NEQSVTPQRR	0.21
RVKSSTPPRQ	-0.07
KVKPETPPRQ	-0.91
RECELSPGVN	0.44
RRERFSPPRH	0.56
PRHELSPPQK	0.56
ASEPGTPPLP	1.17
VDGPRSPSYG	0.57
GPRSPSYGRS	-0.95
RSRSYSPRRS	-0.64
YSPRRSRGSP	-0.64
RRSRGSPRYS	0.66
GSPRYSPRHS	0.66
YSPRHSRSRS	-1.48
PRHSRSRSRT	-1.48
RSRSRSFDYN	0.28
YNYRRSYSPR	0.91
YRRSYSPRNS	0.91
SRSWTSPKSS	0.83
PKRKLSRSPS	0.88
RKLSRSPSPR	0.88
LSRSPSPRRH	0.88
DYRRRSPPPR	-0.57
RRRERSLSRE	0.41
RERSLSRERN	0.41
RNHKPSRSFS	0.52
HKPSRSFSRS	0.52
_MHRDSCPLD	1.68
TSHRRSYSGS	1.23
HRRSYSGSRS	1.23
KSRSRSQSRS	0.85
RSRSQSRSNS	0.85
RSQSRSNSPL	-2.1
QSRSNSPLPV	-2.1
PSKARSVSPP	1.75
KARSVSPPPK	1.75
RSRSISLRRS	-1.68
ISLRRSRSAS	-1.68
RSRSASLRRS	-0.83
ASLRRSRSGS	-0.83
LRRSRSGSIK	-0.56
RSRSGSIKGS	-0.56
PRRSASPERM	-0.65
YGYSRSRSGS	-0.62
RSRSGSRGRD	0.03
SRGRDSPYQS	-0.22
YQSRGSPHYF	-0.01
SPHYFSPFRP	-0.73
KTKFASDDEH	1.14
NPFYNTM___	-0.73
VTRKLSEADN	0.34
DEYADSDEDQ	3.77
VSSDESSSGE	-0.25
SSDESSSGEN	-0.25
PSYDEYADSD	0.51
__MPSSPLRV	-1.48
KKGDDSDEED	1.86
GDRNGSPGGT	-0.12
GDLQNSPPPA	-0.4
MHEFHSQENL	1.04
FPKALSIESL	-0.02
NLLPMSPEEF	2.7
IDLPMSPRTL	-0.82
RDLTHSDSES	0.34
KSRPVSMDAR	1.88
QGGDLSPAAN	0.13
RVRRASISEP	0.16
RRASISEPSD	-0.08
SISEPSDTDP	-0.08
AGRGLSGPCR	-1.92
EEEENSDEDE	3.41
KLLTRTPDIA	0.84
DDEENSEEDE	2.44
LEKRASGQAF	-1.79
FELILSPRSK	-2.06
PEFPLSPPKK	-1.18
NMRAASPPAS	-2.06
CTVDGSPHEL	-1.31
GGGGGSPGPT	3.35
PPVEDSSDED	1.48
PVEDSSDEDD	1.48
GAGGGSPEKS	0.38
GSPEKSPSAQ	0.19
DENYNSVNTR	0.95
RQGDDSSDEE	0.26
QGDDSSDEED	0.26
ASSRVSGSFP	1.66
TSRALSSSKQ	-0.57
QHGYDSDEEV	3.43
NMKRLSPAPQ	-1.05
GFAPMSPRIS	0.35
PVPGITPSSS	0.42
DGDGPRPREA	1.74
SAKELSPAAL	0.56
SEFLESEDGE	1.62
MKRKFSLRAA	0.2
QAHDLSPAAE	1.39
NARYQTQPVT	-0.52
AVRPKTPPVV	0.54
ESRRLSAQFE	0.38
SEDEEGQDDK	0.94
SRALPSEDEE	0.94
IIRSKTPTGP	0.39
DEKEASENET	3.39
LGQRESPGEL	0.46
___MESGAYG	1.17
VKKSASDASI	-0.55
NVRTFSPTYG	-2.18
HIMSRSPMVE	-0.74
PRDRASPAAA	0.53
LARCPSPTMS	-0.33
SPRAASPAKP	-0.64
HKRSLSLGDK	-0.1
ETSFGSSENI	-0.69
KRILGSASPE	1.51
ILGSASPEEE	1.51
SRKSKSPPKV	-0.77
AGGRLSPENN	1.96
SIRSPSLSD_	-0.15
RSPSLSD___	-0.15
KKYIESPDVE	0.86
TNRGASQAGM	-0.94
KGVSMSLPSS	-2.09
MSLPSSPLLP	-2.09
KASSPSGKMG	-0.16
SVGGDSDTED	0.26
FRRQQSKSNN	1.28
GGNARSPEDQ	0.82
APRSRSPLLV	-1.14
RVFPLSPASN	-1.96
RRRSAEPSDR	0.55
MRKSFSQPGL	-0.52
LMRYHSVSTE	1.06
APAAPSPPPR	2.06
AGGAPSPPPP	0.48
EMEKGSPSLR	1.6
YARKDSSSVV	1.09
SEGCASEDEV	0.92
RRRHASAPSH	0.0
RGRLGSVDSF	-0.58
VERQFSTASD	1.07
QFSTASDHEQ	1.24
PASPASPLSS	-1.22
LFQKNSPMED	0.95
ERQFSTASDH	1.07
EKLKMSPGRS	-0.46
GQRSLTPPPS	1.04
AAARAPSAKG	-1.3
RKRKLSGDQP	-0.24
GEASVSPEKT	-2.38
VSTKESPARK	-1.32
APAKESPRKG	0.15
APAKESPRKG	-1.15
AASGTTPQKS	-0.79
KVGDVTPQVK	-1.93
VQRPHSSPPR	0.43
ELSMGSPGPV	-1.07
QALPASPALK	-0.17
GDAPVSPSSQ	-0.85
AKRRLSTLIL	0.38
ELSGSSPKRR	-1.49
PPEPGSPAPG	1.07
IGLDESELDS	0.03
ESELDSEAEL	0.03
SGSLKSPVPR	0.16
SQDDESDSDA	1.04
DDESDSDAEE	1.04
AVSELSPRER	1.06
SPRERSPALK	-2.05
SPALKSPLQS	-2.05
EKGSFSDTGL	2.25
FRGSQSPKRY	1.62
RSRSRSYSPA	0.74
QEKSSSPPPR	0.28
RSRSYSPAHN	0.74
NVRMDSFDED	1.36
RRIDISPSTF	0.7
HDEMKSPREP	2.1
EKQRKTEELE	1.21
WDPEYTPKSK	-1.12
RERSMSTLTP	-0.17
KDQQPSGSEG	1.35
QQPSGSEGED	1.35
PGEQGSDEEH	1.8
KAGLASPEEE	0.06
RQLLDSDEEQ	2.97
PVFSESLSD_	0.47
DPEPVSDNEE	2.78
DNEEDSYDEE	2.78
KAIPVSPSAV	1.46
ASRERSLSPR	0.24
RERSLSPRSD	0.24
RRSVASSQPA	-0.42
RSVASSQPAK	-0.44
PRRSRSRSPD	-0.23
RSRSRSPDQR	0.48
RNLRKSREDL	0.51
IHRIDSPGFK	0.05
RGSYGSDAEE	0.28
GGRSRSWEDS	0.85
RSWEDSPERG	-0.01
RSRGRSLERG	0.06
YERAYSPEYR	0.62
SIRKPSPEPR	-0.02
KKILATPPQE	1.29
LNRCVSCLPG	3.39
SKRLLSDSLP	-1.26
ELVQASRGTP	0.42
HSRTVSDSIK	0.98
QNAAGSQEKL	-0.28
LEDSVSPKKS	-0.63
QASRGTPQDL	0.41
KTLLLSSDDE	-2.31
TLLLSSDDEF	-2.31
LRRRGSDPAS	0.38
LQAAKKVHTS	-1.41
EQGTESRSST	0.28
ESRSSTPLPT	0.62
AIRQRSLGPS	1.1
SQASPSEDEE	1.29
HQRSKSDPSR	-0.94
SRLVRSPSPH	-2.55
LVRSPSPHSC	-2.55
EGNADSAMS_	-0.33
GQQDWSRDFC	3.92
SGAGFSPSSK	-0.01
ASRVPSSDEE	0.45
SRVPSSDEEV	0.16
RPRNRSAEEG	1.31
LFRGWSQEGP	2.04
DLCRASPEPP	1.71
DDLLASPPPS	-0.69
LGTQRSQEAD	1.66
FGKRDSLGTY	1.43
HHGRYSSQDA	0.9
HGRYSSQDAD	0.07
PAQLGTQRSQ	1.42
SDINGKGSTG	1.07
GSFVSPSPLS	-3.27
LSADSTSVGS	-3.0
DQGPRTPTQP	-1.88
LGRHPGAHQG	-0.14
ASGLHSNAIA	-1.56
ALASERETDI	-1.01
SPILSADSTS	-3.0
GASPRSPVPT	-0.9
LPRSFSLDPL	0.67
KVMIGSPKKV	-0.55
KVRKKSSSDP	-0.44
GRQGSSAEQP	-0.06
RLRKLSLGQY	-1.23
VGMSESPIGP	-2.62
DLDMLSPIHT	0.81
LPNLSSPSAE	1.22
LDLSPSPRMP	0.27
KNRVPSAGDV	0.77
PEGRASPAPG	0.31
AHVRVSPGQA	-0.55
AEVLPSPRGQ	-3.06
KSKGESDDFH	-0.17
KYLEESDEDD	1.43
KKRKASGSEN	-0.91
RKASGSENEG	-0.91
GDRVYSPYNH	0.73
LRDSHSSEED	0.3
RDSHSSEEDE	0.3
PMKPISPVKD	0.84
VKDPVSPASQ	0.56
IQGPSSPQGE	0.21
GDDTESLHSQ	1.28
TESLHSQGEE	1.28
GPGKLSPRKG	-0.46
GIEDISPNLS	-2.71
ISPNLSPDDK	-2.71
LRRSDSPEIP	0.42
EDMPFSPKAS	0.41
DLVAPSPDAF	0.01
IEPKNSPEDL	2.0
DTEPMSPVLN	3.03
LRKNQSSEDI	-0.47
LMKKHSQTDL	-2.01
SATFKSFEDR	-0.15
PRAPQSPRRP	0.92
ELAAMSPTAA	0.54
LTVPVSPKFS	-2.8
RSRSHSPMSN	0.82
YRRRRSRSHS	0.82
RRRSRSHSPM	0.82
TKRAHTPTPG	-0.13
RSRSYTPEYR	-0.07
IYRRRSPSPY	0.57
RRRSPSPYYS	-0.95
RSRSRSYSPR	-0.36
RSRSYSPRRY	-0.45
RSRSRSYSRD	-0.76
RSRSYSRDYR	-0.76
YRRRHSHSHS	-1.25
RRHSHSHSPM	-1.59
HSHSHSPMST	-1.59
TKRPHTPTPG	1.02
VKRQDSMEAL	0.44
QPQETSPELP	-2.24
PGCQPSSPCV	-2.35
RLHPPSPVPQ	0.66
EDNKFSDDSD	1.03
KFSDDSDDDF	1.03
KKRLKSIEER	0.78
DHPLQPPVRD	0.77
RASAPSPNAQ	0.98
VKRSRSGEGE	1.35
SAAASSPAGG	0.7
GPRLASPSGS	0.16
RKRLKSDERP	0.81
GGIPASPIDP	1.87
REVKLSPEGQ	1.48
PVRRLSSGKA	-0.66
VRRLSSGKAD	-0.66
LKKSTSWHTA	1.05
SNRGDSLSRH	0.72
EDERESTDDE	2.64
APTKTSPRNA	-2.45
RSRSASSPSP	-1.13
SRSASSPSPR	-2.43
SASSPSPRRS	-2.43
STKKRSESPP	0.0
KKRSESPPAE	0.16
VKRSASPDYN	0.53
DERESTDDES	0.8
RGRAQTAPTK	-2.45
PNMLLSEEET	0.5
EEETES____	0.52
RRRRGSGVFC	0.44
FGRSQSLPGA	3.22
RGGFDSPFYR	-0.52
RVRSMSGGHG	-1.06
RARSTSLNER	-0.47
GSGARTPPLS	1.13
DVNSSSPVML	0.53
HRSPASPRVP	-1.73
RNKSSSPEDP	-0.79
ERLPNSIASR	1.11
TMKKQSGMHL	0.84
IKTKRSIQFV	0.86
LTSRGSQQYR	0.24
FTRRGSMFYD	0.54
SSGYQSDHKK	0.45
KKRKHSEEAE	-0.41
PPLKCSPKRK	-2.13
RHIALSPRYL	-1.77
EEAEFTPPLK	-0.41
ENDPGSNEDT	3.34
GGLIRSPRHE	-0.49
RKRRHSTSPS	-0.34
RRHSTSPSPS	-0.34
HSTSPSPSRS	-0.34
GRRVKSPSPK	0.26
RVKSPSPKSE	0.26
KKRRVSGPDP	0.41
KKRAPSPLPK	1.55
PPPPSSPLPS	-1.7
SAPQMSPGSS	0.02
SSISSSPQKD	-1.65
KNTSMSPRQR	-1.63
GRYRGSVHFG	0.22
TGSPTSPTVE	0.56
IHGEDSDSEG	-0.75
GEDSDSEGEE	-0.75
LSRSQSMDID	2.52
SSLSSSPSNS	-0.76
QVRTGSTSSK	0.05
QYRALSVLGC	3.16
QQRRISQSQP	0.93
QSRDLSLEVD	1.11
WVKSLSPQDR	-0.49
RKRQASESSS	-1.21
RKRTTSQCKS	-1.71
VEPSPSPIKP	-1.33
SGEGQSLRKK	0.59
PSRAGSPRRT	-1.97
ERNLQSPTQF	-2.08
FGRSFSTSRL	-2.1
ERRAISPTSS	-0.77
PYYHNSKDRR	0.69
GVTGLSQY__	-0.83
VCVGGSPSRM	0.06
KNRPGSALEK	0.33
HRRGQSPLPR	-0.01
RTHPYSPKSE	2.19
GQPEGGPGAD	-0.79
IMEEESEQ__	1.04
PSTPKSPGAS	-0.2
ADEGESESED	0.61
EGESESEDDD	0.61
QGGGGSPRKK	-0.5
VSDQNSPVLP	0.86
QHKPLTPQGD	1.37
GSSSSSPEHS	0.92
RARAVSPAPQ	-0.82
EVDEDSEPER	1.56
LLPEQSPVSY	0.4
QHKPLTPQGD	1.37
LKRSYSSPDI	0.01
LERSHSARMT	0.02
LERSHSARMT	0.02
KETVNSPAIY	-1.18
NGQPGTPDPA	2.4
SGGIPSPDKG	-1.73
LLEDDSDEEE	1.4
EKNSTTLPRM	0.85
AAAAASPPLL	-0.35
RGQGSSPVAM	0.75
RGEGESPQAR	0.53
VAGATSIARR	0.25
AQMLQSDPYS	3.19
FLDSGYRILG	0.26
TNRPNSIDPA	0.65
LAIRESIESE	-0.36
LKFGMTPSKG	0.16
FDSSFSPNTG	0.49
FDTTFSPNTG	0.86
AEDKRSQEET	1.05
RRQVQSLTCE	-1.24
STRTYSLGSA	-1.38
TYSLGSALRP	-3.36
ETNLDSLPLV	1.63
VINETSQHHD	-2.35
SLYASSPGGV	-3.49
STRSVSSSSY	0.04
VRLRSSVPGV	-1.69
SHDRDSPPPP	1.33
LSEPSSPGRT	0.49
DQFNGSPPRP	1.02
EVSIGSAPLA	0.59
KEDEVSIGSA	0.59
DSRAQSPVSG	0.36
HQRFESPESQ	-1.91
GHEPVSPRSL	-1.1
SSSQRSPSPG	-1.13
SQRSPSPGPN	-1.13
DAGDPSPPNK	-0.63
LRRSDSPENK	0.63
PAGAVSVFLG	-2.05
VFGAASVPSM	-2.05
QKGLFSDEED	0.42
SALLFSSDEE	0.3
ALLFSSDEED	0.3
VFLGDTDVFG	-0.26
PAGAVSVFLG	-2.05
VFGAASVPSL	-2.05
QKGLFSDEED	0.42
SALLFSSDEE	0.3
ALLFSSDEED	0.3
VFLGDTDVFG	-0.26
LSRVSSGFGL	-0.56
RPRQRSHILE	0.18
EDDENSVDIS	0.54
RYGPLSEPGS	-0.24
SARAYSNSIV	0.2
LSKRNSTDSR	0.98
LPRSNSLPHS	-0.3
KKKRLSQSDE	0.05
IRRTNSSEQE	1.37
ESKRKSGGNE	-1.66
RPRSNSGREL	0.6
DQDDPSSSDD	1.86
QDDPSSSDDE	1.86
DDPSSSDDEG	1.86
KNRELRPQRP	-0.04
MHRAVSPTEP	0.82
SKARGSPPTS	-0.55
FAQVESDDEE	2.92
_MRKETPPPL	1.08
ASLSQSPRVG	-1.37
LTRASSAGPE	1.12
LERLVSSESK	1.25
VKPPPSPVNI	0.07
LNRSDSDSST	0.86
IIRSKTFSPG	-0.25
LNRSDSDSST	0.25
PDLRCSPVNS	-0.51
IVRSQTFSPG	-1.0
ELAEERAKLE	-0.82
HVRSHSSPAS	-0.62
KDEALSDGDD	3.56
QQLLASPGSS	1.1
EKIMATPEQV	1.3
PHALGSRNSP	-1.72
RKAEDSDSEP	0.61
AEDSDSEPEP	0.61
EPKSHSRQAS	-1.31
HSRQASTDAG	-1.31
HVRAHSSPAS	-1.36
PLAPQSPQGG	-2.82
PSTANSPKCQ	-1.98
QNPVSSPGMS	-0.08
PRRAGSQERG	1.79
LRRAGSRERI	0.27
LFRPPSPAPA	-3.93
AVQAASPERA	-1.06
ERRAKSPTPD	0.57
RARGISPIVF	-0.78
SHHGGSPIHW	0.54
RAKSPTPDGS	0.57
RLRSFSASQS	0.21
DREGASPVTE	-0.01
PAQPSSPDAR	0.63
PPVPASPTCN	-0.24
SGRLRSPSND	-0.3
RLRSPSNDSA	-0.3
IKKEVSPEVV	0.88
VRSKLSPSPS	-0.75
SKLSPSPSLR	-0.75
TSAVSSPLLD	-0.33
GPRTPSPPPP	-0.16
KPRSTSPAGQ	-0.16
AGQHHSPISS	-0.16
SIQRHSPSPR	-0.47
QRHSPSPRRK	-0.47
FVHGPSPRGK	-2.37
SNYRRSPERP	1.19
YRNEGSPSPR	-1.15
NEGSPSPRQS	-1.15
PSPRQSPKRR	-1.15
ESRSLSPSHL	0.22
DGQVFSPKKG	-0.07
KKGPRTPSPP	-0.16
YQRTLTPPLR	0.93
PDKPASPKFI	0.79
RIPVLSPKPA	-0.96
LGVSVSPSRA	-1.09
KRPNTSPDRG	0.09
GGRLGSPKPE	-1.47
RKRQLSPQSK	0.34
KYREYSPPYA	0.27
APNWKSLTSW	-2.62
NTDNSSPSTE	1.68
PLVPESPRRM	-0.2
QDATFSPGSE	-1.55
TFSPGSEQAE	-1.55
EQAEKSPGPI	-0.99
VSRTRSWDSS	0.48
SWDSSSPVDR	-0.69
EPEAASPTTR	-1.32
LEVPSSPLRK	-1.43
RARLCSSSSS	-0.61
LCSSSSSDTS	-0.46
HLKEDSSEAS	-0.51
LKEDSSEASS	-0.51
DSSEASSQEE	-0.51
SSEASSQEED	-0.51
FPADTSPSTA	-0.68
LSRGDSLKEP	0.53
THREPSPVRY	-1.01
KLLRQSPPLP	-1.56
SCGTDSQSEN	-3.53
GTDSQSENEA	-3.14
SENEASPVKR	-3.14
NSGRMSPMGT	0.26
MRLDSSPVSS	-2.44
IFSRLSISDD	-1.04
RDRSFSEGGE	0.09
KRRRDSDGVD	1.32
AERKVSPIKI	-2.99
GVDSLSPVAS	-0.22
ELDEDTD___	2.46
APTAPTPPPP	0.14
VTQHESDNEN	0.66
LAKAKSEDSD	0.81
AKSEDSDVEL	0.81
SDVELSD___	0.81
FDMTASPKIL	-0.08
HVPENSDTEQ	-0.73
PENSDTEQDV	-0.73
SRLRRSLDDK	2.42
QRVNASPAGR	-0.05
GGDAKSPVLQ	1.96
SPAHRSPTVL	0.28
SVRIPSPNIL	1.13
DTHPGSPGSP	-1.05
KPIGVSKPVT	-0.24
KPVGVSKPIG	-0.24
LVEPHSPSPS	-2.72
EPHSPSPSSK	-2.72
AQPSMSPKKA	-1.64
QVTEQSPKVQ	-1.09
AVIVSSPKAK	-1.83
MYRPRSRSPR	-1.97
RPRSRSPRIC	-1.97
NPFRGSPKCF	-0.32
PKCFRSVSPE	-0.32
CFRSVSPERM	-0.59
QEAAGSPRVQ	-0.04
AAEARSPAPG	-0.32
IHVSRSPTRP	-0.78
QLGAQSPGRG	-1.6
GKSCDSPLNL	-1.86
RGCSAPPSRL	-1.1
RLVIGSLPAH	0.02
APRSRSLGGA	-1.64
KTEEDGPANT	1.51
KERARSPDLG	0.93
GRGWGSPGRP	-0.37
GDSEPPPAPG	-3.2
GPPASSPAPA	-1.56
PAPKFSPVTP	-2.16
VASKFSPGAP	-3.84
SAGTGSPQPP	-3.95
LLSFRSMEEA	0.06
